Datetime,Open,High,Low,Close,Volume,Dividends,Stock Splits
2019-12-18 11:00:00-05:00,1523.94,1524.0,1523.84,1523.88,0,0,0
2019-12-18 11:01:00-05:00,1523.84,1523.87,1523.69,1523.75,0,0,0
2019-12-18 11:02:00-05:00,1523.76,1523.76,1523.51,1523.53,0,0,0
2019-12-18 11:03:00-05:00,1523.54,1523.6,1523.47,1523.6,0,0,0
2019-12-18 11:04:00-05:00,1523.62,1523.9,1523.62,1523.9,0,0,0
2019-12-18 11:05:00-05:00,1523.9,1524.12,1523.83,1524.12,0,0,0
2019-12-18 11:06:00-05:00,1524.11,1524.19,1524.06,1524.06,0,0,0
2019-12-18 11:07:00-05:00,1524.03,1524.03,1523.94,1523.94,0,0,0
2019-12-18 11:08:00-05:00,1523.85,1523.85,1523.54,1523.58,0,0,0
2019-12-18 11:09:00-05:00,1523.63,1523.66,1523.42,1523.56,0,0,0
2019-12-18 11:10:00-05:00,1523.6,1523.6,1523.45,1523.45,0,0,0
2019-12-18 11:11:00-05:00,1523.45,1523.47,1523.36,1523.36,0,0,0
2019-12-18 11:12:00-05:00,1523.38,1523.48,1523.37,1523.48,0,0,0
2019-12-18 11:13:00-05:00,1523.49,1523.5,1523.45,1523.5,0,0,0
2019-12-18 11:14:00-05:00,1523.53,1523.79,1523.53,1523.79,0,0,0
2019-12-18 11:15:00-05:00,1523.74,1523.74,1523.59,1523.72,0,0,0
2019-12-18 11:16:00-05:00,1523.67,1523.76,1523.67,1523.73,0,0,0
2019-12-18 11:17:00-05:00,1523.58,1523.84,1523.58,1523.78,0,0,0
2019-12-18 11:18:00-05:00,1523.74,1523.74,1523.63,1523.74,0,0,0
2019-12-18 11:19:00-05:00,1523.87,1523.95,1523.82,1523.93,0,0,0
2019-12-18 11:20:00-05:00,1523.99,1524.02,1523.99,1524.02,0,0,0
2019-12-18 11:21:00-05:00,1523.96,1523.97,1523.96,1523.97,0,0,0
2019-12-18 11:22:00-05:00,1523.97,1524.0,1523.92,1523.98,0,0,0
2019-12-18 11:23:00-05:00,1524.0,1524.0,1523.84,1523.88,0,0,0
2019-12-18 11:24:00-05:00,1523.94,1523.98,1523.88,1523.97,0,0,0
2019-12-18 11:25:00-05:00,1523.95,1524.04,1523.95,1524.02,0,0,0
2019-12-18 11:26:00-05:00,1524.06,1524.28,1524.06,1524.22,0,0,0
2019-12-18 11:27:00-05:00,1524.24,1524.36,1524.24,1524.33,0,0,0
2019-12-18 11:28:00-05:00,1524.28,1524.28,1524.16,1524.23,0,0,0
2019-12-18 11:29:00-05:00,1524.28,1524.28,1523.79,1523.79,0,0,0
2019-12-18 11:30:00-05:00,1523.79,1523.81,1523.79,1523.81,0,0,0
2019-12-18 11:31:00-05:00,1523.81,1523.81,1523.81,1523.81,0,0,0
2019-12-18 11:32:00-05:00,1523.81,1523.81,1523.81,1523.81,0,0,0
2019-12-18 11:33:00-05:00,1523.81,1523.81,1523.81,1523.81,0,0,0
2019-12-18 11:34:00-05:00,1523.81,1523.81,1523.81,1523.81,0,0,0
2019-12-18 11:35:00-05:00,1523.81,1524.03,1523.56,1524.01,0,0,0
2019-12-18 11:36:00-05:00,1523.95,1523.95,1523.95,1523.95,0,0,0
2019-12-18 11:37:00-05:00,1523.95,1523.95,1523.95,1523.95,0,0,0
2019-12-18 11:38:00-05:00,1523.95,1523.95,1523.95,1523.95,0,0,0
2019-12-18 11:39:00-05:00,1523.95,1523.95,1523.95,1523.95,0,0,0
2019-12-18 11:40:00-05:00,1523.95,1523.95,1523.95,1523.95,0,0,0
2019-12-18 11:41:00-05:00,1523.95,1523.95,1523.95,1523.95,0,0,0
2019-12-18 11:42:00-05:00,1523.95,1523.95,1523.95,1523.95,0,0,0
2019-12-18 11:43:00-05:00,1523.95,1523.95,1523.95,1523.95,0,0,0
2019-12-18 11:44:00-05:00,1523.95,1523.95,1523.95,1523.95,0,0,0
2019-12-18 11:45:00-05:00,1523.95,1523.95,1523.95,1523.95,0,0,0
2019-12-18 11:46:00-05:00,1523.95,1523.95,1523.95,1523.95,0,0,0
2019-12-18 11:47:00-05:00,1523.95,1523.95,1523.95,1523.95,0,0,0
2019-12-18 11:48:00-05:00,1523.95,1523.95,1523.95,1523.95,0,0,0
2019-12-18 11:49:00-05:00,1523.95,1523.95,1523.95,1523.95,0,0,0
2019-12-18 11:50:00-05:00,1523.95,1523.95,1523.95,1523.95,0,0,0
2019-12-18 11:51:00-05:00,1523.95,1523.95,1523.95,1523.95,0,0,0
2019-12-18 11:52:00-05:00,1523.95,1523.95,1523.95,1523.95,0,0,0
2019-12-18 11:53:00-05:00,1523.95,1523.95,1523.95,1523.95,0,0,0
2019-12-18 11:54:00-05:00,1523.95,1523.95,1523.95,1523.95,0,0,0
2019-12-18 11:55:00-05:00,1523.95,1523.95,1523.95,1523.95,0,0,0
2019-12-18 11:56:00-05:00,1523.95,1523.95,1523.95,1523.95,0,0,0
2019-12-18 11:57:00-05:00,1523.95,1523.95,1523.95,1523.95,0,0,0
2019-12-18 11:58:00-05:00,1523.95,1523.95,1523.95,1523.95,0,0,0
2019-12-18 11:59:00-05:00,1523.95,1523.95,1523.95,1523.95,0,0,0
2019-12-18 12:00:00-05:00,1523.95,1523.95,1523.95,1523.95,0,0,0
2019-12-18 12:01:00-05:00,1523.95,1523.95,1523.95,1523.95,0,0,0
2019-12-18 12:02:00-05:00,1523.95,1523.95,1523.95,1523.95,0,0,0
2019-12-18 12:03:00-05:00,1523.95,1523.95,1523.95,1523.95,0,0,0
2019-12-18 12:04:00-05:00,1523.95,1523.95,1523.95,1523.95,0,0,0
2019-12-18 12:05:00-05:00,1523.95,1523.95,1523.95,1523.95,0,0,0
2019-12-18 12:06:00-05:00,1523.95,1523.95,1523.95,1523.95,0,0,0
2019-12-18 12:07:00-05:00,1523.95,1523.95,1523.95,1523.95,0,0,0
2019-12-18 12:08:00-05:00,1523.95,1523.95,1523.95,1523.95,0,0,0
2019-12-18 12:09:00-05:00,1523.95,1523.95,1523.95,1523.95,0,0,0
2019-12-18 12:10:00-05:00,1523.95,1523.95,1523.95,1523.95,0,0,0
2019-12-18 12:11:00-05:00,1523.95,1523.95,1523.95,1523.95,0,0,0
2019-12-18 12:12:00-05:00,1523.95,1523.95,1523.95,1523.95,0,0,0
2019-12-18 12:13:00-05:00,1523.95,1523.95,1523.95,1523.95,0,0,0
2019-12-18 12:14:00-05:00,1523.95,1523.95,1523.95,1523.95,0,0,0
2019-12-18 12:18:00-05:00,1523.95,1523.95,1523.95,1523.95,0,0,0
2019-12-18 12:19:00-05:00,1523.95,1523.95,1523.95,1523.95,0,0,0
2019-12-18 12:20:00-05:00,1523.95,1523.95,1523.95,1523.95,0,0,0
2019-12-18 12:21:00-05:00,1523.95,1523.95,1523.95,1523.95,0,0,0
2019-12-18 12:22:00-05:00,1523.95,1523.95,1523.95,1523.95,0,0,0
2019-12-18 12:23:00-05:00,1523.95,1523.95,1523.95,1523.95,0,0,0
2019-12-18 12:24:00-05:00,1523.95,1523.95,1523.95,1523.95,0,0,0
2019-12-18 12:25:00-05:00,1523.95,1523.95,1523.95,1523.95,0,0,0
2019-12-18 12:26:00-05:00,1523.95,1523.95,1523.95,1523.95,0,0,0
2019-12-18 12:27:00-05:00,1523.95,1523.95,1523.95,1523.95,0,0,0
2019-12-18 12:28:00-05:00,1523.95,1523.95,1523.95,1523.95,0,0,0
2019-12-18 12:29:00-05:00,1523.95,1523.95,1523.95,1523.95,0,0,0
2019-12-18 12:30:00-05:00,1523.95,1523.95,1523.95,1523.95,0,0,0
2019-12-18 12:31:00-05:00,1523.95,1523.95,1523.95,1523.95,0,0,0
2019-12-18 12:32:00-05:00,1523.95,1523.95,1523.95,1523.95,0,0,0
2019-12-18 12:33:00-05:00,1523.95,1523.95,1523.95,1523.95,0,0,0
2019-12-18 12:34:00-05:00,1523.95,1523.95,1523.95,1523.95,0,0,0
2019-12-18 12:35:00-05:00,1523.95,1523.95,1523.95,1523.95,0,0,0
2019-12-18 12:36:00-05:00,1523.95,1523.95,1523.95,1523.95,0,0,0
2019-12-18 12:37:00-05:00,1523.95,1523.95,1523.95,1523.95,0,0,0
2019-12-18 12:38:00-05:00,1523.95,1523.95,1523.95,1523.95,0,0,0
2019-12-18 12:39:00-05:00,1523.95,1523.95,1523.95,1523.95,0,0,0
2019-12-18 12:40:00-05:00,1523.95,1523.95,1523.95,1523.95,0,0,0
2019-12-18 12:41:00-05:00,1523.95,1523.95,1523.95,1523.95,0,0,0
2019-12-18 12:42:00-05:00,1523.95,1523.95,1523.95,1523.95,0,0,0
2019-12-18 12:43:00-05:00,1523.95,1523.95,1523.95,1523.95,0,0,0
2019-12-18 12:44:00-05:00,1523.95,1523.95,1523.95,1523.95,0,0,0
2019-12-18 12:45:00-05:00,1523.95,1523.95,1523.95,1523.95,0,0,0
2019-12-18 12:46:00-05:00,1523.95,1523.95,1523.95,1523.95,0,0,0
2019-12-18 12:47:00-05:00,1523.95,1523.95,1523.95,1523.95,0,0,0
2019-12-18 12:48:00-05:00,1523.95,1523.95,1523.95,1523.95,0,0,0
2019-12-18 12:49:00-05:00,1523.95,1523.95,1523.95,1523.95,0,0,0
2019-12-18 12:50:00-05:00,1523.95,1523.95,1523.95,1523.95,0,0,0
2019-12-18 12:51:00-05:00,1523.95,1523.95,1523.95,1523.95,0,0,0
2019-12-18 12:52:00-05:00,1523.95,1523.95,1523.95,1523.95,0,0,0
2019-12-18 12:53:00-05:00,1523.95,1523.95,1523.95,1523.95,0,0,0
2019-12-18 12:54:00-05:00,1523.95,1523.95,1523.95,1523.95,0,0,0
2019-12-18 12:55:00-05:00,1523.95,1523.95,1523.95,1523.95,0,0,0
2019-12-18 12:56:00-05:00,1523.95,1523.95,1523.95,1523.95,0,0,0
2019-12-18 12:57:00-05:00,1523.95,1523.95,1523.95,1523.95,0,0,0
2019-12-18 12:58:00-05:00,1523.95,1523.95,1523.95,1523.95,0,0,0
2019-12-18 12:59:00-05:00,1523.95,1523.95,1523.95,1523.95,0,0,0
2019-12-18 13:00:00-05:00,1523.95,1523.95,1523.95,1523.95,0,0,0
2019-12-18 13:01:00-05:00,1523.95,1523.95,1523.95,1523.95,0,0,0
2019-12-18 13:02:00-05:00,1523.95,1523.95,1523.95,1523.95,0,0,0
2019-12-18 13:03:00-05:00,1523.95,1523.95,1523.95,1523.95,0,0,0
2019-12-18 13:04:00-05:00,1523.95,1523.95,1523.95,1523.95,0,0,0
2019-12-18 13:05:00-05:00,1523.95,1523.95,1523.95,1523.95,0,0,0
2019-12-18 13:06:00-05:00,1523.95,1523.95,1523.95,1523.95,0,0,0
2019-12-18 13:07:00-05:00,1523.95,1523.95,1523.95,1523.95,0,0,0
2019-12-18 13:08:00-05:00,1523.95,1523.95,1523.95,1523.95,0,0,0
2019-12-18 13:09:00-05:00,1523.95,1523.95,1523.95,1523.95,0,0,0
2019-12-18 13:10:00-05:00,1523.95,1523.95,1523.95,1523.95,0,0,0
2019-12-18 13:11:00-05:00,1523.95,1523.95,1523.95,1523.95,0,0,0
2019-12-18 13:12:00-05:00,1523.95,1523.95,1523.95,1523.95,0,0,0
2019-12-18 13:13:00-05:00,1523.95,1523.95,1523.95,1523.95,0,0,0
2019-12-18 13:14:00-05:00,1523.95,1523.95,1523.95,1523.95,0,0,0
2019-12-18 13:15:00-05:00,1523.95,1523.95,1523.95,1523.95,0,0,0
2019-12-18 13:16:00-05:00,1523.95,1523.95,1523.95,1523.95,0,0,0
2019-12-18 13:17:00-05:00,1523.95,1523.95,1523.95,1523.95,0,0,0
2019-12-18 13:18:00-05:00,1523.95,1523.95,1523.95,1523.95,0,0,0
2019-12-18 13:19:00-05:00,1523.95,1523.95,1523.95,1523.95,0,0,0
2019-12-18 13:20:00-05:00,1523.95,1523.95,1523.95,1523.95,0,0,0
2019-12-18 13:21:00-05:00,1523.95,1523.95,1523.95,1523.95,0,0,0
2019-12-18 13:22:00-05:00,1523.95,1523.95,1523.95,1523.95,0,0,0
2019-12-18 13:23:00-05:00,1523.95,1523.95,1523.95,1523.95,0,0,0
2019-12-18 13:24:00-05:00,1523.95,1523.95,1523.95,1523.95,0,0,0
2019-12-18 13:25:00-05:00,1523.95,1523.95,1523.95,1523.95,0,0,0
2019-12-18 13:26:00-05:00,1523.95,1523.95,1523.95,1523.95,0,0,0
2019-12-18 13:27:00-05:00,1523.95,1523.95,1523.95,1523.95,0,0,0
2019-12-18 13:28:00-05:00,1523.95,1523.95,1523.95,1523.95,0,0,0
2019-12-18 13:29:00-05:00,1523.95,1523.95,1523.95,1523.95,0,0,0
2019-12-18 13:30:00-05:00,1523.95,1523.95,1523.95,1523.95,0,0,0
2019-12-18 13:31:00-05:00,1523.95,1523.95,1523.95,1523.95,0,0,0
2019-12-18 13:32:00-05:00,1523.95,1523.95,1523.95,1523.95,0,0,0
2019-12-18 13:33:00-05:00,1523.95,1523.95,1523.95,1523.95,0,0,0
2019-12-18 13:34:00-05:00,1523.95,1523.95,1523.95,1523.95,0,0,0
2019-12-18 13:35:00-05:00,1523.95,1523.95,1523.95,1523.95,0,0,0
2019-12-18 13:36:00-05:00,1523.95,1523.95,1523.95,1523.95,0,0,0
2019-12-18 13:37:00-05:00,1523.95,1523.95,1523.95,1523.95,0,0,0
2019-12-18 13:38:00-05:00,1523.95,1523.95,1523.95,1523.95,0,0,0
2019-12-18 13:39:00-05:00,1523.95,1523.95,1523.95,1523.95,0,0,0
2019-12-18 13:40:00-05:00,1523.95,1523.95,1523.95,1523.95,0,0,0
2019-12-18 13:41:00-05:00,1523.95,1523.95,1523.95,1523.95,0,0,0
2019-12-18 13:42:00-05:00,1523.95,1523.95,1523.95,1523.95,0,0,0
2019-12-18 13:43:00-05:00,1523.95,1523.95,1523.95,1523.95,0,0,0
2019-12-18 13:44:00-05:00,1523.95,1523.95,1523.95,1523.95,0,0,0
2019-12-18 13:45:00-05:00,1523.95,1523.95,1523.95,1523.95,0,0,0
2019-12-18 13:46:00-05:00,1523.95,1523.95,1523.95,1523.95,0,0,0
2019-12-18 13:47:00-05:00,1523.95,1523.95,1523.95,1523.95,0,0,0
2019-12-18 13:48:00-05:00,1523.95,1523.95,1523.95,1523.95,0,0,0
2019-12-18 13:49:00-05:00,1523.95,1523.95,1523.95,1523.95,0,0,0
2019-12-18 13:50:00-05:00,1523.95,1523.95,1523.95,1523.95,0,0,0
2019-12-18 13:51:00-05:00,1523.95,1523.95,1523.95,1523.95,0,0,0
2019-12-18 13:52:00-05:00,1523.95,1523.95,1523.95,1523.95,0,0,0
2019-12-18 13:53:00-05:00,1523.95,1523.95,1523.95,1523.95,0,0,0
2019-12-18 13:54:00-05:00,1523.95,1523.95,1523.95,1523.95,0,0,0
2019-12-18 13:55:00-05:00,1523.95,1523.95,1523.95,1523.95,0,0,0
2019-12-18 13:56:00-05:00,1523.95,1523.95,1523.95,1523.95,0,0,0
2019-12-18 13:57:00-05:00,1523.95,1523.95,1523.95,1523.95,0,0,0
2019-12-18 13:58:00-05:00,1523.95,1523.95,1523.95,1523.95,0,0,0
2019-12-18 13:59:00-05:00,1523.95,1523.95,1523.95,1523.95,0,0,0
2019-12-18 14:00:00-05:00,1523.95,1523.95,1523.95,1523.95,0,0,0
2019-12-18 14:01:00-05:00,1523.95,1523.95,1523.95,1523.95,0,0,0
2019-12-18 14:02:00-05:00,1523.95,1523.95,1523.95,1523.95,0,0,0
2019-12-18 14:03:00-05:00,1523.95,1523.95,1523.95,1523.95,0,0,0
2019-12-18 14:04:00-05:00,1523.95,1523.95,1523.95,1523.95,0,0,0
2019-12-18 14:05:00-05:00,1523.95,1523.95,1523.95,1523.95,0,0,0
2019-12-18 14:06:00-05:00,1523.95,1523.95,1523.95,1523.95,0,0,0
2019-12-18 14:07:00-05:00,1523.95,1523.95,1523.95,1523.95,0,0,0
2019-12-18 14:08:00-05:00,1523.95,1523.95,1523.95,1523.95,0,0,0
2019-12-18 14:09:00-05:00,1523.95,1523.95,1523.95,1523.95,0,0,0
2019-12-18 14:10:00-05:00,1523.95,1523.95,1523.95,1523.95,0,0,0
2019-12-18 14:11:00-05:00,1523.95,1523.95,1523.95,1523.95,0,0,0
2019-12-18 14:12:00-05:00,1523.95,1523.95,1523.95,1523.95,0,0,0
2019-12-18 14:13:00-05:00,1523.95,1523.95,1523.95,1523.95,0,0,0
2019-12-18 14:14:00-05:00,1523.95,1523.95,1523.95,1523.95,0,0,0
2019-12-18 14:15:00-05:00,1523.95,1523.95,1523.95,1523.95,0,0,0
2019-12-18 14:16:00-05:00,1523.95,1523.95,1523.95,1523.95,0,0,0
2019-12-18 14:17:00-05:00,1523.95,1523.95,1523.95,1523.95,0,0,0
2019-12-18 14:18:00-05:00,1523.95,1523.95,1523.95,1523.95,0,0,0
2019-12-18 14:19:00-05:00,1523.95,1523.95,1523.95,1523.95,0,0,0
2019-12-18 14:20:00-05:00,1523.95,1523.95,1523.95,1523.95,0,0,0
2019-12-18 14:21:00-05:00,1523.95,1523.95,1523.95,1523.95,0,0,0
2019-12-18 14:22:00-05:00,1523.95,1523.95,1523.95,1523.95,0,0,0
2019-12-18 14:23:00-05:00,1523.95,1523.95,1523.95,1523.95,0,0,0
2019-12-18 14:24:00-05:00,1523.95,1523.95,1523.95,1523.95,0,0,0
2019-12-18 14:25:00-05:00,1523.95,1523.95,1523.95,1523.95,0,0,0
2019-12-18 14:26:00-05:00,1523.95,1523.95,1523.95,1523.95,0,0,0
2019-12-18 14:27:00-05:00,1523.95,1523.95,1523.95,1523.95,0,0,0
2019-12-18 14:28:00-05:00,1523.95,1523.95,1523.95,1523.95,0,0,0
2019-12-18 14:29:00-05:00,1523.95,1523.95,1523.95,1523.95,0,0,0
2019-12-18 14:30:00-05:00,1523.95,1523.95,1523.95,1523.95,0,0,0
2019-12-18 14:31:00-05:00,1523.95,1523.95,1523.95,1523.95,0,0,0
2019-12-18 14:32:00-05:00,1523.95,1523.95,1523.95,1523.95,0,0,0
2019-12-18 14:33:00-05:00,1523.95,1523.95,1523.95,1523.95,0,0,0
2019-12-18 14:34:00-05:00,1523.95,1523.95,1523.95,1523.95,0,0,0
2019-12-18 14:35:00-05:00,1523.95,1523.95,1523.95,1523.95,0,0,0
2019-12-18 14:36:00-05:00,1523.95,1523.95,1523.95,1523.95,0,0,0
2019-12-18 14:37:00-05:00,1523.95,1523.95,1523.95,1523.95,0,0,0
2019-12-18 14:38:00-05:00,1523.95,1523.95,1523.95,1523.95,0,0,0
2019-12-18 14:39:00-05:00,1523.95,1523.95,1523.95,1523.95,0,0,0
2019-12-18 14:40:00-05:00,1523.95,1523.95,1523.95,1523.95,0,0,0
2019-12-18 14:41:00-05:00,1523.95,1523.95,1523.95,1523.95,0,0,0
2019-12-18 14:42:00-05:00,1523.95,1523.95,1523.95,1523.95,0,0,0
2019-12-18 14:43:00-05:00,1523.95,1523.95,1523.95,1523.95,0,0,0
2019-12-18 14:44:00-05:00,1523.95,1523.95,1523.95,1523.95,0,0,0
2019-12-18 14:45:00-05:00,1523.95,1523.95,1523.95,1523.95,0,0,0
2019-12-18 14:46:00-05:00,1523.95,1523.95,1523.95,1523.95,0,0,0
2019-12-18 14:47:00-05:00,1523.95,1523.95,1523.95,1523.95,0,0,0
2019-12-18 14:48:00-05:00,1523.95,1523.95,1523.95,1523.95,0,0,0
2019-12-18 14:49:00-05:00,1523.95,1523.95,1523.95,1523.95,0,0,0
2019-12-18 14:50:00-05:00,1523.95,1523.95,1523.95,1523.95,0,0,0
2019-12-18 14:51:00-05:00,1523.95,1523.95,1523.95,1523.95,0,0,0
2019-12-18 14:52:00-05:00,1523.95,1523.95,1523.95,1523.95,0,0,0
2019-12-18 14:53:00-05:00,1523.95,1523.95,1523.95,1523.95,0,0,0
2019-12-18 14:54:00-05:00,1523.95,1523.95,1523.95,1523.95,0,0,0
2019-12-18 14:55:00-05:00,1523.95,1523.95,1523.95,1523.95,0,0,0
2019-12-18 14:56:00-05:00,1523.95,1523.95,1523.95,1523.95,0,0,0
2019-12-18 14:57:00-05:00,1523.95,1523.95,1523.95,1523.95,0,0,0
2019-12-18 14:58:00-05:00,1523.95,1523.95,1523.95,1523.95,0,0,0
2019-12-18 14:59:00-05:00,1523.95,1523.95,1523.95,1523.95,0,0,0
2019-12-18 15:00:00-05:00,1523.95,1523.95,1523.95,1523.95,0,0,0
2019-12-18 15:01:00-05:00,1523.95,1523.95,1523.95,1523.95,0,0,0
2019-12-18 15:02:00-05:00,1523.95,1523.95,1523.95,1523.95,0,0,0
2019-12-18 15:03:00-05:00,1523.95,1523.95,1523.95,1523.95,0,0,0
2019-12-18 15:04:00-05:00,1523.95,1523.95,1523.95,1523.95,0,0,0
2019-12-18 15:05:00-05:00,1523.95,1523.95,1523.95,1523.95,0,0,0
2019-12-18 15:06:00-05:00,1523.95,1523.95,1523.95,1523.95,0,0,0
2019-12-18 15:07:00-05:00,1523.95,1523.95,1523.95,1523.95,0,0,0
2019-12-18 15:08:00-05:00,1523.95,1523.95,1523.95,1523.95,0,0,0
2019-12-18 15:09:00-05:00,1523.95,1523.95,1523.95,1523.95,0,0,0
2019-12-18 15:10:00-05:00,1523.95,1523.95,1523.95,1523.95,0,0,0
2019-12-18 15:11:00-05:00,1523.95,1523.95,1523.95,1523.95,0,0,0
2019-12-18 15:12:00-05:00,1523.95,1523.95,1523.95,1523.95,0,0,0
2019-12-18 15:13:00-05:00,1523.95,1523.95,1523.95,1523.95,0,0,0
2019-12-18 15:14:00-05:00,1523.95,1523.95,1523.95,1523.95,0,0,0
2019-12-18 15:15:00-05:00,1523.95,1523.95,1523.95,1523.95,0,0,0
2019-12-18 15:16:00-05:00,1523.95,1523.95,1523.95,1523.95,0,0,0
2019-12-18 15:17:00-05:00,1523.95,1523.95,1523.95,1523.95,0,0,0
2019-12-18 15:18:00-05:00,1523.95,1523.95,1523.95,1523.95,0,0,0
2019-12-18 15:19:00-05:00,1523.95,1523.95,1523.95,1523.95,0,0,0
2019-12-18 15:20:00-05:00,1523.95,1523.95,1523.95,1523.95,0,0,0
2019-12-18 15:21:00-05:00,1523.95,1523.95,1523.95,1523.95,0,0,0
2019-12-18 15:22:00-05:00,1523.95,1523.95,1523.95,1523.95,0,0,0
2019-12-18 15:23:00-05:00,1523.95,1523.95,1523.95,1523.95,0,0,0
2019-12-18 15:24:00-05:00,1523.95,1523.95,1523.95,1523.95,0,0,0
2019-12-18 15:25:00-05:00,1523.95,1523.95,1523.95,1523.95,0,0,0
2019-12-18 15:26:00-05:00,1523.95,1523.95,1523.95,1523.95,0,0,0
2019-12-18 15:27:00-05:00,1523.95,1523.95,1523.95,1523.95,0,0,0
2019-12-18 15:28:00-05:00,1523.95,1523.95,1523.95,1523.95,0,0,0
2019-12-18 15:29:00-05:00,1523.95,1523.95,1523.95,1523.95,0,0,0
2019-12-18 15:30:00-05:00,1523.95,1523.95,1523.95,1523.95,0,0,0
2019-12-18 15:31:00-05:00,1523.95,1523.95,1523.95,1523.95,0,0,0
2019-12-18 15:32:00-05:00,1523.95,1523.95,1523.95,1523.95,0,0,0
2019-12-18 15:33:00-05:00,1523.95,1523.95,1523.95,1523.95,0,0,0
2019-12-18 15:34:00-05:00,1523.95,1523.95,1523.95,1523.95,0,0,0
2019-12-18 15:35:00-05:00,1523.95,1523.95,1523.95,1523.95,0,0,0
2019-12-18 15:36:00-05:00,1523.95,1523.95,1523.95,1523.95,0,0,0
2019-12-18 15:37:00-05:00,1523.95,1523.95,1523.95,1523.95,0,0,0
2019-12-18 15:38:00-05:00,1523.95,1523.95,1523.95,1523.95,0,0,0
2019-12-18 15:39:00-05:00,1523.95,1523.95,1523.95,1523.95,0,0,0
2019-12-18 15:40:00-05:00,1523.95,1523.95,1523.95,1523.95,0,0,0
2019-12-18 15:41:00-05:00,1523.95,1523.95,1523.95,1523.95,0,0,0
2019-12-18 15:42:00-05:00,1523.95,1523.95,1523.95,1523.95,0,0,0
2019-12-18 15:43:00-05:00,1523.95,1523.95,1523.95,1523.95,0,0,0
2019-12-18 15:44:00-05:00,1523.95,1523.95,1523.95,1523.95,0,0,0
2019-12-18 15:45:00-05:00,1523.95,1523.95,1523.95,1523.95,0,0,0
2019-12-18 15:46:00-05:00,1523.95,1523.95,1523.95,1523.95,0,0,0
2019-12-18 15:47:00-05:00,1523.95,1523.95,1523.95,1523.95,0,0,0
2019-12-18 15:48:00-05:00,1523.95,1523.95,1523.95,1523.95,0,0,0
2019-12-18 15:49:00-05:00,1523.95,1523.95,1523.95,1523.95,0,0,0
2019-12-18 15:50:00-05:00,1523.95,1523.95,1523.95,1523.95,0,0,0
2019-12-18 15:51:00-05:00,1523.95,1523.95,1523.95,1523.95,0,0,0
2019-12-18 15:52:00-05:00,1523.95,1523.95,1523.95,1523.95,0,0,0
2019-12-18 15:53:00-05:00,1523.95,1523.95,1523.95,1523.95,0,0,0
2019-12-18 15:54:00-05:00,1523.95,1523.95,1523.95,1523.95,0,0,0
2019-12-18 15:55:00-05:00,1523.95,1523.95,1523.95,1523.95,0,0,0
2019-12-18 15:56:00-05:00,1523.95,1523.95,1523.95,1523.95,0,0,0
2019-12-18 15:57:00-05:00,1523.95,1523.95,1523.95,1523.95,0,0,0
2019-12-18 15:58:00-05:00,1523.95,1523.95,1523.95,1523.95,0,0,0
2019-12-18 15:59:00-05:00,1523.95,1523.95,1523.95,1523.95,0,0,0
2019-12-19 09:30:00-05:00,1523.01,1523.01,1522.64,1522.7,0,0,0
2019-12-19 09:31:00-05:00,1522.7,1522.97,1522.7,1522.95,0,0,0
2019-12-19 09:32:00-05:00,1522.94,1522.99,1522.81,1522.98,0,0,0
2019-12-19 09:33:00-05:00,1522.89,1522.96,1522.74,1522.75,0,0,0
2019-12-19 09:34:00-05:00,1522.76,1522.81,1522.52,1522.52,0,0,0
2019-12-19 09:35:00-05:00,1522.62,1522.62,1522.52,1522.53,0,0,0
2019-12-19 09:36:00-05:00,1522.5,1522.5,1522.03,1522.05,0,0,0
2019-12-19 09:37:00-05:00,1522.0,1522.01,1521.96,1522.0,0,0,0
2019-12-19 09:38:00-05:00,1522.0,1522.0,1521.77,1521.78,0,0,0
2019-12-19 09:39:00-05:00,1521.73,1521.88,1521.73,1521.86,0,0,0
2019-12-19 09:40:00-05:00,1521.82,1521.86,1521.63,1521.71,0,0,0
2019-12-19 09:41:00-05:00,1521.73,1521.91,1521.7,1521.83,0,0,0
2019-12-19 09:42:00-05:00,1521.9,1521.99,1521.9,1521.91,0,0,0
2019-12-19 09:43:00-05:00,1521.88,1521.88,1521.7,1521.72,0,0,0
2019-12-19 09:44:00-05:00,1521.75,1521.81,1521.72,1521.8,0,0,0
2019-12-19 09:45:00-05:00,1521.84,1521.84,1521.38,1521.38,0,0,0
2019-12-19 09:46:00-05:00,1521.43,1521.53,1521.27,1521.27,0,0,0
2019-12-19 09:47:00-05:00,1521.3,1521.32,1521.17,1521.32,0,0,0
2019-12-19 09:48:00-05:00,1521.29,1521.51,1521.29,1521.48,0,0,0
2019-12-19 09:49:00-05:00,1521.55,1521.68,1521.55,1521.6,0,0,0
2019-12-19 09:50:00-05:00,1521.61,1521.71,1521.61,1521.7,0,0,0
2019-12-19 09:51:00-05:00,1521.81,1521.98,1521.81,1521.86,0,0,0
2019-12-19 09:52:00-05:00,1521.8,1521.97,1521.76,1521.97,0,0,0
2019-12-19 09:53:00-05:00,1521.94,1521.94,1521.78,1521.78,0,0,0
2019-12-19 09:54:00-05:00,1521.75,1521.75,1521.57,1521.57,0,0,0
2019-12-19 09:55:00-05:00,1521.54,1521.6,1521.52,1521.58,0,0,0
2019-12-19 09:56:00-05:00,1521.59,1521.64,1521.55,1521.55,0,0,0
2019-12-19 09:57:00-05:00,1521.55,1521.63,1521.36,1521.36,0,0,0
2019-12-19 09:58:00-05:00,1521.24,1521.24,1521.17,1521.18,0,0,0
2019-12-19 09:59:00-05:00,1521.17,1521.34,1521.12,1521.25,0,0,0
2019-12-19 10:00:00-05:00,1521.23,1521.41,1521.16,1521.36,0,0,0
2019-12-19 10:01:00-05:00,1521.36,1521.42,1521.31,1521.37,0,0,0
2019-12-19 10:02:00-05:00,1521.33,1521.34,1521.13,1521.13,0,0,0
2019-12-19 10:03:00-05:00,1521.12,1521.19,1520.95,1521.09,0,0,0
2019-12-19 10:04:00-05:00,1521.09,1521.09,1520.74,1520.76,0,0,0
2019-12-19 10:05:00-05:00,1520.78,1520.86,1520.49,1520.49,0,0,0
2019-12-19 10:06:00-05:00,1520.55,1520.8,1520.55,1520.77,0,0,0
2019-12-19 10:07:00-05:00,1520.79,1520.87,1520.78,1520.84,0,0,0
2019-12-19 10:08:00-05:00,1520.8,1520.89,1520.77,1520.89,0,0,0
2019-12-19 10:09:00-05:00,1520.9,1520.94,1520.9,1520.9,0,0,0
2019-12-19 10:10:00-05:00,1520.92,1520.99,1520.61,1520.67,0,0,0
2019-12-19 10:11:00-05:00,1520.68,1520.88,1520.68,1520.88,0,0,0
2019-12-19 10:12:00-05:00,1520.89,1520.95,1520.81,1520.95,0,0,0
2019-12-19 10:13:00-05:00,1520.95,1520.95,1520.74,1520.84,0,0,0
2019-12-19 10:14:00-05:00,1520.87,1520.98,1520.82,1520.82,0,0,0
2019-12-19 10:15:00-05:00,1520.82,1520.88,1520.82,1520.87,0,0,0
2019-12-19 10:16:00-05:00,1520.83,1520.85,1520.74,1520.75,0,0,0
2019-12-19 10:17:00-05:00,1520.74,1521.1,1520.74,1521.1,0,0,0
2019-12-19 10:18:00-05:00,1521.09,1521.24,1521.03,1521.24,0,0,0
2019-12-19 10:19:00-05:00,1521.2,1521.32,1521.17,1521.24,0,0,0
2019-12-19 10:20:00-05:00,1521.22,1521.37,1521.22,1521.34,0,0,0
2019-12-19 10:21:00-05:00,1521.31,1521.52,1521.3,1521.52,0,0,0
2019-12-19 10:22:00-05:00,1521.53,1521.57,1521.53,1521.54,0,0,0
2019-12-19 10:23:00-05:00,1521.54,1521.6,1521.5,1521.6,0,0,0
2019-12-19 10:24:00-05:00,1521.59,1521.6,1521.46,1521.5,0,0,0
2019-12-19 10:25:00-05:00,1521.57,1521.64,1521.57,1521.61,0,0,0
2019-12-19 10:26:00-05:00,1521.59,1521.64,1521.34,1521.37,0,0,0
2019-12-19 10:27:00-05:00,1521.34,1521.48,1521.28,1521.48,0,0,0
2019-12-19 10:28:00-05:00,1521.48,1521.61,1521.48,1521.61,0,0,0
2019-12-19 10:29:00-05:00,1521.67,1521.98,1521.67,1521.98,0,0,0
2019-12-19 10:30:00-05:00,1521.97,1522.06,1521.94,1522.06,0,0,0
2019-12-19 10:31:00-05:00,1522.14,1522.34,1522.14,1522.27,0,0,0
2019-12-19 10:32:00-05:00,1522.47,1522.63,1522.45,1522.63,0,0,0
2019-12-19 10:33:00-05:00,1522.63,1522.87,1522.63,1522.76,0,0,0
2019-12-19 10:34:00-05:00,1522.71,1522.75,1522.68,1522.75,0,0,0
2019-12-19 10:35:00-05:00,1522.68,1522.87,1522.68,1522.81,0,0,0
2019-12-19 10:36:00-05:00,1522.78,1522.85,1522.61,1522.85,0,0,0
2019-12-19 10:37:00-05:00,1522.86,1522.86,1522.8,1522.84,0,0,0
2019-12-19 10:38:00-05:00,1522.83,1522.83,1522.71,1522.71,0,0,0
2019-12-19 10:39:00-05:00,1522.66,1522.66,1522.37,1522.41,0,0,0
2019-12-19 10:40:00-05:00,1522.28,1522.33,1522.25,1522.25,0,0,0
2019-12-19 10:41:00-05:00,1522.12,1522.16,1521.87,1521.87,0,0,0
2019-12-19 10:42:00-05:00,1521.85,1522.02,1521.85,1521.96,0,0,0
2019-12-19 10:43:00-05:00,1521.95,1521.95,1521.86,1521.91,0,0,0
2019-12-19 10:44:00-05:00,1521.89,1521.89,1521.79,1521.82,0,0,0
2019-12-19 10:45:00-05:00,1521.81,1522.05,1521.81,1521.94,0,0,0
2019-12-19 10:46:00-05:00,1522.02,1522.17,1522.02,1522.05,0,0,0
2019-12-19 10:47:00-05:00,1522.05,1522.16,1522.05,1522.16,0,0,0
2019-12-19 10:48:00-05:00,1522.22,1522.25,1522.2,1522.24,0,0,0
2019-12-19 10:49:00-05:00,1522.25,1522.25,1522.12,1522.19,0,0,0
2019-12-19 10:50:00-05:00,1522.16,1522.16,1522.05,1522.15,0,0,0
2019-12-19 10:51:00-05:00,1522.19,1522.22,1522.06,1522.06,0,0,0
2019-12-19 10:52:00-05:00,1522.08,1522.08,1522.0,1522.05,0,0,0
2019-12-19 10:53:00-05:00,1522.08,1522.23,1522.08,1522.2,0,0,0
2019-12-19 10:54:00-05:00,1522.22,1522.42,1522.22,1522.42,0,0,0
2019-12-19 10:55:00-05:00,1522.42,1522.86,1522.42,1522.85,0,0,0
2019-12-19 10:56:00-05:00,1523.0,1523.04,1522.97,1522.97,0,0,0
2019-12-19 10:57:00-05:00,1522.98,1523.14,1522.98,1523.14,0,0,0
2019-12-19 10:58:00-05:00,1523.16,1523.18,1523.09,1523.09,0,0,0
2019-12-19 10:59:00-05:00,1523.0,1523.06,1522.84,1522.86,0,0,0
2019-12-19 11:00:00-05:00,1522.96,1523.13,1522.96,1523.09,0,0,0
2019-12-19 11:01:00-05:00,1523.07,1523.25,1523.07,1523.23,0,0,0
2019-12-19 11:02:00-05:00,1523.21,1523.3,1523.16,1523.17,0,0,0
2019-12-19 11:03:00-05:00,1523.11,1523.11,1522.88,1522.91,0,0,0
2019-12-19 11:04:00-05:00,1522.88,1522.93,1522.85,1522.92,0,0,0
2019-12-19 11:05:00-05:00,1522.92,1523.31,1522.91,1523.31,0,0,0
2019-12-19 11:06:00-05:00,1523.33,1523.37,1523.3,1523.34,0,0,0
2019-12-19 11:07:00-05:00,1523.38,1523.43,1523.36,1523.39,0,0,0
2019-12-19 11:08:00-05:00,1523.43,1523.48,1523.4,1523.45,0,0,0
2019-12-19 11:09:00-05:00,1523.45,1523.56,1523.45,1523.56,0,0,0
2019-12-19 11:10:00-05:00,1523.59,1523.8,1523.59,1523.77,0,0,0
2019-12-19 11:11:00-05:00,1523.77,1523.77,1523.36,1523.36,0,0,0
2019-12-19 11:12:00-05:00,1523.29,1523.29,1523.16,1523.16,0,0,0
2019-12-19 11:13:00-05:00,1523.16,1523.69,1523.16,1523.69,0,0,0
2019-12-19 11:14:00-05:00,1523.65,1523.65,1523.56,1523.61,0,0,0
2019-12-19 11:15:00-05:00,1523.69,1523.89,1523.69,1523.89,0,0,0
2019-12-19 11:16:00-05:00,1523.87,1523.87,1523.55,1523.56,0,0,0
2019-12-19 11:17:00-05:00,1523.61,1523.63,1523.53,1523.6,0,0,0
2019-12-19 11:18:00-05:00,1523.65,1523.72,1523.63,1523.72,0,0,0
2019-12-19 11:19:00-05:00,1523.7,1523.77,1523.7,1523.71,0,0,0
2019-12-19 11:20:00-05:00,1523.88,1524.1,1523.88,1523.97,0,0,0
2019-12-19 11:21:00-05:00,1524.15,1524.15,1524.09,1524.09,0,0,0
2019-12-19 11:22:00-05:00,1524.1,1524.19,1524.07,1524.07,0,0,0
2019-12-19 11:23:00-05:00,1524.2,1524.3,1524.19,1524.3,0,0,0
2019-12-19 11:24:00-05:00,1524.25,1524.25,1524.08,1524.1,0,0,0
2019-12-19 11:25:00-05:00,1524.1,1524.51,1524.1,1524.51,0,0,0
2019-12-19 11:26:00-05:00,1524.5,1524.5,1524.32,1524.32,0,0,0
2019-12-19 11:27:00-05:00,1524.35,1524.39,1524.35,1524.37,0,0,0
2019-12-19 11:28:00-05:00,1524.39,1524.64,1524.39,1524.64,0,0,0
2019-12-19 11:29:00-05:00,1524.51,1524.51,1523.93,1524.1,0,0,0
2019-12-19 11:30:00-05:00,1524.16,1524.16,1524.16,1524.16,0,0,0
2019-12-19 11:31:00-05:00,1524.16,1524.16,1524.16,1524.16,0,0,0
2019-12-19 11:32:00-05:00,1524.16,1524.16,1524.16,1524.16,0,0,0
2019-12-19 11:33:00-05:00,1524.16,1524.16,1524.16,1524.16,0,0,0
2019-12-19 11:34:00-05:00,1524.16,1524.16,1524.16,1524.16,0,0,0
2019-12-19 11:35:00-05:00,1524.4,1525.49,1524.4,1525.49,0,0,0
2019-12-19 11:36:00-05:00,1525.49,1525.8,1525.49,1525.8,0,0,0
2019-12-19 11:37:00-05:00,1525.8,1525.8,1525.8,1525.8,0,0,0
2019-12-19 11:38:00-05:00,1525.8,1525.8,1525.8,1525.8,0,0,0
2019-12-19 11:39:00-05:00,1525.8,1525.8,1525.8,1525.8,0,0,0
2019-12-19 11:40:00-05:00,1525.8,1525.8,1525.8,1525.8,0,0,0
2019-12-19 11:41:00-05:00,1525.8,1525.8,1525.8,1525.8,0,0,0
2019-12-19 11:42:00-05:00,1525.8,1525.8,1525.8,1525.8,0,0,0
2019-12-19 11:43:00-05:00,1525.8,1525.8,1525.8,1525.8,0,0,0
2019-12-19 11:44:00-05:00,1525.8,1525.8,1525.8,1525.8,0,0,0
2019-12-19 11:45:00-05:00,1525.8,1525.8,1525.8,1525.8,0,0,0
2019-12-19 11:46:00-05:00,1525.8,1525.8,1525.8,1525.8,0,0,0
2019-12-19 11:47:00-05:00,1525.8,1525.8,1525.8,1525.8,0,0,0
2019-12-19 11:48:00-05:00,1525.8,1525.8,1525.8,1525.8,0,0,0
2019-12-19 11:49:00-05:00,1525.8,1525.8,1525.8,1525.8,0,0,0
2019-12-19 11:50:00-05:00,1525.8,1525.8,1525.8,1525.8,0,0,0
2019-12-19 11:51:00-05:00,1525.8,1525.8,1525.8,1525.8,0,0,0
2019-12-19 11:52:00-05:00,1525.8,1525.8,1525.8,1525.8,0,0,0
2019-12-19 11:53:00-05:00,1525.8,1525.8,1525.8,1525.8,0,0,0
2019-12-19 11:54:00-05:00,1525.8,1525.8,1525.8,1525.8,0,0,0
2019-12-19 11:55:00-05:00,1525.8,1525.8,1525.8,1525.8,0,0,0
2019-12-19 11:56:00-05:00,1525.8,1525.8,1525.8,1525.8,0,0,0
2019-12-19 11:57:00-05:00,1525.8,1525.8,1525.8,1525.8,0,0,0
2019-12-19 11:58:00-05:00,1525.8,1525.8,1525.8,1525.8,0,0,0
2019-12-19 12:00:00-05:00,1525.8,1525.8,1525.8,1525.8,0,0,0
2019-12-19 12:01:00-05:00,1525.8,1525.8,1525.8,1525.8,0,0,0
2019-12-19 12:02:00-05:00,1525.8,1525.8,1525.8,1525.8,0,0,0
2019-12-19 12:03:00-05:00,1525.8,1525.8,1525.8,1525.8,0,0,0
2019-12-19 12:04:00-05:00,1525.8,1525.8,1525.8,1525.8,0,0,0
2019-12-19 12:05:00-05:00,1525.8,1525.8,1525.8,1525.8,0,0,0
2019-12-19 12:06:00-05:00,1525.8,1525.8,1525.8,1525.8,0,0,0
2019-12-19 12:07:00-05:00,1525.8,1525.8,1525.8,1525.8,0,0,0
2019-12-19 12:08:00-05:00,1525.8,1525.8,1525.8,1525.8,0,0,0
2019-12-19 12:09:00-05:00,1525.8,1525.8,1525.8,1525.8,0,0,0
2019-12-19 12:10:00-05:00,1525.8,1525.8,1525.8,1525.8,0,0,0
2019-12-19 12:11:00-05:00,1525.8,1525.8,1525.8,1525.8,0,0,0
2019-12-19 12:12:00-05:00,1525.8,1525.8,1525.8,1525.8,0,0,0
2019-12-19 12:13:00-05:00,1525.8,1525.8,1525.8,1525.8,0,0,0
2019-12-19 12:14:00-05:00,1525.8,1525.8,1525.8,1525.8,0,0,0
2019-12-19 12:15:00-05:00,1525.8,1525.8,1525.8,1525.8,0,0,0
2019-12-19 12:16:00-05:00,1525.8,1525.8,1525.8,1525.8,0,0,0
2019-12-19 12:17:00-05:00,1525.8,1525.8,1525.8,1525.8,0,0,0
2019-12-19 12:18:00-05:00,1525.8,1525.8,1525.8,1525.8,0,0,0
2019-12-19 12:19:00-05:00,1525.8,1525.8,1525.8,1525.8,0,0,0
2019-12-19 12:20:00-05:00,1525.8,1525.8,1525.8,1525.8,0,0,0
2019-12-19 12:21:00-05:00,1525.8,1525.8,1525.8,1525.8,0,0,0
2019-12-19 12:22:00-05:00,1525.8,1525.8,1525.8,1525.8,0,0,0
2019-12-19 12:23:00-05:00,1525.8,1525.8,1525.8,1525.8,0,0,0
2019-12-19 12:24:00-05:00,1525.8,1525.8,1525.8,1525.8,0,0,0
2019-12-19 12:25:00-05:00,1525.8,1525.8,1525.8,1525.8,0,0,0
2019-12-19 12:26:00-05:00,1525.8,1525.8,1525.8,1525.8,0,0,0
2019-12-19 12:27:00-05:00,1525.8,1525.8,1525.8,1525.8,0,0,0
2019-12-19 12:28:00-05:00,1525.8,1525.8,1525.8,1525.8,0,0,0
2019-12-19 12:29:00-05:00,1525.8,1525.8,1525.8,1525.8,0,0,0
2019-12-19 12:30:00-05:00,1525.8,1525.8,1525.8,1525.8,0,0,0
2019-12-19 12:31:00-05:00,1525.8,1525.8,1525.8,1525.8,0,0,0
2019-12-19 12:32:00-05:00,1525.8,1525.8,1525.8,1525.8,0,0,0
2019-12-19 12:33:00-05:00,1525.8,1525.8,1525.8,1525.8,0,0,0
2019-12-19 12:34:00-05:00,1525.8,1525.8,1525.8,1525.8,0,0,0
2019-12-19 12:35:00-05:00,1525.8,1525.8,1525.8,1525.8,0,0,0
2019-12-19 12:36:00-05:00,1525.8,1525.8,1525.8,1525.8,0,0,0
2019-12-19 12:37:00-05:00,1525.8,1525.8,1525.8,1525.8,0,0,0
2019-12-19 12:38:00-05:00,1525.8,1525.8,1525.8,1525.8,0,0,0
2019-12-19 12:39:00-05:00,1525.8,1525.8,1525.8,1525.8,0,0,0
2019-12-19 12:40:00-05:00,1525.8,1525.8,1525.8,1525.8,0,0,0
2019-12-19 12:41:00-05:00,1525.8,1525.8,1525.8,1525.8,0,0,0
2019-12-19 12:42:00-05:00,1525.8,1525.8,1525.8,1525.8,0,0,0
2019-12-19 12:43:00-05:00,1525.8,1525.8,1525.8,1525.8,0,0,0
2019-12-19 12:44:00-05:00,1525.8,1525.8,1525.8,1525.8,0,0,0
2019-12-19 12:45:00-05:00,1525.8,1525.8,1525.8,1525.8,0,0,0
2019-12-19 12:46:00-05:00,1525.8,1525.8,1525.8,1525.8,0,0,0
2019-12-19 12:47:00-05:00,1525.8,1525.8,1525.8,1525.8,0,0,0
2019-12-19 12:48:00-05:00,1525.8,1525.8,1525.8,1525.8,0,0,0
2019-12-19 12:49:00-05:00,1525.8,1525.8,1525.8,1525.8,0,0,0
2019-12-19 12:50:00-05:00,1525.8,1525.8,1525.8,1525.8,0,0,0
2019-12-19 12:51:00-05:00,1525.8,1525.8,1525.8,1525.8,0,0,0
2019-12-19 12:52:00-05:00,1525.8,1525.8,1525.8,1525.8,0,0,0
2019-12-19 12:53:00-05:00,1525.8,1525.8,1525.8,1525.8,0,0,0
2019-12-19 12:54:00-05:00,1525.8,1525.8,1525.8,1525.8,0,0,0
2019-12-19 12:55:00-05:00,1525.8,1525.8,1525.8,1525.8,0,0,0
2019-12-19 12:56:00-05:00,1525.8,1525.8,1525.8,1525.8,0,0,0
2019-12-19 12:57:00-05:00,1525.8,1525.8,1525.8,1525.8,0,0,0
2019-12-19 12:58:00-05:00,1525.8,1525.8,1525.8,1525.8,0,0,0
2019-12-19 12:59:00-05:00,1525.8,1525.8,1525.8,1525.8,0,0,0
2019-12-19 13:00:00-05:00,1525.8,1525.8,1525.8,1525.8,0,0,0
2019-12-19 13:01:00-05:00,1525.8,1525.8,1525.8,1525.8,0,0,0
2019-12-19 13:02:00-05:00,1525.8,1525.8,1525.8,1525.8,0,0,0
2019-12-19 13:03:00-05:00,1525.8,1525.8,1525.8,1525.8,0,0,0
2019-12-19 13:04:00-05:00,1525.8,1525.8,1525.8,1525.8,0,0,0
2019-12-19 13:05:00-05:00,1525.8,1525.8,1525.8,1525.8,0,0,0
2019-12-19 13:06:00-05:00,1525.8,1525.8,1525.8,1525.8,0,0,0
2019-12-19 13:07:00-05:00,1525.8,1525.8,1525.8,1525.8,0,0,0
2019-12-19 13:08:00-05:00,1525.8,1525.8,1525.8,1525.8,0,0,0
2019-12-19 13:09:00-05:00,1525.8,1525.8,1525.8,1525.8,0,0,0
2019-12-19 13:10:00-05:00,1525.8,1525.8,1525.8,1525.8,0,0,0
2019-12-19 13:11:00-05:00,1525.8,1525.8,1525.8,1525.8,0,0,0
2019-12-19 13:12:00-05:00,1525.8,1525.8,1525.8,1525.8,0,0,0
2019-12-19 13:13:00-05:00,1525.8,1525.8,1525.8,1525.8,0,0,0
2019-12-19 13:14:00-05:00,1525.8,1525.8,1525.8,1525.8,0,0,0
2019-12-19 13:15:00-05:00,1525.8,1525.8,1525.8,1525.8,0,0,0
2019-12-19 13:16:00-05:00,1525.8,1525.8,1525.8,1525.8,0,0,0
2019-12-19 13:17:00-05:00,1525.8,1525.8,1525.8,1525.8,0,0,0
2019-12-19 13:18:00-05:00,1525.8,1525.8,1525.8,1525.8,0,0,0
2019-12-19 13:19:00-05:00,1525.8,1525.8,1525.8,1525.8,0,0,0
2019-12-19 13:20:00-05:00,1525.8,1525.8,1525.8,1525.8,0,0,0
2019-12-19 13:21:00-05:00,1525.8,1525.8,1525.8,1525.8,0,0,0
2019-12-19 13:22:00-05:00,1525.8,1525.8,1525.8,1525.8,0,0,0
2019-12-19 13:23:00-05:00,1525.8,1525.8,1525.8,1525.8,0,0,0
2019-12-19 13:24:00-05:00,1525.8,1525.8,1525.8,1525.8,0,0,0
2019-12-19 13:25:00-05:00,1525.8,1525.8,1525.8,1525.8,0,0,0
2019-12-19 13:26:00-05:00,1525.8,1525.8,1525.8,1525.8,0,0,0
2019-12-19 13:27:00-05:00,1525.8,1525.8,1525.8,1525.8,0,0,0
2019-12-19 13:28:00-05:00,1525.8,1525.8,1525.8,1525.8,0,0,0
2019-12-19 13:29:00-05:00,1525.8,1525.8,1525.8,1525.8,0,0,0
2019-12-19 13:30:00-05:00,1525.8,1525.8,1525.8,1525.8,0,0,0
2019-12-19 13:31:00-05:00,1525.8,1525.8,1525.8,1525.8,0,0,0
2019-12-19 13:32:00-05:00,1525.8,1525.8,1525.8,1525.8,0,0,0
2019-12-19 13:33:00-05:00,1525.8,1525.8,1525.8,1525.8,0,0,0
2019-12-19 13:34:00-05:00,1525.8,1525.8,1525.8,1525.8,0,0,0
2019-12-19 13:35:00-05:00,1525.8,1525.8,1525.8,1525.8,0,0,0
2019-12-19 13:36:00-05:00,1525.8,1525.8,1525.8,1525.8,0,0,0
2019-12-19 13:37:00-05:00,1525.8,1525.8,1525.8,1525.8,0,0,0
2019-12-19 13:38:00-05:00,1525.8,1525.8,1525.8,1525.8,0,0,0
2019-12-19 13:39:00-05:00,1525.8,1525.8,1525.8,1525.8,0,0,0
2019-12-19 13:40:00-05:00,1525.8,1525.8,1525.8,1525.8,0,0,0
2019-12-19 13:41:00-05:00,1525.8,1525.8,1525.8,1525.8,0,0,0
2019-12-19 13:42:00-05:00,1525.8,1525.8,1525.8,1525.8,0,0,0
2019-12-19 13:43:00-05:00,1525.8,1525.8,1525.8,1525.8,0,0,0
2019-12-19 13:44:00-05:00,1525.8,1525.8,1525.8,1525.8,0,0,0
2019-12-19 13:45:00-05:00,1525.8,1525.8,1525.8,1525.8,0,0,0
2019-12-19 13:46:00-05:00,1525.8,1525.8,1525.8,1525.8,0,0,0
2019-12-19 13:47:00-05:00,1525.8,1525.8,1525.8,1525.8,0,0,0
2019-12-19 13:48:00-05:00,1525.8,1525.8,1525.8,1525.8,0,0,0
2019-12-19 13:49:00-05:00,1525.8,1525.8,1525.8,1525.8,0,0,0
2019-12-19 13:50:00-05:00,1525.8,1525.8,1525.8,1525.8,0,0,0
2019-12-19 13:51:00-05:00,1525.8,1525.8,1525.8,1525.8,0,0,0
2019-12-19 13:52:00-05:00,1525.8,1525.8,1525.8,1525.8,0,0,0
2019-12-19 13:53:00-05:00,1525.8,1525.8,1525.8,1525.8,0,0,0
2019-12-19 13:54:00-05:00,1525.8,1525.8,1525.8,1525.8,0,0,0
2019-12-19 13:55:00-05:00,1525.8,1525.8,1525.8,1525.8,0,0,0
2019-12-19 13:56:00-05:00,1525.8,1525.8,1525.8,1525.8,0,0,0
2019-12-19 13:57:00-05:00,1525.8,1525.8,1525.8,1525.8,0,0,0
2019-12-19 13:58:00-05:00,1525.8,1525.8,1525.8,1525.8,0,0,0
2019-12-19 13:59:00-05:00,1525.8,1525.8,1525.8,1525.8,0,0,0
2019-12-19 14:00:00-05:00,1525.8,1525.8,1525.8,1525.8,0,0,0
2019-12-19 14:01:00-05:00,1525.8,1525.8,1525.8,1525.8,0,0,0
2019-12-19 14:02:00-05:00,1525.8,1525.8,1525.8,1525.8,0,0,0
2019-12-19 14:03:00-05:00,1525.8,1525.8,1525.8,1525.8,0,0,0
2019-12-19 14:04:00-05:00,1525.8,1525.8,1525.8,1525.8,0,0,0
2019-12-19 14:05:00-05:00,1525.8,1525.8,1525.8,1525.8,0,0,0
2019-12-19 14:06:00-05:00,1525.8,1525.8,1525.8,1525.8,0,0,0
2019-12-19 14:07:00-05:00,1525.8,1525.8,1525.8,1525.8,0,0,0
2019-12-19 14:08:00-05:00,1525.8,1525.8,1525.8,1525.8,0,0,0
2019-12-19 14:09:00-05:00,1525.8,1525.8,1525.8,1525.8,0,0,0
2019-12-19 14:10:00-05:00,1525.8,1525.8,1525.8,1525.8,0,0,0
2019-12-19 14:11:00-05:00,1525.8,1525.8,1525.8,1525.8,0,0,0
2019-12-19 14:12:00-05:00,1525.8,1525.8,1525.8,1525.8,0,0,0
2019-12-19 14:13:00-05:00,1525.8,1525.8,1525.8,1525.8,0,0,0
2019-12-19 14:14:00-05:00,1525.8,1525.8,1525.8,1525.8,0,0,0
2019-12-19 14:15:00-05:00,1525.8,1525.8,1525.8,1525.8,0,0,0
2019-12-19 14:16:00-05:00,1525.8,1525.8,1525.8,1525.8,0,0,0
2019-12-19 14:17:00-05:00,1525.8,1525.8,1525.8,1525.8,0,0,0
2019-12-19 14:18:00-05:00,1525.8,1525.8,1525.8,1525.8,0,0,0
2019-12-19 14:19:00-05:00,1525.8,1525.8,1525.8,1525.8,0,0,0
2019-12-19 14:20:00-05:00,1525.8,1525.8,1525.8,1525.8,0,0,0
2019-12-19 14:21:00-05:00,1525.8,1525.8,1525.8,1525.8,0,0,0
2019-12-19 14:22:00-05:00,1525.8,1525.8,1525.8,1525.8,0,0,0
2019-12-19 14:23:00-05:00,1525.8,1525.8,1525.8,1525.8,0,0,0
2019-12-19 14:24:00-05:00,1525.8,1525.8,1525.8,1525.8,0,0,0
2019-12-19 14:25:00-05:00,1525.8,1525.8,1525.8,1525.8,0,0,0
2019-12-19 14:26:00-05:00,1525.8,1525.8,1525.8,1525.8,0,0,0
2019-12-19 14:27:00-05:00,1525.8,1525.8,1525.8,1525.8,0,0,0
2019-12-19 14:28:00-05:00,1525.8,1525.8,1525.8,1525.8,0,0,0
2019-12-19 14:29:00-05:00,1525.8,1525.8,1525.8,1525.8,0,0,0
2019-12-19 14:30:00-05:00,1525.8,1525.8,1525.8,1525.8,0,0,0
2019-12-19 14:31:00-05:00,1525.8,1525.8,1525.8,1525.8,0,0,0
2019-12-19 14:32:00-05:00,1525.8,1525.8,1525.8,1525.8,0,0,0
2019-12-19 14:33:00-05:00,1525.8,1525.8,1525.8,1525.8,0,0,0
2019-12-19 14:34:00-05:00,1525.8,1525.8,1525.8,1525.8,0,0,0
2019-12-19 14:35:00-05:00,1525.8,1525.8,1525.8,1525.8,0,0,0
2019-12-19 14:36:00-05:00,1525.8,1525.8,1525.8,1525.8,0,0,0
2019-12-19 14:37:00-05:00,1525.8,1525.8,1525.8,1525.8,0,0,0
2019-12-19 14:38:00-05:00,1525.8,1525.8,1525.8,1525.8,0,0,0
2019-12-19 14:39:00-05:00,1525.8,1525.8,1525.8,1525.8,0,0,0
2019-12-19 14:40:00-05:00,1525.8,1525.8,1525.8,1525.8,0,0,0
2019-12-19 14:41:00-05:00,1525.8,1525.8,1525.8,1525.8,0,0,0
2019-12-19 14:42:00-05:00,1525.8,1525.8,1525.8,1525.8,0,0,0
2019-12-19 14:43:00-05:00,1525.8,1525.8,1525.8,1525.8,0,0,0
2019-12-19 14:44:00-05:00,1525.8,1525.8,1525.8,1525.8,0,0,0
2019-12-19 14:45:00-05:00,1525.8,1525.8,1525.8,1525.8,0,0,0
2019-12-19 14:46:00-05:00,1525.8,1525.8,1525.8,1525.8,0,0,0
2019-12-19 14:47:00-05:00,1525.8,1525.8,1525.8,1525.8,0,0,0
2019-12-19 14:48:00-05:00,1525.8,1525.8,1525.8,1525.8,0,0,0
2019-12-19 14:49:00-05:00,1525.8,1525.8,1525.8,1525.8,0,0,0
2019-12-19 14:50:00-05:00,1525.8,1525.8,1525.8,1525.8,0,0,0
2019-12-19 14:51:00-05:00,1525.8,1525.8,1525.8,1525.8,0,0,0
2019-12-19 14:52:00-05:00,1525.8,1525.8,1525.8,1525.8,0,0,0
2019-12-19 14:53:00-05:00,1525.8,1525.8,1525.8,1525.8,0,0,0
2019-12-19 14:54:00-05:00,1525.8,1525.8,1525.8,1525.8,0,0,0
2019-12-19 14:55:00-05:00,1525.8,1525.8,1525.8,1525.8,0,0,0
2019-12-19 14:56:00-05:00,1525.8,1525.8,1525.8,1525.8,0,0,0
2019-12-19 14:57:00-05:00,1525.8,1525.8,1525.8,1525.8,0,0,0
2019-12-19 14:58:00-05:00,1525.8,1525.8,1525.8,1525.8,0,0,0
2019-12-19 14:59:00-05:00,1525.8,1525.8,1525.8,1525.8,0,0,0
2019-12-19 15:00:00-05:00,1525.8,1525.8,1525.8,1525.8,0,0,0
2019-12-19 15:01:00-05:00,1525.8,1525.8,1525.8,1525.8,0,0,0
2019-12-19 15:02:00-05:00,1525.8,1525.8,1525.8,1525.8,0,0,0
2019-12-19 15:03:00-05:00,1525.8,1525.8,1525.8,1525.8,0,0,0
2019-12-19 15:04:00-05:00,1525.8,1525.8,1525.8,1525.8,0,0,0
2019-12-19 15:05:00-05:00,1525.8,1525.8,1525.8,1525.8,0,0,0
2019-12-19 15:06:00-05:00,1525.8,1525.8,1525.8,1525.8,0,0,0
2019-12-19 15:07:00-05:00,1525.8,1525.8,1525.8,1525.8,0,0,0
2019-12-19 15:08:00-05:00,1525.8,1525.8,1525.8,1525.8,0,0,0
2019-12-19 15:09:00-05:00,1525.8,1525.8,1525.8,1525.8,0,0,0
2019-12-19 15:10:00-05:00,1525.8,1525.8,1525.8,1525.8,0,0,0
2019-12-19 15:11:00-05:00,1525.8,1525.8,1525.8,1525.8,0,0,0
2019-12-19 15:12:00-05:00,1525.8,1525.8,1525.8,1525.8,0,0,0
2019-12-19 15:13:00-05:00,1525.8,1525.8,1525.8,1525.8,0,0,0
2019-12-19 15:14:00-05:00,1525.8,1525.8,1525.8,1525.8,0,0,0
2019-12-19 15:15:00-05:00,1525.8,1525.8,1525.8,1525.8,0,0,0
2019-12-19 15:16:00-05:00,1525.8,1525.8,1525.8,1525.8,0,0,0
2019-12-19 15:17:00-05:00,1525.8,1525.8,1525.8,1525.8,0,0,0
2019-12-19 15:18:00-05:00,1525.8,1525.8,1525.8,1525.8,0,0,0
2019-12-19 15:19:00-05:00,1525.8,1525.8,1525.8,1525.8,0,0,0
2019-12-19 15:20:00-05:00,1525.8,1525.8,1525.8,1525.8,0,0,0
2019-12-19 15:21:00-05:00,1525.8,1525.8,1525.8,1525.8,0,0,0
2019-12-19 15:22:00-05:00,1525.8,1525.8,1525.8,1525.8,0,0,0
2019-12-19 15:23:00-05:00,1525.8,1525.8,1525.8,1525.8,0,0,0
2019-12-19 15:24:00-05:00,1525.8,1525.8,1525.8,1525.8,0,0,0
2019-12-19 15:25:00-05:00,1525.8,1525.8,1525.8,1525.8,0,0,0
2019-12-19 15:26:00-05:00,1525.8,1525.8,1525.8,1525.8,0,0,0
2019-12-19 15:27:00-05:00,1525.8,1525.8,1525.8,1525.8,0,0,0
2019-12-19 15:28:00-05:00,1525.8,1525.8,1525.8,1525.8,0,0,0
2019-12-19 15:29:00-05:00,1525.8,1525.8,1525.8,1525.8,0,0,0
2019-12-19 15:30:00-05:00,1525.8,1525.8,1525.8,1525.8,0,0,0
2019-12-19 15:31:00-05:00,1525.8,1525.8,1525.8,1525.8,0,0,0
2019-12-19 15:32:00-05:00,1525.8,1525.8,1525.8,1525.8,0,0,0
2019-12-19 15:33:00-05:00,1525.8,1525.8,1525.8,1525.8,0,0,0
2019-12-19 15:34:00-05:00,1525.8,1525.8,1525.8,1525.8,0,0,0
2019-12-19 15:35:00-05:00,1525.8,1525.8,1525.8,1525.8,0,0,0
2019-12-19 15:36:00-05:00,1525.8,1525.8,1525.8,1525.8,0,0,0
2019-12-19 15:37:00-05:00,1525.8,1525.8,1525.8,1525.8,0,0,0
2019-12-19 15:38:00-05:00,1525.8,1525.8,1525.8,1525.8,0,0,0
2019-12-19 15:39:00-05:00,1525.8,1525.8,1525.8,1525.8,0,0,0
2019-12-19 15:40:00-05:00,1525.8,1525.8,1525.8,1525.8,0,0,0
2019-12-19 15:41:00-05:00,1525.8,1525.8,1525.8,1525.8,0,0,0
2019-12-19 15:42:00-05:00,1525.8,1525.8,1525.8,1525.8,0,0,0
2019-12-19 15:43:00-05:00,1525.8,1525.8,1525.8,1525.8,0,0,0
2019-12-19 15:44:00-05:00,1525.8,1525.8,1525.8,1525.8,0,0,0
2019-12-19 15:45:00-05:00,1525.8,1525.8,1525.8,1525.8,0,0,0
2019-12-19 15:46:00-05:00,1525.8,1525.8,1525.8,1525.8,0,0,0
2019-12-19 15:47:00-05:00,1525.8,1525.8,1525.8,1525.8,0,0,0
2019-12-19 15:48:00-05:00,1525.8,1525.8,1525.8,1525.8,0,0,0
2019-12-19 15:49:00-05:00,1525.8,1525.8,1525.8,1525.8,0,0,0
2019-12-19 15:50:00-05:00,1525.8,1525.8,1525.8,1525.8,0,0,0
2019-12-19 15:51:00-05:00,1525.8,1525.8,1525.8,1525.8,0,0,0
2019-12-19 15:52:00-05:00,1525.8,1525.8,1525.8,1525.8,0,0,0
2019-12-19 15:53:00-05:00,1525.8,1525.8,1525.8,1525.8,0,0,0
2019-12-19 15:54:00-05:00,1525.8,1525.8,1525.8,1525.8,0,0,0
2019-12-19 15:55:00-05:00,1525.8,1525.8,1525.8,1525.8,0,0,0
2019-12-19 15:56:00-05:00,1525.8,1525.8,1525.8,1525.8,0,0,0
2019-12-19 15:57:00-05:00,1525.8,1525.8,1525.8,1525.8,0,0,0
2019-12-19 15:58:00-05:00,1525.8,1525.8,1525.8,1525.8,0,0,0
2019-12-19 15:59:00-05:00,1525.8,1525.8,1525.8,1525.8,0,0,0
2019-12-20 09:30:00-05:00,1526.69,1526.69,1526.41,1526.5,0,0,0
2019-12-20 09:31:00-05:00,1526.51,1527.17,1526.51,1527.17,0,0,0
2019-12-20 09:32:00-05:00,1527.17,1527.24,1526.96,1526.96,0,0,0
2019-12-20 09:33:00-05:00,1526.87,1527.57,1526.85,1527.57,0,0,0
2019-12-20 09:34:00-05:00,1527.57,1528.04,1527.56,1527.56,0,0,0
2019-12-20 09:35:00-05:00,1527.58,1527.58,1526.95,1526.95,0,0,0
2019-12-20 09:36:00-05:00,1526.88,1526.88,1526.41,1526.44,0,0,0
2019-12-20 09:37:00-05:00,1526.42,1526.61,1526.42,1526.6,0,0,0
2019-12-20 09:38:00-05:00,1526.53,1526.59,1526.52,1526.54,0,0,0
2019-12-20 09:39:00-05:00,1526.52,1526.52,1526.23,1526.23,0,0,0
2019-12-20 09:40:00-05:00,1526.18,1526.21,1526.06,1526.1,0,0,0
2019-12-20 09:41:00-05:00,1526.06,1526.06,1525.92,1525.92,0,0,0
2019-12-20 09:42:00-05:00,1525.89,1525.89,1525.59,1525.64,0,0,0
2019-12-20 09:43:00-05:00,1525.61,1525.64,1525.5,1525.5,0,0,0
2019-12-20 09:44:00-05:00,1525.49,1525.49,1525.23,1525.28,0,0,0
2019-12-20 09:45:00-05:00,1525.31,1525.54,1525.29,1525.54,0,0,0
2019-12-20 09:46:00-05:00,1525.51,1525.51,1524.98,1525.06,0,0,0
2019-12-20 09:47:00-05:00,1525.06,1525.16,1524.97,1525.16,0,0,0
2019-12-20 09:48:00-05:00,1525.18,1525.31,1525.18,1525.31,0,0,0
2019-12-20 09:49:00-05:00,1525.33,1525.52,1525.23,1525.5,0,0,0
2019-12-20 09:50:00-05:00,1525.48,1525.57,1525.48,1525.57,0,0,0
2019-12-20 09:51:00-05:00,1525.57,1525.57,1525.45,1525.48,0,0,0
2019-12-20 09:52:00-05:00,1525.51,1525.75,1525.51,1525.75,0,0,0
2019-12-20 09:53:00-05:00,1525.66,1526.39,1525.65,1526.32,0,0,0
2019-12-20 09:54:00-05:00,1526.3,1526.53,1526.26,1526.26,0,0,0
2019-12-20 09:55:00-05:00,1526.25,1526.43,1526.18,1526.43,0,0,0
2019-12-20 09:56:00-05:00,1526.48,1526.55,1526.48,1526.51,0,0,0
2019-12-20 09:57:00-05:00,1526.5,1526.57,1526.43,1526.57,0,0,0
2019-12-20 09:58:00-05:00,1526.55,1526.55,1526.33,1526.37,0,0,0
2019-12-20 09:59:00-05:00,1526.37,1526.65,1526.37,1526.44,0,0,0
2019-12-20 10:00:00-05:00,1526.51,1526.61,1526.36,1526.43,0,0,0
2019-12-20 10:01:00-05:00,1526.38,1526.38,1526.27,1526.27,0,0,0
2019-12-20 10:02:00-05:00,1525.95,1526.2,1525.67,1526.2,0,0,0
2019-12-20 10:03:00-05:00,1526.14,1526.56,1526.14,1526.56,0,0,0
2019-12-20 10:04:00-05:00,1526.53,1526.91,1526.52,1526.91,0,0,0
2019-12-20 10:05:00-05:00,1526.84,1526.94,1526.83,1526.94,0,0,0
2019-12-20 10:06:00-05:00,1526.91,1526.91,1526.38,1526.39,0,0,0
2019-12-20 10:07:00-05:00,1526.39,1526.48,1526.36,1526.48,0,0,0
2019-12-20 10:08:00-05:00,1526.6,1526.6,1526.44,1526.44,0,0,0
2019-12-20 10:09:00-05:00,1526.44,1526.44,1526.23,1526.44,0,0,0
2019-12-20 10:10:00-05:00,1526.42,1526.55,1526.32,1526.5,0,0,0
2019-12-20 10:11:00-05:00,1526.45,1526.49,1526.35,1526.4,0,0,0
2019-12-20 10:12:00-05:00,1526.4,1526.94,1526.4,1526.94,0,0,0
2019-12-20 10:13:00-05:00,1527.01,1527.1,1526.97,1527.1,0,0,0
2019-12-20 10:14:00-05:00,1527.1,1527.12,1526.97,1527.06,0,0,0
2019-12-20 10:15:00-05:00,1527.08,1527.12,1527.08,1527.12,0,0,0
2019-12-20 10:16:00-05:00,1527.17,1527.5,1527.13,1527.5,0,0,0
2019-12-20 10:17:00-05:00,1527.44,1527.67,1527.44,1527.62,0,0,0
2019-12-20 10:18:00-05:00,1527.62,1527.75,1527.62,1527.65,0,0,0
2019-12-20 10:19:00-05:00,1527.7,1527.71,1527.57,1527.63,0,0,0
2019-12-20 10:20:00-05:00,1527.51,1527.51,1527.32,1527.35,0,0,0
2019-12-20 10:21:00-05:00,1527.19,1527.29,1527.16,1527.29,0,0,0
2019-12-20 10:22:00-05:00,1527.27,1527.36,1527.27,1527.32,0,0,0
2019-12-20 10:23:00-05:00,1527.34,1527.36,1527.32,1527.34,0,0,0
2019-12-20 10:24:00-05:00,1527.38,1527.58,1527.38,1527.58,0,0,0
2019-12-20 10:25:00-05:00,1527.58,1527.94,1527.58,1527.88,0,0,0
2019-12-20 10:26:00-05:00,1527.92,1528.29,1527.89,1528.18,0,0,0
2019-12-20 10:27:00-05:00,1528.18,1528.41,1528.18,1528.36,0,0,0
2019-12-20 10:28:00-05:00,1528.36,1529.01,1528.36,1528.99,0,0,0
2019-12-20 10:29:00-05:00,1529.02,1529.02,1528.92,1528.95,0,0,0
2019-12-20 10:30:00-05:00,1528.9,1528.98,1528.83,1528.98,0,0,0
2019-12-20 10:31:00-05:00,1528.93,1528.95,1528.84,1528.95,0,0,0
2019-12-20 10:32:00-05:00,1528.92,1528.96,1528.87,1528.93,0,0,0
2019-12-20 10:33:00-05:00,1528.92,1528.99,1528.64,1528.71,0,0,0
2019-12-20 10:34:00-05:00,1528.8,1528.86,1528.8,1528.86,0,0,0
2019-12-20 10:35:00-05:00,1528.88,1529.01,1528.63,1528.63,0,0,0
2019-12-20 10:36:00-05:00,1528.59,1528.59,1528.45,1528.47,0,0,0
2019-12-20 10:37:00-05:00,1528.48,1528.48,1528.31,1528.35,0,0,0
2019-12-20 10:38:00-05:00,1528.35,1528.39,1528.22,1528.22,0,0,0
2019-12-20 10:39:00-05:00,1528.2,1528.28,1528.09,1528.26,0,0,0
2019-12-20 10:40:00-05:00,1528.26,1528.38,1528.26,1528.38,0,0,0
2019-12-20 10:41:00-05:00,1528.38,1528.64,1528.38,1528.62,0,0,0
2019-12-20 10:42:00-05:00,1528.64,1528.8,1528.64,1528.77,0,0,0
2019-12-20 10:43:00-05:00,1528.75,1528.89,1528.75,1528.89,0,0,0
2019-12-20 10:44:00-05:00,1528.89,1528.92,1528.81,1528.82,0,0,0
2019-12-20 10:45:00-05:00,1528.82,1528.92,1528.82,1528.83,0,0,0
2019-12-20 10:46:00-05:00,1528.83,1528.86,1528.81,1528.86,0,0,0
2019-12-20 10:47:00-05:00,1528.86,1528.86,1528.57,1528.64,0,0,0
2019-12-20 10:48:00-05:00,1528.66,1528.77,1528.66,1528.7,0,0,0
2019-12-20 10:49:00-05:00,1528.69,1528.69,1528.55,1528.55,0,0,0
2019-12-20 10:50:00-05:00,1528.53,1528.53,1528.18,1528.26,0,0,0
2019-12-20 10:51:00-05:00,1528.26,1528.33,1528.26,1528.3,0,0,0
2019-12-20 10:52:00-05:00,1528.24,1528.27,1528.17,1528.26,0,0,0
2019-12-20 10:53:00-05:00,1528.25,1528.36,1528.22,1528.36,0,0,0
2019-12-20 10:54:00-05:00,1528.36,1528.55,1528.36,1528.54,0,0,0
2019-12-20 10:55:00-05:00,1528.52,1528.52,1528.15,1528.15,0,0,0
2019-12-20 10:56:00-05:00,1528.16,1528.34,1528.11,1528.33,0,0,0
2019-12-20 10:57:00-05:00,1528.31,1528.31,1527.91,1527.93,0,0,0
2019-12-20 10:58:00-05:00,1527.92,1528.07,1527.92,1528.02,0,0,0
2019-12-20 10:59:00-05:00,1527.99,1528.02,1527.94,1527.96,0,0,0
2019-12-20 11:00:00-05:00,1528.0,1528.0,1527.66,1527.67,0,0,0
2019-12-20 11:01:00-05:00,1527.66,1527.91,1527.65,1527.86,0,0,0
2019-12-20 11:02:00-05:00,1527.79,1527.81,1527.64,1527.65,0,0,0
2019-12-20 11:03:00-05:00,1527.64,1527.64,1527.53,1527.56,0,0,0
2019-12-20 11:04:00-05:00,1527.57,1527.57,1527.21,1527.21,0,0,0
2019-12-20 11:05:00-05:00,1527.34,1527.35,1527.28,1527.35,0,0,0
2019-12-20 11:06:00-05:00,1527.32,1527.41,1527.31,1527.31,0,0,0
2019-12-20 11:07:00-05:00,1527.3,1527.49,1527.3,1527.49,0,0,0
2019-12-20 11:08:00-05:00,1527.53,1527.8,1527.53,1527.8,0,0,0
2019-12-20 11:09:00-05:00,1527.81,1528.08,1527.81,1527.88,0,0,0
2019-12-20 11:10:00-05:00,1527.9,1527.94,1527.9,1527.92,0,0,0
2019-12-20 11:11:00-05:00,1527.92,1528.07,1527.92,1528.05,0,0,0
2019-12-20 11:12:00-05:00,1528.05,1528.33,1528.05,1528.32,0,0,0
2019-12-20 11:13:00-05:00,1528.45,1528.82,1528.45,1528.82,0,0,0
2019-12-20 11:14:00-05:00,1528.82,1529.08,1528.8,1529.08,0,0,0
2019-12-20 11:15:00-05:00,1529.07,1529.07,1528.68,1528.68,0,0,0
2019-12-20 11:16:00-05:00,1528.66,1528.79,1528.63,1528.78,0,0,0
2019-12-20 11:17:00-05:00,1528.73,1528.81,1528.69,1528.74,0,0,0
2019-12-20 11:18:00-05:00,1528.76,1528.76,1528.52,1528.52,0,0,0
2019-12-20 11:19:00-05:00,1528.56,1528.76,1528.56,1528.76,0,0,0
2019-12-20 11:20:00-05:00,1528.77,1528.96,1528.77,1528.95,0,0,0
2019-12-20 11:21:00-05:00,1528.95,1529.22,1528.93,1529.21,0,0,0
2019-12-20 11:22:00-05:00,1529.22,1529.26,1529.15,1529.15,0,0,0
2019-12-20 11:23:00-05:00,1529.2,1529.41,1529.16,1529.41,0,0,0
2019-12-20 11:24:00-05:00,1529.45,1529.67,1529.45,1529.54,0,0,0
2019-12-20 11:25:00-05:00,1529.54,1529.6,1529.42,1529.42,0,0,0
2019-12-20 11:26:00-05:00,1529.35,1529.36,1529.26,1529.29,0,0,0
2019-12-20 11:27:00-05:00,1529.21,1529.24,1529.15,1529.22,0,0,0
2019-12-20 11:28:00-05:00,1529.22,1529.47,1529.22,1529.31,0,0,0
2019-12-20 11:29:00-05:00,1529.36,1529.91,1529.36,1529.69,0,0,0
2019-12-20 11:30:00-05:00,1529.76,1529.76,1529.73,1529.73,0,0,0
2019-12-20 11:31:00-05:00,1529.73,1529.73,1529.73,1529.73,0,0,0
2019-12-20 11:32:00-05:00,1529.73,1529.73,1529.73,1529.73,0,0,0
2019-12-20 11:33:00-05:00,1529.73,1529.73,1529.73,1529.73,0,0,0
2019-12-20 11:34:00-05:00,1529.73,1529.73,1529.73,1529.73,0,0,0
2019-12-20 11:35:00-05:00,1529.73,1529.88,1529.22,1529.22,0,0,0
2019-12-20 11:36:00-05:00,1529.23,1529.42,1529.23,1529.42,0,0,0
2019-12-20 11:37:00-05:00,1529.42,1529.42,1529.42,1529.42,0,0,0
2019-12-20 11:38:00-05:00,1529.42,1529.42,1529.42,1529.42,0,0,0
2019-12-20 11:39:00-05:00,1529.42,1529.42,1529.42,1529.42,0,0,0
2019-12-20 11:40:00-05:00,1529.42,1529.42,1529.42,1529.42,0,0,0
2019-12-20 11:41:00-05:00,1529.42,1529.42,1529.42,1529.42,0,0,0
2019-12-20 11:42:00-05:00,1529.42,1529.42,1529.42,1529.42,0,0,0
2019-12-20 11:43:00-05:00,1529.42,1529.42,1529.42,1529.42,0,0,0
2019-12-20 11:44:00-05:00,1529.42,1529.42,1529.42,1529.42,0,0,0
2019-12-20 11:45:00-05:00,1529.42,1529.42,1529.42,1529.42,0,0,0
2019-12-20 11:46:00-05:00,1529.42,1529.42,1529.42,1529.42,0,0,0
2019-12-20 11:47:00-05:00,1529.42,1529.42,1529.42,1529.42,0,0,0
2019-12-20 11:48:00-05:00,1529.42,1529.42,1529.42,1529.42,0,0,0
2019-12-20 11:49:00-05:00,1529.42,1529.42,1529.42,1529.42,0,0,0
2019-12-20 11:50:00-05:00,1529.42,1529.42,1529.42,1529.42,0,0,0
2019-12-20 11:51:00-05:00,1529.42,1529.42,1529.42,1529.42,0,0,0
2019-12-20 11:52:00-05:00,1529.42,1529.42,1529.42,1529.42,0,0,0
2019-12-20 11:53:00-05:00,1529.42,1529.42,1529.42,1529.42,0,0,0
2019-12-20 11:54:00-05:00,1529.42,1529.42,1529.42,1529.42,0,0,0
2019-12-20 11:55:00-05:00,1529.42,1529.42,1529.42,1529.42,0,0,0
2019-12-20 11:56:00-05:00,1529.42,1529.42,1529.42,1529.42,0,0,0
2019-12-20 11:57:00-05:00,1529.42,1529.42,1529.42,1529.42,0,0,0
2019-12-20 11:58:00-05:00,1529.42,1529.42,1529.42,1529.42,0,0,0
2019-12-20 11:59:00-05:00,1529.42,1529.42,1529.42,1529.42,0,0,0
2019-12-20 12:00:00-05:00,1529.42,1529.42,1529.42,1529.42,0,0,0
2019-12-20 12:01:00-05:00,1529.42,1529.42,1529.42,1529.42,0,0,0
2019-12-20 12:02:00-05:00,1529.42,1529.42,1529.42,1529.42,0,0,0
2019-12-20 12:03:00-05:00,1529.42,1529.42,1529.42,1529.42,0,0,0
2019-12-20 12:04:00-05:00,1529.42,1529.42,1529.42,1529.42,0,0,0
2019-12-20 12:05:00-05:00,1529.42,1529.42,1529.42,1529.42,0,0,0
2019-12-20 12:06:00-05:00,1529.42,1529.42,1529.42,1529.42,0,0,0
2019-12-20 12:07:00-05:00,1529.42,1529.42,1529.42,1529.42,0,0,0
2019-12-20 12:08:00-05:00,1529.42,1529.42,1529.42,1529.42,0,0,0
2019-12-20 12:09:00-05:00,1529.42,1529.42,1529.42,1529.42,0,0,0
2019-12-20 12:10:00-05:00,1529.42,1529.42,1529.42,1529.42,0,0,0
2019-12-20 12:11:00-05:00,1529.42,1529.42,1529.42,1529.42,0,0,0
2019-12-20 12:12:00-05:00,1529.42,1529.42,1529.42,1529.42,0,0,0
2019-12-20 12:15:00-05:00,1529.42,1529.42,1529.42,1529.42,0,0,0
2019-12-20 12:16:00-05:00,1529.42,1529.42,1529.42,1529.42,0,0,0
2019-12-20 12:17:00-05:00,1529.42,1529.42,1529.42,1529.42,0,0,0
2019-12-20 12:18:00-05:00,1529.42,1529.42,1529.42,1529.42,0,0,0
2019-12-20 12:19:00-05:00,1529.42,1529.42,1529.42,1529.42,0,0,0
2019-12-20 12:20:00-05:00,1529.42,1529.42,1529.42,1529.42,0,0,0
2019-12-20 12:21:00-05:00,1529.42,1529.42,1529.42,1529.42,0,0,0
2019-12-20 12:22:00-05:00,1529.42,1529.42,1529.42,1529.42,0,0,0
2019-12-20 12:23:00-05:00,1529.42,1529.42,1529.42,1529.42,0,0,0
2019-12-20 12:24:00-05:00,1529.42,1529.42,1529.42,1529.42,0,0,0
2019-12-20 12:25:00-05:00,1529.42,1529.42,1529.42,1529.42,0,0,0
2019-12-20 12:26:00-05:00,1529.42,1529.42,1529.42,1529.42,0,0,0
2019-12-20 12:27:00-05:00,1529.42,1529.42,1529.42,1529.42,0,0,0
2019-12-20 12:28:00-05:00,1529.42,1529.42,1529.42,1529.42,0,0,0
2019-12-20 12:29:00-05:00,1529.42,1529.42,1529.42,1529.42,0,0,0
2019-12-20 12:30:00-05:00,1529.42,1529.42,1529.42,1529.42,0,0,0
2019-12-20 12:31:00-05:00,1529.42,1529.42,1529.42,1529.42,0,0,0
2019-12-20 12:32:00-05:00,1529.42,1529.42,1529.42,1529.42,0,0,0
2019-12-20 12:33:00-05:00,1529.42,1529.42,1529.42,1529.42,0,0,0
2019-12-20 12:34:00-05:00,1529.42,1529.42,1529.42,1529.42,0,0,0
2019-12-20 12:35:00-05:00,1529.42,1529.42,1529.42,1529.42,0,0,0
2019-12-20 12:36:00-05:00,1529.42,1529.42,1529.42,1529.42,0,0,0
2019-12-20 12:37:00-05:00,1529.42,1529.42,1529.42,1529.42,0,0,0
2019-12-20 12:38:00-05:00,1529.42,1529.42,1529.42,1529.42,0,0,0
2019-12-20 12:39:00-05:00,1529.42,1529.42,1529.42,1529.42,0,0,0
2019-12-20 12:40:00-05:00,1529.42,1529.42,1529.42,1529.42,0,0,0
2019-12-20 12:41:00-05:00,1529.42,1529.42,1529.42,1529.42,0,0,0
2019-12-20 12:42:00-05:00,1529.42,1529.42,1529.42,1529.42,0,0,0
2019-12-20 12:43:00-05:00,1529.42,1529.42,1529.42,1529.42,0,0,0
2019-12-20 12:44:00-05:00,1529.42,1529.42,1529.42,1529.42,0,0,0
2019-12-20 12:45:00-05:00,1529.42,1529.42,1529.42,1529.42,0,0,0
2019-12-20 12:46:00-05:00,1529.42,1529.42,1529.42,1529.42,0,0,0
2019-12-20 12:47:00-05:00,1529.42,1529.42,1529.42,1529.42,0,0,0
2019-12-20 12:48:00-05:00,1529.42,1529.42,1529.42,1529.42,0,0,0
2019-12-20 12:49:00-05:00,1529.42,1529.42,1529.42,1529.42,0,0,0
2019-12-20 12:50:00-05:00,1529.42,1529.42,1529.42,1529.42,0,0,0
2019-12-20 12:51:00-05:00,1529.42,1529.42,1529.42,1529.42,0,0,0
2019-12-20 12:52:00-05:00,1529.42,1529.42,1529.42,1529.42,0,0,0
2019-12-20 12:53:00-05:00,1529.42,1529.42,1529.42,1529.42,0,0,0
2019-12-20 12:54:00-05:00,1529.42,1529.42,1529.42,1529.42,0,0,0
2019-12-20 12:55:00-05:00,1529.42,1529.42,1529.42,1529.42,0,0,0
2019-12-20 12:56:00-05:00,1529.42,1529.42,1529.42,1529.42,0,0,0
2019-12-20 12:57:00-05:00,1529.42,1529.42,1529.42,1529.42,0,0,0
2019-12-20 12:58:00-05:00,1529.42,1529.42,1529.42,1529.42,0,0,0
2019-12-20 12:59:00-05:00,1529.42,1529.42,1529.42,1529.42,0,0,0
2019-12-20 13:00:00-05:00,1529.42,1529.42,1529.42,1529.42,0,0,0
2019-12-20 13:01:00-05:00,1529.42,1529.42,1529.42,1529.42,0,0,0
2019-12-20 13:02:00-05:00,1529.42,1529.42,1529.42,1529.42,0,0,0
2019-12-20 13:03:00-05:00,1529.42,1529.42,1529.42,1529.42,0,0,0
2019-12-20 13:04:00-05:00,1529.42,1529.42,1529.42,1529.42,0,0,0
2019-12-20 13:05:00-05:00,1529.42,1529.42,1529.42,1529.42,0,0,0
2019-12-20 13:06:00-05:00,1529.42,1529.42,1529.42,1529.42,0,0,0
2019-12-20 13:07:00-05:00,1529.42,1529.42,1529.42,1529.42,0,0,0
2019-12-20 13:08:00-05:00,1529.42,1529.42,1529.42,1529.42,0,0,0
2019-12-20 13:09:00-05:00,1529.42,1529.42,1529.42,1529.42,0,0,0
2019-12-20 13:10:00-05:00,1529.42,1529.42,1529.42,1529.42,0,0,0
2019-12-20 13:11:00-05:00,1529.42,1529.42,1529.42,1529.42,0,0,0
2019-12-20 13:12:00-05:00,1529.42,1529.42,1529.42,1529.42,0,0,0
2019-12-20 13:13:00-05:00,1529.42,1529.42,1529.42,1529.42,0,0,0
2019-12-20 13:14:00-05:00,1529.42,1529.42,1529.42,1529.42,0,0,0
2019-12-20 13:15:00-05:00,1529.42,1529.42,1529.42,1529.42,0,0,0
2019-12-20 13:16:00-05:00,1529.42,1529.42,1529.42,1529.42,0,0,0
2019-12-20 13:17:00-05:00,1529.42,1529.42,1529.42,1529.42,0,0,0
2019-12-20 13:18:00-05:00,1529.42,1529.42,1529.42,1529.42,0,0,0
2019-12-20 13:19:00-05:00,1529.42,1529.42,1529.42,1529.42,0,0,0
2019-12-20 13:20:00-05:00,1529.42,1529.42,1529.42,1529.42,0,0,0
2019-12-20 13:21:00-05:00,1529.42,1529.42,1529.42,1529.42,0,0,0
2019-12-20 13:22:00-05:00,1529.42,1529.42,1529.42,1529.42,0,0,0
2019-12-20 13:23:00-05:00,1529.42,1529.42,1529.42,1529.42,0,0,0
2019-12-20 13:24:00-05:00,1529.42,1529.42,1529.42,1529.42,0,0,0
2019-12-20 13:25:00-05:00,1529.42,1529.42,1529.42,1529.42,0,0,0
2019-12-20 13:26:00-05:00,1529.42,1529.42,1529.42,1529.42,0,0,0
2019-12-20 13:27:00-05:00,1529.42,1529.42,1529.42,1529.42,0,0,0
2019-12-20 13:28:00-05:00,1529.42,1529.42,1529.42,1529.42,0,0,0
2019-12-20 13:29:00-05:00,1529.42,1529.42,1529.42,1529.42,0,0,0
2019-12-20 13:30:00-05:00,1529.42,1529.42,1529.42,1529.42,0,0,0
2019-12-20 13:31:00-05:00,1529.42,1529.42,1529.42,1529.42,0,0,0
2019-12-20 13:32:00-05:00,1529.42,1529.42,1529.42,1529.42,0,0,0
2019-12-20 13:33:00-05:00,1529.42,1529.42,1529.42,1529.42,0,0,0
2019-12-20 13:34:00-05:00,1529.42,1529.42,1529.42,1529.42,0,0,0
2019-12-20 13:35:00-05:00,1529.42,1529.42,1529.42,1529.42,0,0,0
2019-12-20 13:36:00-05:00,1529.42,1529.42,1529.42,1529.42,0,0,0
2019-12-20 13:37:00-05:00,1529.42,1529.42,1529.42,1529.42,0,0,0
2019-12-20 13:38:00-05:00,1529.42,1529.42,1529.42,1529.42,0,0,0
2019-12-20 13:39:00-05:00,1529.42,1529.42,1529.42,1529.42,0,0,0
2019-12-20 13:40:00-05:00,1529.42,1529.42,1529.42,1529.42,0,0,0
2019-12-20 13:41:00-05:00,1529.42,1529.42,1529.42,1529.42,0,0,0
2019-12-20 13:42:00-05:00,1529.42,1529.42,1529.42,1529.42,0,0,0
2019-12-20 13:43:00-05:00,1529.42,1529.42,1529.42,1529.42,0,0,0
2019-12-20 13:44:00-05:00,1529.42,1529.42,1529.42,1529.42,0,0,0
2019-12-20 13:45:00-05:00,1529.42,1529.42,1529.42,1529.42,0,0,0
2019-12-20 13:46:00-05:00,1529.42,1529.42,1529.42,1529.42,0,0,0
2019-12-20 13:47:00-05:00,1529.42,1529.42,1529.42,1529.42,0,0,0
2019-12-20 13:48:00-05:00,1529.42,1529.42,1529.42,1529.42,0,0,0
2019-12-20 13:49:00-05:00,1529.42,1529.42,1529.42,1529.42,0,0,0
2019-12-20 13:50:00-05:00,1529.42,1529.42,1529.42,1529.42,0,0,0
2019-12-20 13:51:00-05:00,1529.42,1529.42,1529.42,1529.42,0,0,0
2019-12-20 13:52:00-05:00,1529.42,1529.42,1529.42,1529.42,0,0,0
2019-12-20 13:53:00-05:00,1529.42,1529.42,1529.42,1529.42,0,0,0
2019-12-20 13:54:00-05:00,1529.42,1529.42,1529.42,1529.42,0,0,0
2019-12-20 13:55:00-05:00,1529.42,1529.42,1529.42,1529.42,0,0,0
2019-12-20 13:56:00-05:00,1529.42,1529.42,1529.42,1529.42,0,0,0
2019-12-20 13:57:00-05:00,1529.42,1529.42,1529.42,1529.42,0,0,0
2019-12-20 13:58:00-05:00,1529.42,1529.42,1529.42,1529.42,0,0,0
2019-12-20 13:59:00-05:00,1529.42,1529.42,1529.42,1529.42,0,0,0
2019-12-20 14:00:00-05:00,1529.42,1529.42,1529.42,1529.42,0,0,0
2019-12-20 14:01:00-05:00,1529.42,1529.42,1529.42,1529.42,0,0,0
2019-12-20 14:02:00-05:00,1529.42,1529.42,1529.42,1529.42,0,0,0
2019-12-20 14:03:00-05:00,1529.42,1529.42,1529.42,1529.42,0,0,0
2019-12-20 14:04:00-05:00,1529.42,1529.42,1529.42,1529.42,0,0,0
2019-12-20 14:05:00-05:00,1529.42,1529.42,1529.42,1529.42,0,0,0
2019-12-20 14:06:00-05:00,1529.42,1529.42,1529.42,1529.42,0,0,0
2019-12-20 14:07:00-05:00,1529.42,1529.42,1529.42,1529.42,0,0,0
2019-12-20 14:08:00-05:00,1529.42,1529.42,1529.42,1529.42,0,0,0
2019-12-20 14:09:00-05:00,1529.42,1529.42,1529.42,1529.42,0,0,0
2019-12-20 14:10:00-05:00,1529.42,1529.42,1529.42,1529.42,0,0,0
2019-12-20 14:11:00-05:00,1529.42,1529.42,1529.42,1529.42,0,0,0
2019-12-20 14:12:00-05:00,1529.42,1529.42,1529.42,1529.42,0,0,0
2019-12-20 14:13:00-05:00,1529.42,1529.42,1529.42,1529.42,0,0,0
2019-12-20 14:14:00-05:00,1529.42,1529.42,1529.42,1529.42,0,0,0
2019-12-20 14:15:00-05:00,1529.42,1529.42,1529.42,1529.42,0,0,0
2019-12-20 14:16:00-05:00,1529.42,1529.42,1529.42,1529.42,0,0,0
2019-12-20 14:17:00-05:00,1529.42,1529.42,1529.42,1529.42,0,0,0
2019-12-20 14:18:00-05:00,1529.42,1529.42,1529.42,1529.42,0,0,0
2019-12-20 14:19:00-05:00,1529.42,1529.42,1529.42,1529.42,0,0,0
2019-12-20 14:20:00-05:00,1529.42,1529.42,1529.42,1529.42,0,0,0
2019-12-20 14:21:00-05:00,1529.42,1529.42,1529.42,1529.42,0,0,0
2019-12-20 14:22:00-05:00,1529.42,1529.42,1529.42,1529.42,0,0,0
2019-12-20 14:23:00-05:00,1529.42,1529.42,1529.42,1529.42,0,0,0
2019-12-20 14:24:00-05:00,1529.42,1529.42,1529.42,1529.42,0,0,0
2019-12-20 14:25:00-05:00,1529.42,1529.42,1529.42,1529.42,0,0,0
2019-12-20 14:26:00-05:00,1529.42,1529.42,1529.42,1529.42,0,0,0
2019-12-20 14:27:00-05:00,1529.42,1529.42,1529.42,1529.42,0,0,0
2019-12-20 14:28:00-05:00,1529.42,1529.42,1529.42,1529.42,0,0,0
2019-12-20 14:29:00-05:00,1529.42,1529.42,1529.42,1529.42,0,0,0
2019-12-20 14:30:00-05:00,1529.42,1529.42,1529.42,1529.42,0,0,0
2019-12-20 14:31:00-05:00,1529.42,1529.42,1529.42,1529.42,0,0,0
2019-12-20 14:32:00-05:00,1529.42,1529.42,1529.42,1529.42,0,0,0
2019-12-20 14:33:00-05:00,1529.42,1529.42,1529.42,1529.42,0,0,0
2019-12-20 14:34:00-05:00,1529.42,1529.42,1529.42,1529.42,0,0,0
2019-12-20 14:35:00-05:00,1529.42,1529.42,1529.42,1529.42,0,0,0
2019-12-20 14:36:00-05:00,1529.42,1529.42,1529.42,1529.42,0,0,0
2019-12-20 14:37:00-05:00,1529.42,1529.42,1529.42,1529.42,0,0,0
2019-12-20 14:38:00-05:00,1529.42,1529.42,1529.42,1529.42,0,0,0
2019-12-20 14:39:00-05:00,1529.42,1529.42,1529.42,1529.42,0,0,0
2019-12-20 14:40:00-05:00,1529.42,1529.42,1529.42,1529.42,0,0,0
2019-12-20 14:41:00-05:00,1529.42,1529.42,1529.42,1529.42,0,0,0
2019-12-20 14:42:00-05:00,1529.42,1529.42,1529.42,1529.42,0,0,0
2019-12-20 14:43:00-05:00,1529.42,1529.42,1529.42,1529.42,0,0,0
2019-12-20 14:44:00-05:00,1529.42,1529.42,1529.42,1529.42,0,0,0
2019-12-20 14:45:00-05:00,1529.42,1529.42,1529.42,1529.42,0,0,0
2019-12-20 14:46:00-05:00,1529.42,1529.42,1529.42,1529.42,0,0,0
2019-12-20 14:47:00-05:00,1529.42,1529.42,1529.42,1529.42,0,0,0
2019-12-20 14:48:00-05:00,1529.42,1529.42,1529.42,1529.42,0,0,0
2019-12-20 14:49:00-05:00,1529.42,1529.42,1529.42,1529.42,0,0,0
2019-12-20 14:50:00-05:00,1529.42,1529.42,1529.42,1529.42,0,0,0
2019-12-20 14:51:00-05:00,1529.42,1529.42,1529.42,1529.42,0,0,0
2019-12-20 14:52:00-05:00,1529.42,1529.42,1529.42,1529.42,0,0,0
2019-12-20 14:53:00-05:00,1529.42,1529.42,1529.42,1529.42,0,0,0
2019-12-20 14:54:00-05:00,1529.42,1529.42,1529.42,1529.42,0,0,0
2019-12-20 14:55:00-05:00,1529.42,1529.42,1529.42,1529.42,0,0,0
2019-12-20 14:56:00-05:00,1529.42,1529.42,1529.42,1529.42,0,0,0
2019-12-20 14:57:00-05:00,1529.42,1529.42,1529.42,1529.42,0,0,0
2019-12-20 14:58:00-05:00,1529.42,1529.42,1529.42,1529.42,0,0,0
2019-12-20 14:59:00-05:00,1529.42,1529.42,1529.42,1529.42,0,0,0
2019-12-20 15:00:00-05:00,1529.42,1529.42,1529.42,1529.42,0,0,0
2019-12-20 15:01:00-05:00,1529.42,1529.42,1529.42,1529.42,0,0,0
2019-12-20 15:02:00-05:00,1529.42,1529.42,1529.42,1529.42,0,0,0
2019-12-20 15:03:00-05:00,1529.42,1529.42,1529.42,1529.42,0,0,0
2019-12-20 15:04:00-05:00,1529.42,1529.42,1529.42,1529.42,0,0,0
2019-12-20 15:05:00-05:00,1529.42,1529.42,1529.42,1529.42,0,0,0
2019-12-20 15:06:00-05:00,1529.42,1529.42,1529.42,1529.42,0,0,0
2019-12-20 15:07:00-05:00,1529.42,1529.42,1529.42,1529.42,0,0,0
2019-12-20 15:08:00-05:00,1529.42,1529.42,1529.42,1529.42,0,0,0
2019-12-20 15:09:00-05:00,1529.42,1529.42,1529.42,1529.42,0,0,0
2019-12-20 15:10:00-05:00,1529.42,1529.42,1529.42,1529.42,0,0,0
2019-12-20 15:11:00-05:00,1529.42,1529.42,1529.42,1529.42,0,0,0
2019-12-20 15:12:00-05:00,1529.42,1529.42,1529.42,1529.42,0,0,0
2019-12-20 15:13:00-05:00,1529.42,1529.42,1529.42,1529.42,0,0,0
2019-12-20 15:14:00-05:00,1529.42,1529.42,1529.42,1529.42,0,0,0
2019-12-20 15:15:00-05:00,1529.42,1529.42,1529.42,1529.42,0,0,0
2019-12-20 15:16:00-05:00,1529.42,1529.42,1529.42,1529.42,0,0,0
2019-12-20 15:17:00-05:00,1529.42,1529.42,1529.42,1529.42,0,0,0
2019-12-20 15:18:00-05:00,1529.42,1529.42,1529.42,1529.42,0,0,0
2019-12-20 15:19:00-05:00,1529.42,1529.42,1529.42,1529.42,0,0,0
2019-12-20 15:20:00-05:00,1529.42,1529.42,1529.42,1529.42,0,0,0
2019-12-20 15:21:00-05:00,1529.42,1529.42,1529.42,1529.42,0,0,0
2019-12-20 15:22:00-05:00,1529.42,1529.42,1529.42,1529.42,0,0,0
2019-12-20 15:23:00-05:00,1529.42,1529.42,1529.42,1529.42,0,0,0
2019-12-20 15:24:00-05:00,1529.42,1529.42,1529.42,1529.42,0,0,0
2019-12-20 15:25:00-05:00,1529.42,1529.42,1529.42,1529.42,0,0,0
2019-12-20 15:26:00-05:00,1529.42,1529.42,1529.42,1529.42,0,0,0
2019-12-20 15:27:00-05:00,1529.42,1529.42,1529.42,1529.42,0,0,0
2019-12-20 15:28:00-05:00,1529.42,1529.42,1529.42,1529.42,0,0,0
2019-12-20 15:29:00-05:00,1529.42,1529.42,1529.42,1529.42,0,0,0
2019-12-20 15:30:00-05:00,1529.42,1529.42,1529.42,1529.42,0,0,0
2019-12-20 15:31:00-05:00,1529.42,1529.42,1529.42,1529.42,0,0,0
2019-12-20 15:32:00-05:00,1529.42,1529.42,1529.42,1529.42,0,0,0
2019-12-20 15:33:00-05:00,1529.42,1529.42,1529.42,1529.42,0,0,0
2019-12-20 15:34:00-05:00,1529.42,1529.42,1529.42,1529.42,0,0,0
2019-12-20 15:35:00-05:00,1529.42,1529.42,1529.42,1529.42,0,0,0
2019-12-20 15:36:00-05:00,1529.42,1529.42,1529.42,1529.42,0,0,0
2019-12-20 15:37:00-05:00,1529.42,1529.42,1529.42,1529.42,0,0,0
2019-12-20 15:38:00-05:00,1529.42,1529.42,1529.42,1529.42,0,0,0
2019-12-20 15:39:00-05:00,1529.42,1529.42,1529.42,1529.42,0,0,0
2019-12-20 15:40:00-05:00,1529.42,1529.42,1529.42,1529.42,0,0,0
2019-12-20 15:41:00-05:00,1529.42,1529.42,1529.42,1529.42,0,0,0
2019-12-20 15:42:00-05:00,1529.42,1529.42,1529.42,1529.42,0,0,0
2019-12-20 15:43:00-05:00,1529.42,1529.42,1529.42,1529.42,0,0,0
2019-12-20 15:44:00-05:00,1529.42,1529.42,1529.42,1529.42,0,0,0
2019-12-20 15:45:00-05:00,1529.42,1529.42,1529.42,1529.42,0,0,0
2019-12-20 15:46:00-05:00,1529.42,1529.42,1529.42,1529.42,0,0,0
2019-12-20 15:47:00-05:00,1529.42,1529.42,1529.42,1529.42,0,0,0
2019-12-20 15:48:00-05:00,1529.42,1529.42,1529.42,1529.42,0,0,0
2019-12-20 15:49:00-05:00,1529.42,1529.42,1529.42,1529.42,0,0,0
2019-12-20 15:50:00-05:00,1529.42,1529.42,1529.42,1529.42,0,0,0
2019-12-20 15:51:00-05:00,1529.42,1529.42,1529.42,1529.42,0,0,0
2019-12-20 15:52:00-05:00,1529.42,1529.42,1529.42,1529.42,0,0,0
2019-12-20 15:53:00-05:00,1529.42,1529.42,1529.42,1529.42,0,0,0
2019-12-20 15:54:00-05:00,1529.42,1529.42,1529.42,1529.42,0,0,0
2019-12-20 15:55:00-05:00,1529.42,1529.42,1529.42,1529.42,0,0,0
2019-12-20 15:56:00-05:00,1529.42,1529.42,1529.42,1529.42,0,0,0
2019-12-20 15:57:00-05:00,1529.42,1529.42,1529.42,1529.42,0,0,0
2019-12-20 15:58:00-05:00,1529.42,1529.42,1529.42,1529.42,0,0,0
2019-12-20 15:59:00-05:00,1529.42,1529.42,1529.42,1529.42,0,0,0
2019-12-23 09:30:00-05:00,1528.02,1528.02,1527.77,1527.87,0,0,0
2019-12-23 09:31:00-05:00,1527.85,1527.85,1527.63,1527.76,0,0,0
2019-12-23 09:32:00-05:00,1527.72,1527.73,1527.65,1527.65,0,0,0
2019-12-23 09:33:00-05:00,1527.69,1527.69,1527.5,1527.5,0,0,0
2019-12-23 09:34:00-05:00,1527.45,1527.7,1527.43,1527.62,0,0,0
2019-12-23 09:35:00-05:00,1527.61,1527.61,1527.49,1527.52,0,0,0
2019-12-23 09:36:00-05:00,1527.57,1528.35,1527.57,1528.3,0,0,0
2019-12-23 09:37:00-05:00,1527.76,1527.76,1527.64,1527.67,0,0,0
2019-12-23 09:38:00-05:00,1527.68,1527.68,1527.57,1527.58,0,0,0
2019-12-23 09:39:00-05:00,1527.58,1527.58,1527.34,1527.38,0,0,0
2019-12-23 09:40:00-05:00,1527.38,1527.38,1527.28,1527.34,0,0,0
2019-12-23 09:41:00-05:00,1527.33,1527.43,1527.32,1527.4,0,0,0
2019-12-23 09:42:00-05:00,1527.39,1527.44,1527.28,1527.43,0,0,0
2019-12-23 09:43:00-05:00,1527.45,1527.58,1527.43,1527.58,0,0,0
2019-12-23 09:44:00-05:00,1527.56,1527.67,1527.49,1527.52,0,0,0
2019-12-23 09:45:00-05:00,1527.48,1527.48,1527.37,1527.41,0,0,0
2019-12-23 09:46:00-05:00,1527.49,1527.65,1527.48,1527.52,0,0,0
2019-12-23 09:47:00-05:00,1527.51,1527.51,1527.24,1527.25,0,0,0
2019-12-23 09:48:00-05:00,1527.26,1527.26,1527.15,1527.26,0,0,0
2019-12-23 09:49:00-05:00,1527.24,1527.25,1527.16,1527.24,0,0,0
2019-12-23 09:50:00-05:00,1527.26,1527.47,1527.23,1527.47,0,0,0
2019-12-23 09:51:00-05:00,1527.51,1527.58,1527.51,1527.55,0,0,0
2019-12-23 09:52:00-05:00,1527.55,1527.58,1527.55,1527.56,0,0,0
2019-12-23 09:53:00-05:00,1527.56,1527.6,1527.46,1527.49,0,0,0
2019-12-23 09:54:00-05:00,1527.46,1527.54,1527.45,1527.54,0,0,0
2019-12-23 09:55:00-05:00,1527.55,1527.55,1527.47,1527.48,0,0,0
2019-12-23 09:56:00-05:00,1527.48,1527.55,1527.46,1527.53,0,0,0
2019-12-23 09:57:00-05:00,1527.51,1527.59,1527.51,1527.54,0,0,0
2019-12-23 09:58:00-05:00,1527.54,1527.54,1527.44,1527.5,0,0,0
2019-12-23 09:59:00-05:00,1527.45,1527.53,1527.39,1527.48,0,0,0
2019-12-23 10:00:00-05:00,1527.51,1527.73,1527.51,1527.7,0,0,0
2019-12-23 10:01:00-05:00,1527.73,1527.9,1527.73,1527.9,0,0,0
2019-12-23 10:02:00-05:00,1527.9,1527.93,1527.8,1527.84,0,0,0
2019-12-23 10:03:00-05:00,1527.87,1527.96,1527.87,1527.96,0,0,0
2019-12-23 10:04:00-05:00,1527.94,1527.96,1527.9,1527.94,0,0,0
2019-12-23 10:05:00-05:00,1527.98,1527.98,1527.82,1527.82,0,0,0
2019-12-23 10:06:00-05:00,1527.8,1527.8,1527.67,1527.71,0,0,0
2019-12-23 10:07:00-05:00,1527.77,1527.84,1527.73,1527.79,0,0,0
2019-12-23 10:08:00-05:00,1527.78,1527.8,1527.66,1527.68,0,0,0
2019-12-23 10:09:00-05:00,1527.66,1527.66,1527.43,1527.52,0,0,0
2019-12-23 10:10:00-05:00,1527.6,1527.85,1527.59,1527.85,0,0,0
2019-12-23 10:11:00-05:00,1527.87,1527.97,1527.83,1527.97,0,0,0
2019-12-23 10:12:00-05:00,1527.98,1527.98,1527.92,1527.95,0,0,0
2019-12-23 10:13:00-05:00,1527.96,1527.96,1527.79,1527.84,0,0,0
2019-12-23 10:14:00-05:00,1527.81,1527.85,1527.68,1527.68,0,0,0
2019-12-23 10:15:00-05:00,1527.67,1527.76,1527.65,1527.73,0,0,0
2019-12-23 10:16:00-05:00,1527.65,1527.65,1527.45,1527.46,0,0,0
2019-12-23 10:17:00-05:00,1527.46,1527.64,1527.46,1527.6,0,0,0
2019-12-23 10:18:00-05:00,1527.59,1527.78,1527.59,1527.73,0,0,0
2019-12-23 10:19:00-05:00,1527.68,1527.74,1527.67,1527.74,0,0,0
2019-12-23 10:20:00-05:00,1527.77,1527.85,1527.75,1527.85,0,0,0
2019-12-23 10:21:00-05:00,1527.87,1527.91,1527.83,1527.88,0,0,0
2019-12-23 10:22:00-05:00,1527.83,1527.99,1527.83,1527.98,0,0,0
2019-12-23 10:23:00-05:00,1527.98,1528.0,1527.95,1527.95,0,0,0
2019-12-23 10:24:00-05:00,1527.97,1528.11,1527.97,1528.05,0,0,0
2019-12-23 10:25:00-05:00,1528.04,1528.1,1527.94,1528.1,0,0,0
2019-12-23 10:26:00-05:00,1528.11,1528.11,1527.98,1527.98,0,0,0
2019-12-23 10:27:00-05:00,1527.97,1528.01,1527.96,1528.01,0,0,0
2019-12-23 10:28:00-05:00,1527.91,1527.93,1527.76,1527.8,0,0,0
2019-12-23 10:29:00-05:00,1527.76,1527.76,1527.53,1527.63,0,0,0
2019-12-23 10:30:00-05:00,1527.6,1527.65,1527.56,1527.58,0,0,0
2019-12-23 10:31:00-05:00,1527.57,1527.58,1527.44,1527.44,0,0,0
2019-12-23 10:32:00-05:00,1527.34,1527.36,1527.25,1527.3,0,0,0
2019-12-23 10:33:00-05:00,1527.29,1527.34,1527.28,1527.34,0,0,0
2019-12-23 10:34:00-05:00,1527.34,1527.37,1527.28,1527.28,0,0,0
2019-12-23 10:35:00-05:00,1527.22,1527.29,1527.18,1527.18,0,0,0
2019-12-23 10:36:00-05:00,1527.14,1527.29,1527.14,1527.28,0,0,0
2019-12-23 10:37:00-05:00,1527.33,1527.45,1527.31,1527.45,0,0,0
2019-12-23 10:38:00-05:00,1527.45,1527.5,1527.45,1527.49,0,0,0
2019-12-23 10:39:00-05:00,1527.49,1527.59,1527.49,1527.56,0,0,0
2019-12-23 10:40:00-05:00,1527.59,1527.74,1527.59,1527.74,0,0,0
2019-12-23 10:41:00-05:00,1527.78,1528.02,1527.78,1528.02,0,0,0
2019-12-23 10:42:00-05:00,1528.1,1528.14,1528.09,1528.11,0,0,0
2019-12-23 10:43:00-05:00,1528.11,1528.15,1528.02,1528.04,0,0,0
2019-12-23 10:44:00-05:00,1528.06,1528.06,1527.93,1527.93,0,0,0
2019-12-23 10:45:00-05:00,1527.93,1527.97,1527.85,1527.88,0,0,0
2019-12-23 10:46:00-05:00,1527.79,1527.79,1527.7,1527.7,0,0,0
2019-12-23 10:47:00-05:00,1527.7,1527.76,1527.68,1527.76,0,0,0
2019-12-23 10:48:00-05:00,1527.75,1527.86,1527.75,1527.86,0,0,0
2019-12-23 10:49:00-05:00,1527.92,1528.04,1527.9,1528.04,0,0,0
2019-12-23 10:50:00-05:00,1528.07,1528.09,1527.99,1527.99,0,0,0
2019-12-23 10:51:00-05:00,1527.98,1528.09,1527.98,1528.01,0,0,0
2019-12-23 10:52:00-05:00,1528.0,1528.09,1528.0,1528.09,0,0,0
2019-12-23 10:53:00-05:00,1528.04,1528.16,1527.98,1528.16,0,0,0
2019-12-23 10:54:00-05:00,1528.09,1528.26,1528.09,1528.15,0,0,0
2019-12-23 10:55:00-05:00,1528.13,1528.13,1527.96,1527.96,0,0,0
2019-12-23 10:56:00-05:00,1527.96,1527.96,1527.88,1527.93,0,0,0
2019-12-23 10:57:00-05:00,1527.91,1527.94,1527.89,1527.91,0,0,0
2019-12-23 10:58:00-05:00,1527.89,1527.94,1527.86,1527.91,0,0,0
2019-12-23 10:59:00-05:00,1527.95,1528.05,1527.95,1528.05,0,0,0
2019-12-23 11:00:00-05:00,1528.05,1528.15,1528.05,1528.1,0,0,0
2019-12-23 11:01:00-05:00,1528.09,1528.15,1528.09,1528.15,0,0,0
2019-12-23 11:02:00-05:00,1528.11,1528.11,1528.08,1528.09,0,0,0
2019-12-23 11:03:00-05:00,1528.09,1528.12,1528.06,1528.12,0,0,0
2019-12-23 11:04:00-05:00,1528.1,1528.12,1528.06,1528.11,0,0,0
2019-12-23 11:05:00-05:00,1528.1,1528.17,1528.1,1528.15,0,0,0
2019-12-23 11:06:00-05:00,1528.19,1528.19,1528.13,1528.17,0,0,0
2019-12-23 11:07:00-05:00,1528.44,1528.44,1528.44,1528.44,0,0,0
2019-12-23 11:08:00-05:00,1528.43,1528.6,1528.43,1528.57,0,0,0
2019-12-23 11:09:00-05:00,1528.55,1528.57,1528.5,1528.5,0,0,0
2019-12-23 11:10:00-05:00,1528.5,1528.5,1528.33,1528.33,0,0,0
2019-12-23 11:11:00-05:00,1528.28,1528.28,1528.17,1528.18,0,0,0
2019-12-23 11:12:00-05:00,1528.15,1528.18,1528.04,1528.04,0,0,0
2019-12-23 11:13:00-05:00,1528.04,1528.04,1527.99,1527.99,0,0,0
2019-12-23 11:14:00-05:00,1528.0,1528.04,1528.0,1528.04,0,0,0
2019-12-23 11:15:00-05:00,1528.02,1528.05,1527.98,1528.05,0,0,0
2019-12-23 11:16:00-05:00,1528.06,1528.16,1528.06,1528.14,0,0,0
2019-12-23 11:17:00-05:00,1528.1,1528.16,1528.09,1528.16,0,0,0
2019-12-23 11:18:00-05:00,1528.16,1528.22,1528.1,1528.2,0,0,0
2019-12-23 11:19:00-05:00,1528.19,1528.27,1528.17,1528.27,0,0,0
2019-12-23 11:20:00-05:00,1528.28,1528.48,1528.28,1528.48,0,0,0
2019-12-23 11:21:00-05:00,1528.48,1528.68,1528.48,1528.68,0,0,0
2019-12-23 11:22:00-05:00,1528.59,1528.73,1528.57,1528.73,0,0,0
2019-12-23 11:23:00-05:00,1528.74,1528.84,1528.72,1528.79,0,0,0
2019-12-23 11:24:00-05:00,1528.8,1528.84,1528.63,1528.66,0,0,0
2019-12-23 11:25:00-05:00,1528.72,1528.75,1528.67,1528.75,0,0,0
2019-12-23 11:26:00-05:00,1528.75,1528.79,1528.73,1528.73,0,0,0
2019-12-23 11:27:00-05:00,1528.76,1528.86,1528.76,1528.85,0,0,0
2019-12-23 11:28:00-05:00,1528.82,1529.02,1528.82,1529.0,0,0,0
2019-12-23 11:29:00-05:00,1529.0,1529.28,1528.68,1528.68,0,0,0
2019-12-23 11:30:00-05:00,1528.83,1529.03,1528.83,1529.03,0,0,0
2019-12-23 11:31:00-05:00,1529.03,1529.03,1529.03,1529.03,0,0,0
2019-12-23 11:32:00-05:00,1529.03,1529.03,1529.03,1529.03,0,0,0
2019-12-23 11:33:00-05:00,1529.03,1529.03,1529.03,1529.03,0,0,0
2019-12-23 11:36:00-05:00,1528.95,1528.95,1528.95,1528.95,0,0,0
2019-12-23 11:37:00-05:00,1528.95,1528.95,1528.95,1528.95,0,0,0
2019-12-23 11:38:00-05:00,1528.95,1528.95,1528.95,1528.95,0,0,0
2019-12-23 11:39:00-05:00,1528.95,1528.95,1528.95,1528.95,0,0,0
2019-12-23 11:40:00-05:00,1528.95,1528.95,1528.95,1528.95,0,0,0
2019-12-23 11:41:00-05:00,1528.95,1528.95,1528.95,1528.95,0,0,0
2019-12-23 11:42:00-05:00,1528.95,1528.95,1528.95,1528.95,0,0,0
2019-12-23 11:43:00-05:00,1528.95,1528.95,1528.95,1528.95,0,0,0
2019-12-23 11:44:00-05:00,1528.95,1528.95,1528.95,1528.95,0,0,0
2019-12-23 11:45:00-05:00,1528.95,1528.95,1528.95,1528.95,0,0,0
2019-12-23 11:46:00-05:00,1528.95,1528.95,1528.95,1528.95,0,0,0
2019-12-23 11:47:00-05:00,1528.95,1528.95,1528.95,1528.95,0,0,0
2019-12-23 11:48:00-05:00,1528.95,1528.95,1528.95,1528.95,0,0,0
2019-12-23 11:49:00-05:00,1528.95,1528.95,1528.95,1528.95,0,0,0
2019-12-23 11:50:00-05:00,1528.95,1528.95,1528.95,1528.95,0,0,0
2019-12-23 11:51:00-05:00,1528.95,1528.95,1528.95,1528.95,0,0,0
2019-12-23 11:52:00-05:00,1528.95,1528.95,1528.95,1528.95,0,0,0
2019-12-23 11:53:00-05:00,1528.95,1528.95,1528.95,1528.95,0,0,0
2019-12-23 11:54:00-05:00,1528.95,1528.95,1528.95,1528.95,0,0,0
2019-12-23 11:55:00-05:00,1528.95,1528.95,1528.95,1528.95,0,0,0
2019-12-23 11:56:00-05:00,1528.95,1528.95,1528.95,1528.95,0,0,0
2019-12-23 11:57:00-05:00,1528.95,1528.95,1528.95,1528.95,0,0,0
2019-12-23 11:58:00-05:00,1528.95,1528.95,1528.95,1528.95,0,0,0
2019-12-23 12:01:00-05:00,1528.95,1528.95,1528.95,1528.95,0,0,0
2019-12-23 12:02:00-05:00,1528.95,1528.95,1528.95,1528.95,0,0,0
2019-12-23 12:03:00-05:00,1528.95,1528.95,1528.95,1528.95,0,0,0
2019-12-23 12:04:00-05:00,1528.95,1528.95,1528.95,1528.95,0,0,0
2019-12-23 12:05:00-05:00,1528.95,1528.95,1528.95,1528.95,0,0,0
2019-12-23 12:06:00-05:00,1528.95,1528.95,1528.95,1528.95,0,0,0
2019-12-23 12:07:00-05:00,1528.95,1528.95,1528.95,1528.95,0,0,0
2019-12-23 12:08:00-05:00,1528.95,1528.95,1528.95,1528.95,0,0,0
2019-12-23 12:09:00-05:00,1528.95,1528.95,1528.95,1528.95,0,0,0
2019-12-23 12:10:00-05:00,1528.95,1528.95,1528.95,1528.95,0,0,0
2019-12-23 12:11:00-05:00,1528.95,1528.95,1528.95,1528.95,0,0,0
2019-12-23 12:12:00-05:00,1528.95,1528.95,1528.95,1528.95,0,0,0
2019-12-23 12:13:00-05:00,1528.95,1528.95,1528.95,1528.95,0,0,0
2019-12-23 12:14:00-05:00,1528.95,1528.95,1528.95,1528.95,0,0,0
2019-12-23 12:15:00-05:00,1528.95,1528.95,1528.95,1528.95,0,0,0
2019-12-23 12:16:00-05:00,1528.95,1528.95,1528.95,1528.95,0,0,0
2019-12-23 12:17:00-05:00,1528.95,1528.95,1528.95,1528.95,0,0,0
2019-12-23 12:18:00-05:00,1528.95,1528.95,1528.95,1528.95,0,0,0
2019-12-23 12:19:00-05:00,1528.95,1528.95,1528.95,1528.95,0,0,0
2019-12-23 12:20:00-05:00,1528.95,1528.95,1528.95,1528.95,0,0,0
2019-12-23 12:21:00-05:00,1528.95,1528.95,1528.95,1528.95,0,0,0
2019-12-23 12:22:00-05:00,1528.95,1528.95,1528.95,1528.95,0,0,0
2019-12-23 12:23:00-05:00,1528.95,1528.95,1528.95,1528.95,0,0,0
2019-12-23 12:24:00-05:00,1528.95,1528.95,1528.95,1528.95,0,0,0
2019-12-23 12:25:00-05:00,1528.95,1528.95,1528.95,1528.95,0,0,0
2019-12-23 12:26:00-05:00,1528.95,1528.95,1528.95,1528.95,0,0,0
2019-12-23 12:27:00-05:00,1528.95,1528.95,1528.95,1528.95,0,0,0
2019-12-23 12:28:00-05:00,1528.95,1528.95,1528.95,1528.95,0,0,0
2019-12-23 12:29:00-05:00,1528.95,1528.95,1528.95,1528.95,0,0,0
2019-12-23 12:30:00-05:00,1528.95,1528.95,1528.95,1528.95,0,0,0
2019-12-23 12:31:00-05:00,1528.95,1528.95,1528.95,1528.95,0,0,0
2019-12-23 12:32:00-05:00,1528.95,1528.95,1528.95,1528.95,0,0,0
2019-12-23 12:33:00-05:00,1528.95,1528.95,1528.95,1528.95,0,0,0
2019-12-23 12:34:00-05:00,1528.95,1528.95,1528.95,1528.95,0,0,0
2019-12-23 12:35:00-05:00,1528.95,1528.95,1528.95,1528.95,0,0,0
2019-12-23 12:36:00-05:00,1528.95,1528.95,1528.95,1528.95,0,0,0
2019-12-23 12:37:00-05:00,1528.95,1528.95,1528.95,1528.95,0,0,0
2019-12-23 12:38:00-05:00,1528.95,1528.95,1528.95,1528.95,0,0,0
2019-12-23 12:39:00-05:00,1528.95,1528.95,1528.95,1528.95,0,0,0
2019-12-23 12:40:00-05:00,1528.95,1528.95,1528.95,1528.95,0,0,0
2019-12-23 12:41:00-05:00,1528.95,1528.95,1528.95,1528.95,0,0,0
2019-12-23 12:42:00-05:00,1528.95,1528.95,1528.95,1528.95,0,0,0
2019-12-23 12:43:00-05:00,1528.95,1528.95,1528.95,1528.95,0,0,0
2019-12-23 12:44:00-05:00,1528.95,1528.95,1528.95,1528.95,0,0,0
2019-12-23 12:45:00-05:00,1528.95,1528.95,1528.95,1528.95,0,0,0
2019-12-23 12:46:00-05:00,1528.95,1528.95,1528.95,1528.95,0,0,0
2019-12-23 12:47:00-05:00,1528.95,1528.95,1528.95,1528.95,0,0,0
2019-12-23 12:48:00-05:00,1528.95,1528.95,1528.95,1528.95,0,0,0
2019-12-23 12:49:00-05:00,1528.95,1528.95,1528.95,1528.95,0,0,0
2019-12-23 12:50:00-05:00,1528.95,1528.95,1528.95,1528.95,0,0,0
2019-12-23 12:51:00-05:00,1528.95,1528.95,1528.95,1528.95,0,0,0
2019-12-23 12:52:00-05:00,1528.95,1528.95,1528.95,1528.95,0,0,0
2019-12-23 12:53:00-05:00,1528.95,1528.95,1528.95,1528.95,0,0,0
2019-12-23 12:54:00-05:00,1528.95,1528.95,1528.95,1528.95,0,0,0
2019-12-23 12:55:00-05:00,1528.95,1528.95,1528.95,1528.95,0,0,0
2019-12-23 12:56:00-05:00,1528.95,1528.95,1528.95,1528.95,0,0,0
2019-12-23 12:57:00-05:00,1528.95,1528.95,1528.95,1528.95,0,0,0
2019-12-23 12:58:00-05:00,1528.95,1528.95,1528.95,1528.95,0,0,0
2019-12-23 12:59:00-05:00,1528.95,1528.95,1528.95,1528.95,0,0,0
2019-12-23 13:00:00-05:00,1528.95,1528.95,1528.95,1528.95,0,0,0
2019-12-23 13:01:00-05:00,1528.95,1528.95,1528.95,1528.95,0,0,0
2019-12-23 13:02:00-05:00,1528.95,1528.95,1528.95,1528.95,0,0,0
2019-12-23 13:03:00-05:00,1528.95,1528.95,1528.95,1528.95,0,0,0
2019-12-23 13:04:00-05:00,1528.95,1528.95,1528.95,1528.95,0,0,0
2019-12-23 13:05:00-05:00,1528.95,1528.95,1528.95,1528.95,0,0,0
2019-12-23 13:06:00-05:00,1528.95,1528.95,1528.95,1528.95,0,0,0
2019-12-23 13:07:00-05:00,1528.95,1528.95,1528.95,1528.95,0,0,0
2019-12-23 13:08:00-05:00,1528.95,1528.95,1528.95,1528.95,0,0,0
2019-12-23 13:09:00-05:00,1528.95,1528.95,1528.95,1528.95,0,0,0
2019-12-23 13:10:00-05:00,1528.95,1528.95,1528.95,1528.95,0,0,0
2019-12-23 13:11:00-05:00,1528.95,1528.95,1528.95,1528.95,0,0,0
2019-12-23 13:12:00-05:00,1528.95,1528.95,1528.95,1528.95,0,0,0
2019-12-23 13:13:00-05:00,1528.95,1528.95,1528.95,1528.95,0,0,0
2019-12-23 13:14:00-05:00,1528.95,1528.95,1528.95,1528.95,0,0,0
2019-12-23 13:15:00-05:00,1528.95,1528.95,1528.95,1528.95,0,0,0
2019-12-23 13:16:00-05:00,1528.95,1528.95,1528.95,1528.95,0,0,0
2019-12-23 13:17:00-05:00,1528.95,1528.95,1528.95,1528.95,0,0,0
2019-12-23 13:18:00-05:00,1528.95,1528.95,1528.95,1528.95,0,0,0
2019-12-23 13:19:00-05:00,1528.95,1528.95,1528.95,1528.95,0,0,0
2019-12-23 13:20:00-05:00,1528.95,1528.95,1528.95,1528.95,0,0,0
2019-12-23 13:21:00-05:00,1528.95,1528.95,1528.95,1528.95,0,0,0
2019-12-23 13:22:00-05:00,1528.95,1528.95,1528.95,1528.95,0,0,0
2019-12-23 13:23:00-05:00,1528.95,1528.95,1528.95,1528.95,0,0,0
2019-12-23 13:24:00-05:00,1528.95,1528.95,1528.95,1528.95,0,0,0
2019-12-23 13:25:00-05:00,1528.95,1528.95,1528.95,1528.95,0,0,0
2019-12-23 13:26:00-05:00,1528.95,1528.95,1528.95,1528.95,0,0,0
2019-12-23 13:27:00-05:00,1528.95,1528.95,1528.95,1528.95,0,0,0
2019-12-23 13:28:00-05:00,1528.95,1528.95,1528.95,1528.95,0,0,0
2019-12-23 13:29:00-05:00,1528.95,1528.95,1528.95,1528.95,0,0,0
2019-12-23 13:30:00-05:00,1528.95,1528.95,1528.95,1528.95,0,0,0
2019-12-23 13:31:00-05:00,1528.95,1528.95,1528.95,1528.95,0,0,0
2019-12-23 13:32:00-05:00,1528.95,1528.95,1528.95,1528.95,0,0,0
2019-12-23 13:33:00-05:00,1528.95,1528.95,1528.95,1528.95,0,0,0
2019-12-23 13:34:00-05:00,1528.95,1528.95,1528.95,1528.95,0,0,0
2019-12-23 13:35:00-05:00,1528.95,1528.95,1528.95,1528.95,0,0,0
2019-12-23 13:36:00-05:00,1528.95,1528.95,1528.95,1528.95,0,0,0
2019-12-23 13:37:00-05:00,1528.95,1528.95,1528.95,1528.95,0,0,0
2019-12-23 13:38:00-05:00,1528.95,1528.95,1528.95,1528.95,0,0,0
2019-12-23 13:39:00-05:00,1528.95,1528.95,1528.95,1528.95,0,0,0
2019-12-23 13:40:00-05:00,1528.95,1528.95,1528.95,1528.95,0,0,0
2019-12-23 13:41:00-05:00,1528.95,1528.95,1528.95,1528.95,0,0,0
2019-12-23 13:42:00-05:00,1528.95,1528.95,1528.95,1528.95,0,0,0
2019-12-23 13:43:00-05:00,1528.95,1528.95,1528.95,1528.95,0,0,0
2019-12-23 13:44:00-05:00,1528.95,1528.95,1528.95,1528.95,0,0,0
2019-12-23 13:45:00-05:00,1528.95,1528.95,1528.95,1528.95,0,0,0
2019-12-23 13:46:00-05:00,1528.95,1528.95,1528.95,1528.95,0,0,0
2019-12-23 13:47:00-05:00,1528.95,1528.95,1528.95,1528.95,0,0,0
2019-12-23 13:48:00-05:00,1528.95,1528.95,1528.95,1528.95,0,0,0
2019-12-23 13:49:00-05:00,1528.95,1528.95,1528.95,1528.95,0,0,0
2019-12-23 13:50:00-05:00,1528.95,1528.95,1528.95,1528.95,0,0,0
2019-12-23 13:51:00-05:00,1528.95,1528.95,1528.95,1528.95,0,0,0
2019-12-23 13:52:00-05:00,1528.95,1528.95,1528.95,1528.95,0,0,0
2019-12-23 13:53:00-05:00,1528.95,1528.95,1528.95,1528.95,0,0,0
2019-12-23 13:54:00-05:00,1528.95,1528.95,1528.95,1528.95,0,0,0
2019-12-23 13:55:00-05:00,1528.95,1528.95,1528.95,1528.95,0,0,0
2019-12-23 13:56:00-05:00,1528.95,1528.95,1528.95,1528.95,0,0,0
2019-12-23 13:57:00-05:00,1528.95,1528.95,1528.95,1528.95,0,0,0
2019-12-23 13:58:00-05:00,1528.95,1528.95,1528.95,1528.95,0,0,0
2019-12-23 13:59:00-05:00,1528.95,1528.95,1528.95,1528.95,0,0,0
2019-12-23 14:00:00-05:00,1528.95,1528.95,1528.95,1528.95,0,0,0
2019-12-23 14:01:00-05:00,1528.95,1528.95,1528.95,1528.95,0,0,0
2019-12-23 14:02:00-05:00,1528.95,1528.95,1528.95,1528.95,0,0,0
2019-12-23 14:03:00-05:00,1528.95,1528.95,1528.95,1528.95,0,0,0
2019-12-23 14:04:00-05:00,1528.95,1528.95,1528.95,1528.95,0,0,0
2019-12-23 14:05:00-05:00,1528.95,1528.95,1528.95,1528.95,0,0,0
2019-12-23 14:06:00-05:00,1528.95,1528.95,1528.95,1528.95,0,0,0
2019-12-23 14:07:00-05:00,1528.95,1528.95,1528.95,1528.95,0,0,0
2019-12-23 14:08:00-05:00,1528.95,1528.95,1528.95,1528.95,0,0,0
2019-12-23 14:09:00-05:00,1528.95,1528.95,1528.95,1528.95,0,0,0
2019-12-23 14:10:00-05:00,1528.95,1528.95,1528.95,1528.95,0,0,0
2019-12-23 14:11:00-05:00,1528.95,1528.95,1528.95,1528.95,0,0,0
2019-12-23 14:12:00-05:00,1528.95,1528.95,1528.95,1528.95,0,0,0
2019-12-23 14:13:00-05:00,1528.95,1528.95,1528.95,1528.95,0,0,0
2019-12-23 14:14:00-05:00,1528.95,1528.95,1528.95,1528.95,0,0,0
2019-12-23 14:15:00-05:00,1528.95,1528.95,1528.95,1528.95,0,0,0
2019-12-23 14:16:00-05:00,1528.95,1528.95,1528.95,1528.95,0,0,0
2019-12-23 14:17:00-05:00,1528.95,1528.95,1528.95,1528.95,0,0,0
2019-12-23 14:18:00-05:00,1528.95,1528.95,1528.95,1528.95,0,0,0
2019-12-23 14:19:00-05:00,1528.95,1528.95,1528.95,1528.95,0,0,0
2019-12-23 14:20:00-05:00,1528.95,1528.95,1528.95,1528.95,0,0,0
2019-12-23 14:21:00-05:00,1528.95,1528.95,1528.95,1528.95,0,0,0
2019-12-23 14:22:00-05:00,1528.95,1528.95,1528.95,1528.95,0,0,0
2019-12-23 14:23:00-05:00,1528.95,1528.95,1528.95,1528.95,0,0,0
2019-12-23 14:24:00-05:00,1528.95,1528.95,1528.95,1528.95,0,0,0
2019-12-23 14:25:00-05:00,1528.95,1528.95,1528.95,1528.95,0,0,0
2019-12-23 14:26:00-05:00,1528.95,1528.95,1528.95,1528.95,0,0,0
2019-12-23 14:27:00-05:00,1528.95,1528.95,1528.95,1528.95,0,0,0
2019-12-23 14:28:00-05:00,1528.95,1528.95,1528.95,1528.95,0,0,0
2019-12-23 14:29:00-05:00,1528.95,1528.95,1528.95,1528.95,0,0,0
2019-12-23 14:30:00-05:00,1528.95,1528.95,1528.95,1528.95,0,0,0
2019-12-23 14:31:00-05:00,1528.95,1528.95,1528.95,1528.95,0,0,0
2019-12-23 14:32:00-05:00,1528.95,1528.95,1528.95,1528.95,0,0,0
2019-12-23 14:33:00-05:00,1528.95,1528.95,1528.95,1528.95,0,0,0
2019-12-23 14:34:00-05:00,1528.95,1528.95,1528.95,1528.95,0,0,0
2019-12-23 14:35:00-05:00,1528.95,1528.95,1528.95,1528.95,0,0,0
2019-12-23 14:36:00-05:00,1528.95,1528.95,1528.95,1528.95,0,0,0
2019-12-23 14:37:00-05:00,1528.95,1528.95,1528.95,1528.95,0,0,0
2019-12-23 14:38:00-05:00,1528.95,1528.95,1528.95,1528.95,0,0,0
2019-12-23 14:39:00-05:00,1528.95,1528.95,1528.95,1528.95,0,0,0
2019-12-23 14:40:00-05:00,1528.95,1528.95,1528.95,1528.95,0,0,0
2019-12-23 14:41:00-05:00,1528.95,1528.95,1528.95,1528.95,0,0,0
2019-12-23 14:42:00-05:00,1528.95,1528.95,1528.95,1528.95,0,0,0
2019-12-23 14:43:00-05:00,1528.95,1528.95,1528.95,1528.95,0,0,0
2019-12-23 14:44:00-05:00,1528.95,1528.95,1528.95,1528.95,0,0,0
2019-12-23 14:45:00-05:00,1528.95,1528.95,1528.95,1528.95,0,0,0
2019-12-23 14:46:00-05:00,1528.95,1528.95,1528.95,1528.95,0,0,0
2019-12-23 14:47:00-05:00,1528.95,1528.95,1528.95,1528.95,0,0,0
2019-12-23 14:48:00-05:00,1528.95,1528.95,1528.95,1528.95,0,0,0
2019-12-23 14:49:00-05:00,1528.95,1528.95,1528.95,1528.95,0,0,0
2019-12-23 14:50:00-05:00,1528.95,1528.95,1528.95,1528.95,0,0,0
2019-12-23 14:51:00-05:00,1528.95,1528.95,1528.95,1528.95,0,0,0
2019-12-23 14:52:00-05:00,1528.95,1528.95,1528.95,1528.95,0,0,0
2019-12-23 14:53:00-05:00,1528.95,1528.95,1528.95,1528.95,0,0,0
2019-12-23 14:54:00-05:00,1528.95,1528.95,1528.95,1528.95,0,0,0
2019-12-23 14:55:00-05:00,1528.95,1528.95,1528.95,1528.95,0,0,0
2019-12-23 14:56:00-05:00,1528.95,1528.95,1528.95,1528.95,0,0,0
2019-12-23 14:57:00-05:00,1528.95,1528.95,1528.95,1528.95,0,0,0
2019-12-23 14:58:00-05:00,1528.95,1528.95,1528.95,1528.95,0,0,0
2019-12-23 14:59:00-05:00,1528.95,1528.95,1528.95,1528.95,0,0,0
2019-12-23 15:00:00-05:00,1528.95,1528.95,1528.95,1528.95,0,0,0
2019-12-23 15:01:00-05:00,1528.95,1528.95,1528.95,1528.95,0,0,0
2019-12-23 15:02:00-05:00,1528.95,1528.95,1528.95,1528.95,0,0,0
2019-12-23 15:03:00-05:00,1528.95,1528.95,1528.95,1528.95,0,0,0
2019-12-23 15:04:00-05:00,1528.95,1528.95,1528.95,1528.95,0,0,0
2019-12-23 15:05:00-05:00,1528.95,1528.95,1528.95,1528.95,0,0,0
2019-12-23 15:06:00-05:00,1528.95,1528.95,1528.95,1528.95,0,0,0
2019-12-23 15:07:00-05:00,1528.95,1528.95,1528.95,1528.95,0,0,0
2019-12-23 15:08:00-05:00,1528.95,1528.95,1528.95,1528.95,0,0,0
2019-12-23 15:09:00-05:00,1528.95,1528.95,1528.95,1528.95,0,0,0
2019-12-23 15:10:00-05:00,1528.95,1528.95,1528.95,1528.95,0,0,0
2019-12-23 15:11:00-05:00,1528.95,1528.95,1528.95,1528.95,0,0,0
2019-12-23 15:12:00-05:00,1528.95,1528.95,1528.95,1528.95,0,0,0
2019-12-23 15:13:00-05:00,1528.95,1528.95,1528.95,1528.95,0,0,0
2019-12-23 15:14:00-05:00,1528.95,1528.95,1528.95,1528.95,0,0,0
2019-12-23 15:15:00-05:00,1528.95,1528.95,1528.95,1528.95,0,0,0
2019-12-23 15:16:00-05:00,1528.95,1528.95,1528.95,1528.95,0,0,0
2019-12-23 15:17:00-05:00,1528.95,1528.95,1528.95,1528.95,0,0,0
2019-12-23 15:18:00-05:00,1528.95,1528.95,1528.95,1528.95,0,0,0
2019-12-23 15:19:00-05:00,1528.95,1528.95,1528.95,1528.95,0,0,0
2019-12-23 15:20:00-05:00,1528.95,1528.95,1528.95,1528.95,0,0,0
2019-12-23 15:21:00-05:00,1528.95,1528.95,1528.95,1528.95,0,0,0
2019-12-23 15:22:00-05:00,1528.95,1528.95,1528.95,1528.95,0,0,0
2019-12-23 15:23:00-05:00,1528.95,1528.95,1528.95,1528.95,0,0,0
2019-12-23 15:24:00-05:00,1528.95,1528.95,1528.95,1528.95,0,0,0
2019-12-23 15:25:00-05:00,1528.95,1528.95,1528.95,1528.95,0,0,0
2019-12-23 15:26:00-05:00,1528.95,1528.95,1528.95,1528.95,0,0,0
2019-12-23 15:27:00-05:00,1528.95,1528.95,1528.95,1528.95,0,0,0
2019-12-23 15:28:00-05:00,1528.95,1528.95,1528.95,1528.95,0,0,0
2019-12-23 15:29:00-05:00,1528.95,1528.95,1528.95,1528.95,0,0,0
2019-12-23 15:30:00-05:00,1528.95,1528.95,1528.95,1528.95,0,0,0
2019-12-23 15:31:00-05:00,1528.95,1528.95,1528.95,1528.95,0,0,0
2019-12-23 15:32:00-05:00,1528.95,1528.95,1528.95,1528.95,0,0,0
2019-12-23 15:33:00-05:00,1528.95,1528.95,1528.95,1528.95,0,0,0
2019-12-23 15:34:00-05:00,1528.95,1528.95,1528.95,1528.95,0,0,0
2019-12-23 15:35:00-05:00,1528.95,1528.95,1528.95,1528.95,0,0,0
2019-12-23 15:36:00-05:00,1528.95,1528.95,1528.95,1528.95,0,0,0
2019-12-23 15:37:00-05:00,1528.95,1528.95,1528.95,1528.95,0,0,0
2019-12-23 15:38:00-05:00,1528.95,1528.95,1528.95,1528.95,0,0,0
2019-12-23 15:39:00-05:00,1528.95,1528.95,1528.95,1528.95,0,0,0
2019-12-23 15:40:00-05:00,1528.95,1528.95,1528.95,1528.95,0,0,0
2019-12-23 15:41:00-05:00,1528.95,1528.95,1528.95,1528.95,0,0,0
2019-12-23 15:42:00-05:00,1528.95,1528.95,1528.95,1528.95,0,0,0
2019-12-23 15:43:00-05:00,1528.95,1528.95,1528.95,1528.95,0,0,0
2019-12-23 15:44:00-05:00,1528.95,1528.95,1528.95,1528.95,0,0,0
2019-12-23 15:45:00-05:00,1528.95,1528.95,1528.95,1528.95,0,0,0
2019-12-23 15:46:00-05:00,1528.95,1528.95,1528.95,1528.95,0,0,0
2019-12-23 15:47:00-05:00,1528.95,1528.95,1528.95,1528.95,0,0,0
2019-12-23 15:48:00-05:00,1528.95,1528.95,1528.95,1528.95,0,0,0
2019-12-23 15:49:00-05:00,1528.95,1528.95,1528.95,1528.95,0,0,0
2019-12-23 15:50:00-05:00,1528.95,1528.95,1528.95,1528.95,0,0,0
2019-12-23 15:51:00-05:00,1528.95,1528.95,1528.95,1528.95,0,0,0
2019-12-23 15:52:00-05:00,1528.95,1528.95,1528.95,1528.95,0,0,0
2019-12-23 15:53:00-05:00,1528.95,1528.95,1528.95,1528.95,0,0,0
2019-12-23 15:54:00-05:00,1528.95,1528.95,1528.95,1528.95,0,0,0
2019-12-23 15:55:00-05:00,1528.95,1528.95,1528.95,1528.95,0,0,0
2019-12-23 15:56:00-05:00,1528.95,1528.95,1528.95,1528.95,0,0,0
2019-12-23 15:57:00-05:00,1528.95,1528.95,1528.95,1528.95,0,0,0
2019-12-23 15:58:00-05:00,1528.95,1528.95,1528.95,1528.95,0,0,0
2019-12-23 15:59:00-05:00,1528.95,1528.95,1528.95,1528.95,0,0,0
2019-12-24 09:30:00-05:00,1528.95,1528.95,1528.95,1528.95,0,0,0
2019-12-24 09:31:00-05:00,1528.95,1528.95,1528.95,1528.95,0,0,0
2019-12-24 09:32:00-05:00,1528.95,1528.95,1528.95,1528.95,0,0,0
2019-12-24 09:33:00-05:00,1528.95,1528.95,1528.95,1528.95,0,0,0
2019-12-24 09:34:00-05:00,1528.95,1528.95,1528.95,1528.95,0,0,0
2019-12-24 09:35:00-05:00,1528.95,1528.95,1528.95,1528.95,0,0,0
2019-12-24 09:36:00-05:00,1528.95,1528.95,1528.95,1528.95,0,0,0
2019-12-24 09:37:00-05:00,1528.95,1528.95,1528.95,1528.95,0,0,0
2019-12-24 09:38:00-05:00,1528.95,1528.95,1528.95,1528.95,0,0,0
2019-12-24 09:39:00-05:00,1528.95,1528.95,1528.95,1528.95,0,0,0
2019-12-24 09:40:00-05:00,1528.95,1528.95,1528.95,1528.95,0,0,0
2019-12-24 09:41:00-05:00,1528.95,1528.95,1528.95,1528.95,0,0,0
2019-12-24 09:42:00-05:00,1528.95,1528.95,1528.95,1528.95,0,0,0
2019-12-24 09:43:00-05:00,1528.95,1528.95,1528.95,1528.95,0,0,0
2019-12-24 09:44:00-05:00,1528.95,1528.95,1528.95,1528.95,0,0,0
2019-12-24 09:45:00-05:00,1528.95,1528.95,1528.95,1528.95,0,0,0
2019-12-24 09:46:00-05:00,1528.95,1528.95,1528.95,1528.95,0,0,0
2019-12-24 09:47:00-05:00,1528.95,1528.95,1528.95,1528.95,0,0,0
2019-12-24 09:48:00-05:00,1528.95,1528.95,1528.95,1528.95,0,0,0
2019-12-24 09:49:00-05:00,1528.95,1528.95,1528.95,1528.95,0,0,0
2019-12-24 09:50:00-05:00,1528.95,1528.95,1528.95,1528.95,0,0,0
2019-12-24 09:51:00-05:00,1528.95,1528.95,1528.95,1528.95,0,0,0
2019-12-24 09:52:00-05:00,1528.95,1528.95,1528.95,1528.95,0,0,0
2019-12-24 09:53:00-05:00,1528.95,1528.95,1528.95,1528.95,0,0,0
2019-12-24 09:54:00-05:00,1528.95,1528.95,1528.95,1528.95,0,0,0
2019-12-24 09:55:00-05:00,1528.95,1528.95,1528.95,1528.95,0,0,0
2019-12-24 09:56:00-05:00,1528.95,1528.95,1528.95,1528.95,0,0,0
2019-12-24 09:57:00-05:00,1528.95,1528.95,1528.95,1528.95,0,0,0
2019-12-24 09:58:00-05:00,1528.95,1528.95,1528.95,1528.95,0,0,0
2019-12-24 09:59:00-05:00,1528.95,1528.95,1528.95,1528.95,0,0,0
2019-12-24 10:00:00-05:00,1528.95,1528.95,1528.95,1528.95,0,0,0
2019-12-24 10:01:00-05:00,1528.95,1528.95,1528.95,1528.95,0,0,0
2019-12-24 10:02:00-05:00,1528.95,1528.95,1528.95,1528.95,0,0,0
2019-12-24 10:03:00-05:00,1528.95,1528.95,1528.95,1528.95,0,0,0
2019-12-24 10:04:00-05:00,1528.95,1528.95,1528.95,1528.95,0,0,0
2019-12-24 10:05:00-05:00,1528.95,1528.95,1528.95,1528.95,0,0,0
2019-12-24 10:06:00-05:00,1528.95,1528.95,1528.95,1528.95,0,0,0
2019-12-24 10:07:00-05:00,1528.95,1528.95,1528.95,1528.95,0,0,0
2019-12-24 10:08:00-05:00,1528.95,1528.95,1528.95,1528.95,0,0,0
2019-12-24 10:09:00-05:00,1528.95,1528.95,1528.95,1528.95,0,0,0
2019-12-24 10:10:00-05:00,1528.95,1528.95,1528.95,1528.95,0,0,0
2019-12-24 10:11:00-05:00,1528.95,1528.95,1528.95,1528.95,0,0,0
2019-12-24 10:12:00-05:00,1528.95,1528.95,1528.95,1528.95,0,0,0
2019-12-24 10:13:00-05:00,1528.95,1528.95,1528.95,1528.95,0,0,0
2019-12-24 10:14:00-05:00,1528.95,1528.95,1528.95,1528.95,0,0,0
2019-12-24 10:15:00-05:00,1528.95,1528.95,1528.95,1528.95,0,0,0
2019-12-24 10:16:00-05:00,1528.95,1528.95,1528.95,1528.95,0,0,0
2019-12-24 10:17:00-05:00,1528.95,1528.95,1528.95,1528.95,0,0,0
2019-12-24 10:18:00-05:00,1528.95,1528.95,1528.95,1528.95,0,0,0
2019-12-24 10:19:00-05:00,1528.95,1528.95,1528.95,1528.95,0,0,0
2019-12-24 10:20:00-05:00,1528.95,1528.95,1528.95,1528.95,0,0,0
2019-12-24 10:21:00-05:00,1528.95,1528.95,1528.95,1528.95,0,0,0
2019-12-24 10:22:00-05:00,1528.95,1528.95,1528.95,1528.95,0,0,0
2019-12-24 10:23:00-05:00,1528.95,1528.95,1528.95,1528.95,0,0,0
2019-12-24 10:24:00-05:00,1528.95,1528.95,1528.95,1528.95,0,0,0
2019-12-24 10:25:00-05:00,1528.95,1528.95,1528.95,1528.95,0,0,0
2019-12-24 10:26:00-05:00,1528.95,1528.95,1528.95,1528.95,0,0,0
2019-12-24 10:27:00-05:00,1528.95,1528.95,1528.95,1528.95,0,0,0
2019-12-24 10:28:00-05:00,1528.95,1528.95,1528.95,1528.95,0,0,0
2019-12-24 10:29:00-05:00,1528.95,1528.95,1528.95,1528.95,0,0,0
2019-12-24 10:30:00-05:00,1528.95,1528.95,1528.95,1528.95,0,0,0
2019-12-24 10:31:00-05:00,1528.95,1528.95,1528.95,1528.95,0,0,0
2019-12-24 10:32:00-05:00,1528.95,1528.95,1528.95,1528.95,0,0,0
2019-12-24 10:33:00-05:00,1528.95,1528.95,1528.95,1528.95,0,0,0
2019-12-24 10:34:00-05:00,1528.95,1528.95,1528.95,1528.95,0,0,0
2019-12-24 10:35:00-05:00,1528.95,1528.95,1528.95,1528.95,0,0,0
2019-12-24 10:36:00-05:00,1528.95,1528.95,1528.95,1528.95,0,0,0
2019-12-24 10:37:00-05:00,1528.95,1528.95,1528.95,1528.95,0,0,0
2019-12-24 10:38:00-05:00,1528.95,1528.95,1528.95,1528.95,0,0,0
2019-12-24 10:39:00-05:00,1528.95,1528.95,1528.95,1528.95,0,0,0
2019-12-24 10:40:00-05:00,1528.95,1528.95,1528.95,1528.95,0,0,0
2019-12-24 10:41:00-05:00,1528.95,1528.95,1528.95,1528.95,0,0,0
2019-12-24 10:42:00-05:00,1528.95,1528.95,1528.95,1528.95,0,0,0
2019-12-24 10:43:00-05:00,1528.95,1528.95,1528.95,1528.95,0,0,0
2019-12-24 10:44:00-05:00,1528.95,1528.95,1528.95,1528.95,0,0,0
2019-12-24 10:45:00-05:00,1528.95,1528.95,1528.95,1528.95,0,0,0
2019-12-24 10:46:00-05:00,1528.95,1528.95,1528.95,1528.95,0,0,0
2019-12-24 10:47:00-05:00,1528.95,1528.95,1528.95,1528.95,0,0,0
2019-12-24 10:48:00-05:00,1528.95,1528.95,1528.95,1528.95,0,0,0
2019-12-24 10:49:00-05:00,1528.95,1528.95,1528.95,1528.95,0,0,0
2019-12-24 10:50:00-05:00,1528.95,1528.95,1528.95,1528.95,0,0,0
2019-12-24 10:51:00-05:00,1528.95,1528.95,1528.95,1528.95,0,0,0
2019-12-24 10:52:00-05:00,1528.95,1528.95,1528.95,1528.95,0,0,0
2019-12-24 10:53:00-05:00,1528.95,1528.95,1528.95,1528.95,0,0,0
2019-12-24 10:54:00-05:00,1528.95,1528.95,1528.95,1528.95,0,0,0
2019-12-24 10:55:00-05:00,1528.95,1528.95,1528.95,1528.95,0,0,0
2019-12-24 10:56:00-05:00,1528.95,1528.95,1528.95,1528.95,0,0,0
2019-12-24 10:57:00-05:00,1528.95,1528.95,1528.95,1528.95,0,0,0
2019-12-24 10:58:00-05:00,1528.95,1528.95,1528.95,1528.95,0,0,0
2019-12-24 10:59:00-05:00,1528.95,1528.95,1528.95,1528.95,0,0,0
2019-12-24 11:00:00-05:00,1528.95,1528.95,1528.95,1528.95,0,0,0
2019-12-24 11:01:00-05:00,1528.95,1528.95,1528.95,1528.95,0,0,0
2019-12-24 11:02:00-05:00,1528.95,1528.95,1528.95,1528.95,0,0,0
2019-12-24 11:03:00-05:00,1528.95,1528.95,1528.95,1528.95,0,0,0
2019-12-24 11:04:00-05:00,1528.95,1528.95,1528.95,1528.95,0,0,0
2019-12-24 11:05:00-05:00,1528.95,1528.95,1528.95,1528.95,0,0,0
2019-12-24 11:06:00-05:00,1528.95,1528.95,1528.95,1528.95,0,0,0
2019-12-24 11:07:00-05:00,1528.95,1528.95,1528.95,1528.95,0,0,0
2019-12-24 11:08:00-05:00,1528.95,1528.95,1528.95,1528.95,0,0,0
2019-12-24 11:09:00-05:00,1528.95,1528.95,1528.95,1528.95,0,0,0
2019-12-24 11:10:00-05:00,1528.95,1528.95,1528.95,1528.95,0,0,0
2019-12-24 11:11:00-05:00,1528.95,1528.95,1528.95,1528.95,0,0,0
2019-12-24 11:12:00-05:00,1528.95,1528.95,1528.95,1528.95,0,0,0
2019-12-24 11:13:00-05:00,1528.95,1528.95,1528.95,1528.95,0,0,0
2019-12-24 11:14:00-05:00,1528.95,1528.95,1528.95,1528.95,0,0,0
2019-12-24 11:15:00-05:00,1528.95,1528.95,1528.95,1528.95,0,0,0
2019-12-24 11:16:00-05:00,1528.95,1528.95,1528.95,1528.95,0,0,0
2019-12-24 11:17:00-05:00,1528.95,1528.95,1528.95,1528.95,0,0,0
2019-12-24 11:18:00-05:00,1528.95,1528.95,1528.95,1528.95,0,0,0
2019-12-24 11:19:00-05:00,1528.95,1528.95,1528.95,1528.95,0,0,0
2019-12-24 11:20:00-05:00,1528.95,1528.95,1528.95,1528.95,0,0,0
2019-12-24 11:21:00-05:00,1528.95,1528.95,1528.95,1528.95,0,0,0
2019-12-24 11:22:00-05:00,1528.95,1528.95,1528.95,1528.95,0,0,0
2019-12-24 11:23:00-05:00,1528.95,1528.95,1528.95,1528.95,0,0,0
2019-12-24 11:24:00-05:00,1528.95,1528.95,1528.95,1528.95,0,0,0
2019-12-24 11:25:00-05:00,1528.95,1528.95,1528.95,1528.95,0,0,0
2019-12-24 11:26:00-05:00,1528.95,1528.95,1528.95,1528.95,0,0,0
2019-12-24 11:27:00-05:00,1528.95,1528.95,1528.95,1528.95,0,0,0
2019-12-24 11:28:00-05:00,1528.95,1528.95,1528.95,1528.95,0,0,0
2019-12-24 11:29:00-05:00,1528.95,1528.95,1528.95,1528.95,0,0,0
2019-12-24 11:30:00-05:00,1528.95,1528.95,1528.95,1528.95,0,0,0
2019-12-24 11:31:00-05:00,1528.95,1528.95,1528.95,1528.95,0,0,0
2019-12-24 11:32:00-05:00,1528.95,1528.95,1528.95,1528.95,0,0,0
2019-12-24 11:33:00-05:00,1528.95,1528.95,1528.95,1528.95,0,0,0
2019-12-24 11:34:00-05:00,1528.95,1528.95,1528.95,1528.95,0,0,0
2019-12-24 11:35:00-05:00,1528.95,1528.95,1528.95,1528.95,0,0,0
2019-12-24 11:36:00-05:00,1528.95,1528.95,1528.95,1528.95,0,0,0
2019-12-24 11:37:00-05:00,1528.95,1528.95,1528.95,1528.95,0,0,0
2019-12-24 11:38:00-05:00,1528.95,1528.95,1528.95,1528.95,0,0,0
2019-12-24 11:39:00-05:00,1528.95,1528.95,1528.95,1528.95,0,0,0
2019-12-24 11:40:00-05:00,1528.95,1528.95,1528.95,1528.95,0,0,0
2019-12-24 11:41:00-05:00,1528.95,1528.95,1528.95,1528.95,0,0,0
2019-12-24 11:42:00-05:00,1528.95,1528.95,1528.95,1528.95,0,0,0
2019-12-24 11:43:00-05:00,1528.95,1528.95,1528.95,1528.95,0,0,0
2019-12-24 11:44:00-05:00,1528.95,1528.95,1528.95,1528.95,0,0,0
2019-12-24 11:45:00-05:00,1528.95,1528.95,1528.95,1528.95,0,0,0
2019-12-24 11:46:00-05:00,1528.95,1528.95,1528.95,1528.95,0,0,0
2019-12-24 11:47:00-05:00,1528.95,1528.95,1528.95,1528.95,0,0,0
2019-12-24 11:48:00-05:00,1528.95,1528.95,1528.95,1528.95,0,0,0
2019-12-24 11:49:00-05:00,1528.95,1528.95,1528.95,1528.95,0,0,0
2019-12-24 11:50:00-05:00,1528.95,1528.95,1528.95,1528.95,0,0,0
2019-12-24 11:51:00-05:00,1528.95,1528.95,1528.95,1528.95,0,0,0
2019-12-24 11:52:00-05:00,1528.95,1528.95,1528.95,1528.95,0,0,0
2019-12-24 11:53:00-05:00,1528.95,1528.95,1528.95,1528.95,0,0,0
2019-12-24 11:54:00-05:00,1528.95,1528.95,1528.95,1528.95,0,0,0
2019-12-24 11:55:00-05:00,1528.95,1528.95,1528.95,1528.95,0,0,0
2019-12-24 11:56:00-05:00,1528.95,1528.95,1528.95,1528.95,0,0,0
2019-12-24 11:57:00-05:00,1528.95,1528.95,1528.95,1528.95,0,0,0
2019-12-24 11:58:00-05:00,1528.95,1528.95,1528.95,1528.95,0,0,0
2019-12-24 11:59:00-05:00,1528.95,1528.95,1528.95,1528.95,0,0,0
2019-12-24 12:00:00-05:00,1528.95,1528.95,1528.95,1528.95,0,0,0
2019-12-24 12:01:00-05:00,1528.95,1528.95,1528.95,1528.95,0,0,0
2019-12-24 12:02:00-05:00,1528.95,1528.95,1528.95,1528.95,0,0,0
2019-12-24 12:03:00-05:00,1528.95,1528.95,1528.95,1528.95,0,0,0
2019-12-24 12:04:00-05:00,1528.95,1528.95,1528.95,1528.95,0,0,0
2019-12-24 12:05:00-05:00,1528.95,1528.95,1528.95,1528.95,0,0,0
2019-12-24 12:06:00-05:00,1528.95,1528.95,1528.95,1528.95,0,0,0
2019-12-24 12:07:00-05:00,1528.95,1528.95,1528.95,1528.95,0,0,0
2019-12-24 12:08:00-05:00,1528.95,1528.95,1528.95,1528.95,0,0,0
2019-12-24 12:09:00-05:00,1528.95,1528.95,1528.95,1528.95,0,0,0
2019-12-24 12:10:00-05:00,1528.95,1528.95,1528.95,1528.95,0,0,0
2019-12-24 12:11:00-05:00,1528.95,1528.95,1528.95,1528.95,0,0,0
2019-12-24 12:12:00-05:00,1528.95,1528.95,1528.95,1528.95,0,0,0
2019-12-24 12:13:00-05:00,1528.95,1528.95,1528.95,1528.95,0,0,0
2019-12-24 12:14:00-05:00,1528.95,1528.95,1528.95,1528.95,0,0,0
2019-12-24 12:15:00-05:00,1528.95,1528.95,1528.95,1528.95,0,0,0
2019-12-24 12:16:00-05:00,1528.95,1528.95,1528.95,1528.95,0,0,0
2019-12-24 12:17:00-05:00,1528.95,1528.95,1528.95,1528.95,0,0,0
2019-12-24 12:18:00-05:00,1528.95,1528.95,1528.95,1528.95,0,0,0
2019-12-24 12:19:00-05:00,1528.95,1528.95,1528.95,1528.95,0,0,0
2019-12-24 12:20:00-05:00,1528.95,1528.95,1528.95,1528.95,0,0,0
2019-12-24 12:21:00-05:00,1528.95,1528.95,1528.95,1528.95,0,0,0
2019-12-24 12:22:00-05:00,1528.95,1528.95,1528.95,1528.95,0,0,0
2019-12-24 12:23:00-05:00,1528.95,1528.95,1528.95,1528.95,0,0,0
2019-12-24 12:24:00-05:00,1528.95,1528.95,1528.95,1528.95,0,0,0
2019-12-24 12:25:00-05:00,1528.95,1528.95,1528.95,1528.95,0,0,0
2019-12-24 12:26:00-05:00,1528.95,1528.95,1528.95,1528.95,0,0,0
2019-12-24 12:27:00-05:00,1528.95,1528.95,1528.95,1528.95,0,0,0
2019-12-24 12:28:00-05:00,1528.95,1528.95,1528.95,1528.95,0,0,0
2019-12-24 12:29:00-05:00,1528.95,1528.95,1528.95,1528.95,0,0,0
2019-12-24 12:30:00-05:00,1528.95,1528.95,1528.95,1528.95,0,0,0
2019-12-24 12:31:00-05:00,1528.95,1528.95,1528.95,1528.95,0,0,0
2019-12-24 12:32:00-05:00,1528.95,1528.95,1528.95,1528.95,0,0,0
2019-12-24 12:33:00-05:00,1528.95,1528.95,1528.95,1528.95,0,0,0
2019-12-24 12:34:00-05:00,1528.95,1528.95,1528.95,1528.95,0,0,0
2019-12-24 12:35:00-05:00,1528.95,1528.95,1528.95,1528.95,0,0,0
2019-12-24 12:36:00-05:00,1528.95,1528.95,1528.95,1528.95,0,0,0
2019-12-24 12:37:00-05:00,1528.95,1528.95,1528.95,1528.95,0,0,0
2019-12-24 12:38:00-05:00,1528.95,1528.95,1528.95,1528.95,0,0,0
2019-12-24 12:39:00-05:00,1528.95,1528.95,1528.95,1528.95,0,0,0
2019-12-24 12:40:00-05:00,1528.95,1528.95,1528.95,1528.95,0,0,0
2019-12-24 12:41:00-05:00,1528.95,1528.95,1528.95,1528.95,0,0,0
2019-12-24 12:42:00-05:00,1528.95,1528.95,1528.95,1528.95,0,0,0
2019-12-24 12:43:00-05:00,1528.95,1528.95,1528.95,1528.95,0,0,0
2019-12-24 12:44:00-05:00,1528.95,1528.95,1528.95,1528.95,0,0,0
2019-12-24 12:45:00-05:00,1528.95,1528.95,1528.95,1528.95,0,0,0
2019-12-24 12:46:00-05:00,1528.95,1528.95,1528.95,1528.95,0,0,0
2019-12-24 12:47:00-05:00,1528.95,1528.95,1528.95,1528.95,0,0,0
2019-12-24 12:48:00-05:00,1528.95,1528.95,1528.95,1528.95,0,0,0
2019-12-24 12:49:00-05:00,1528.95,1528.95,1528.95,1528.95,0,0,0
2019-12-24 12:50:00-05:00,1528.95,1528.95,1528.95,1528.95,0,0,0
2019-12-24 12:51:00-05:00,1528.95,1528.95,1528.95,1528.95,0,0,0
2019-12-24 12:52:00-05:00,1528.95,1528.95,1528.95,1528.95,0,0,0
2019-12-24 12:53:00-05:00,1528.95,1528.95,1528.95,1528.95,0,0,0
2019-12-24 12:54:00-05:00,1528.95,1528.95,1528.95,1528.95,0,0,0
2019-12-24 12:55:00-05:00,1528.95,1528.95,1528.95,1528.95,0,0,0
2019-12-24 12:56:00-05:00,1528.95,1528.95,1528.95,1528.95,0,0,0
2019-12-24 12:57:00-05:00,1528.95,1528.95,1528.95,1528.95,0,0,0
2019-12-24 12:58:00-05:00,1528.95,1528.95,1528.95,1528.95,0,0,0
2019-12-24 12:59:00-05:00,1528.95,1528.95,1528.95,1528.95,0,0,0
2019-12-24 13:00:00-05:00,1528.95,1528.95,1528.95,1528.95,0,0,0
2019-12-24 11:00:00-05:00,1528.95,1528.95,1528.95,1528.95,0,0,0
2019-12-24 11:01:00-05:00,1528.95,1528.95,1528.95,1528.95,0,0,0
2019-12-24 11:02:00-05:00,1528.95,1528.95,1528.95,1528.95,0,0,0
2019-12-24 11:03:00-05:00,1528.95,1528.95,1528.95,1528.95,0,0,0
2019-12-24 11:04:00-05:00,1528.95,1528.95,1528.95,1528.95,0,0,0
2019-12-24 11:05:00-05:00,1528.95,1528.95,1528.95,1528.95,0,0,0
2019-12-24 11:06:00-05:00,1528.95,1528.95,1528.95,1528.95,0,0,0
2019-12-24 11:07:00-05:00,1528.95,1528.95,1528.95,1528.95,0,0,0
2019-12-24 11:08:00-05:00,1528.95,1528.95,1528.95,1528.95,0,0,0
2019-12-24 11:09:00-05:00,1528.95,1528.95,1528.95,1528.95,0,0,0
2019-12-24 11:10:00-05:00,1528.95,1528.95,1528.95,1528.95,0,0,0
2019-12-24 11:11:00-05:00,1528.95,1528.95,1528.95,1528.95,0,0,0
2019-12-24 11:12:00-05:00,1528.95,1528.95,1528.95,1528.95,0,0,0
2019-12-24 11:13:00-05:00,1528.95,1528.95,1528.95,1528.95,0,0,0
2019-12-24 11:14:00-05:00,1528.95,1528.95,1528.95,1528.95,0,0,0
2019-12-24 11:15:00-05:00,1528.95,1528.95,1528.95,1528.95,0,0,0
2019-12-24 11:16:00-05:00,1528.95,1528.95,1528.95,1528.95,0,0,0
2019-12-24 11:17:00-05:00,1528.95,1528.95,1528.95,1528.95,0,0,0
2019-12-24 11:18:00-05:00,1528.95,1528.95,1528.95,1528.95,0,0,0
2019-12-24 11:19:00-05:00,1528.95,1528.95,1528.95,1528.95,0,0,0
2019-12-24 11:20:00-05:00,1528.95,1528.95,1528.95,1528.95,0,0,0
2019-12-24 11:21:00-05:00,1528.95,1528.95,1528.95,1528.95,0,0,0
2019-12-24 11:22:00-05:00,1528.95,1528.95,1528.95,1528.95,0,0,0
2019-12-24 11:23:00-05:00,1528.95,1528.95,1528.95,1528.95,0,0,0
2019-12-24 11:24:00-05:00,1528.95,1528.95,1528.95,1528.95,0,0,0
2019-12-24 11:25:00-05:00,1528.95,1528.95,1528.95,1528.95,0,0,0
2019-12-24 11:26:00-05:00,1528.95,1528.95,1528.95,1528.95,0,0,0
2019-12-24 11:27:00-05:00,1528.95,1528.95,1528.95,1528.95,0,0,0
2019-12-24 11:28:00-05:00,1528.95,1528.95,1528.95,1528.95,0,0,0
2019-12-24 11:29:00-05:00,1528.95,1528.95,1528.95,1528.95,0,0,0
2019-12-24 11:30:00-05:00,1528.95,1528.95,1528.95,1528.95,0,0,0
2019-12-24 11:31:00-05:00,1528.95,1528.95,1528.95,1528.95,0,0,0
2019-12-24 11:32:00-05:00,1528.95,1528.95,1528.95,1528.95,0,0,0
2019-12-24 11:33:00-05:00,1528.95,1528.95,1528.95,1528.95,0,0,0
2019-12-24 11:34:00-05:00,1528.95,1528.95,1528.95,1528.95,0,0,0
2019-12-24 11:35:00-05:00,1528.95,1528.95,1528.95,1528.95,0,0,0
2019-12-24 11:36:00-05:00,1528.95,1528.95,1528.95,1528.95,0,0,0
2019-12-24 11:37:00-05:00,1528.95,1528.95,1528.95,1528.95,0,0,0
2019-12-24 11:38:00-05:00,1528.95,1528.95,1528.95,1528.95,0,0,0
2019-12-24 11:39:00-05:00,1528.95,1528.95,1528.95,1528.95,0,0,0
2019-12-24 11:40:00-05:00,1528.95,1528.95,1528.95,1528.95,0,0,0
2019-12-24 11:41:00-05:00,1528.95,1528.95,1528.95,1528.95,0,0,0
2019-12-24 11:42:00-05:00,1528.95,1528.95,1528.95,1528.95,0,0,0
2019-12-24 11:43:00-05:00,1528.95,1528.95,1528.95,1528.95,0,0,0
2019-12-24 11:44:00-05:00,1528.95,1528.95,1528.95,1528.95,0,0,0
2019-12-24 11:45:00-05:00,1528.95,1528.95,1528.95,1528.95,0,0,0
2019-12-24 11:46:00-05:00,1528.95,1528.95,1528.95,1528.95,0,0,0
2019-12-24 11:47:00-05:00,1528.95,1528.95,1528.95,1528.95,0,0,0
2019-12-24 11:48:00-05:00,1528.95,1528.95,1528.95,1528.95,0,0,0
2019-12-24 11:49:00-05:00,1528.95,1528.95,1528.95,1528.95,0,0,0
2019-12-24 11:50:00-05:00,1528.95,1528.95,1528.95,1528.95,0,0,0
2019-12-24 11:51:00-05:00,1528.95,1528.95,1528.95,1528.95,0,0,0
2019-12-24 11:52:00-05:00,1528.95,1528.95,1528.95,1528.95,0,0,0
2019-12-24 11:53:00-05:00,1528.95,1528.95,1528.95,1528.95,0,0,0
2019-12-24 11:54:00-05:00,1528.95,1528.95,1528.95,1528.95,0,0,0
2019-12-24 11:55:00-05:00,1528.95,1528.95,1528.95,1528.95,0,0,0
2019-12-24 11:56:00-05:00,1528.95,1528.95,1528.95,1528.95,0,0,0
2019-12-24 11:57:00-05:00,1528.95,1528.95,1528.95,1528.95,0,0,0
2019-12-24 11:58:00-05:00,1528.95,1528.95,1528.95,1528.95,0,0,0
2019-12-24 11:59:00-05:00,1528.95,1528.95,1528.95,1528.95,0,0,0
2019-12-24 12:00:00-05:00,1528.95,1528.95,1528.95,1528.95,0,0,0
2019-12-24 12:01:00-05:00,1528.95,1528.95,1528.95,1528.95,0,0,0
2019-12-24 12:02:00-05:00,1528.95,1528.95,1528.95,1528.95,0,0,0
2019-12-24 12:03:00-05:00,1528.95,1528.95,1528.95,1528.95,0,0,0
2019-12-24 12:04:00-05:00,1528.95,1528.95,1528.95,1528.95,0,0,0
2019-12-24 12:05:00-05:00,1528.95,1528.95,1528.95,1528.95,0,0,0
2019-12-24 12:06:00-05:00,1528.95,1528.95,1528.95,1528.95,0,0,0
2019-12-24 12:07:00-05:00,1528.95,1528.95,1528.95,1528.95,0,0,0
2019-12-24 12:08:00-05:00,1528.95,1528.95,1528.95,1528.95,0,0,0
2019-12-24 12:09:00-05:00,1528.95,1528.95,1528.95,1528.95,0,0,0
2019-12-24 12:10:00-05:00,1528.95,1528.95,1528.95,1528.95,0,0,0
2019-12-24 12:11:00-05:00,1528.95,1528.95,1528.95,1528.95,0,0,0
2019-12-24 12:12:00-05:00,1528.95,1528.95,1528.95,1528.95,0,0,0
2019-12-24 12:13:00-05:00,1528.95,1528.95,1528.95,1528.95,0,0,0
2019-12-24 12:14:00-05:00,1528.95,1528.95,1528.95,1528.95,0,0,0
2019-12-24 12:15:00-05:00,1528.95,1528.95,1528.95,1528.95,0,0,0
2019-12-24 12:16:00-05:00,1528.95,1528.95,1528.95,1528.95,0,0,0
2019-12-24 12:17:00-05:00,1528.95,1528.95,1528.95,1528.95,0,0,0
2019-12-24 12:18:00-05:00,1528.95,1528.95,1528.95,1528.95,0,0,0
2019-12-24 12:19:00-05:00,1528.95,1528.95,1528.95,1528.95,0,0,0
2019-12-24 12:20:00-05:00,1528.95,1528.95,1528.95,1528.95,0,0,0
2019-12-24 12:21:00-05:00,1528.95,1528.95,1528.95,1528.95,0,0,0
2019-12-24 12:22:00-05:00,1528.95,1528.95,1528.95,1528.95,0,0,0
2019-12-24 12:23:00-05:00,1528.95,1528.95,1528.95,1528.95,0,0,0
2019-12-24 12:24:00-05:00,1528.95,1528.95,1528.95,1528.95,0,0,0
2019-12-24 12:25:00-05:00,1528.95,1528.95,1528.95,1528.95,0,0,0
2019-12-24 12:26:00-05:00,1528.95,1528.95,1528.95,1528.95,0,0,0
2019-12-24 12:27:00-05:00,1528.95,1528.95,1528.95,1528.95,0,0,0
2019-12-24 12:28:00-05:00,1528.95,1528.95,1528.95,1528.95,0,0,0
2019-12-24 12:29:00-05:00,1528.95,1528.95,1528.95,1528.95,0,0,0
2019-12-24 12:30:00-05:00,1528.95,1528.95,1528.95,1528.95,0,0,0
2019-12-24 12:31:00-05:00,1528.95,1528.95,1528.95,1528.95,0,0,0
2019-12-24 12:32:00-05:00,1528.95,1528.95,1528.95,1528.95,0,0,0
2019-12-24 12:33:00-05:00,1528.95,1528.95,1528.95,1528.95,0,0,0
2019-12-24 12:34:00-05:00,1528.95,1528.95,1528.95,1528.95,0,0,0
2019-12-24 12:35:00-05:00,1528.95,1528.95,1528.95,1528.95,0,0,0
2019-12-24 12:36:00-05:00,1528.95,1528.95,1528.95,1528.95,0,0,0
2019-12-24 12:37:00-05:00,1528.95,1528.95,1528.95,1528.95,0,0,0
2019-12-24 12:38:00-05:00,1528.95,1528.95,1528.95,1528.95,0,0,0
2019-12-24 12:39:00-05:00,1528.95,1528.95,1528.95,1528.95,0,0,0
2019-12-24 12:40:00-05:00,1528.95,1528.95,1528.95,1528.95,0,0,0
2019-12-24 12:41:00-05:00,1528.95,1528.95,1528.95,1528.95,0,0,0
2019-12-24 12:42:00-05:00,1528.95,1528.95,1528.95,1528.95,0,0,0
2019-12-24 12:43:00-05:00,1528.95,1528.95,1528.95,1528.95,0,0,0
2019-12-24 12:44:00-05:00,1528.95,1528.95,1528.95,1528.95,0,0,0
2019-12-24 12:45:00-05:00,1528.95,1528.95,1528.95,1528.95,0,0,0
2019-12-24 12:46:00-05:00,1528.95,1528.95,1528.95,1528.95,0,0,0
2019-12-24 12:47:00-05:00,1528.95,1528.95,1528.95,1528.95,0,0,0
2019-12-24 12:48:00-05:00,1528.95,1528.95,1528.95,1528.95,0,0,0
2019-12-24 12:49:00-05:00,1528.95,1528.95,1528.95,1528.95,0,0,0
2019-12-24 12:50:00-05:00,1528.95,1528.95,1528.95,1528.95,0,0,0
2019-12-24 12:51:00-05:00,1528.95,1528.95,1528.95,1528.95,0,0,0
2019-12-24 12:52:00-05:00,1528.95,1528.95,1528.95,1528.95,0,0,0
2019-12-24 12:53:00-05:00,1528.95,1528.95,1528.95,1528.95,0,0,0
2019-12-24 12:54:00-05:00,1528.95,1528.95,1528.95,1528.95,0,0,0
2019-12-24 12:55:00-05:00,1528.95,1528.95,1528.95,1528.95,0,0,0
2019-12-24 12:56:00-05:00,1528.95,1528.95,1528.95,1528.95,0,0,0
2019-12-24 12:57:00-05:00,1528.95,1528.95,1528.95,1528.95,0,0,0
2019-12-24 12:58:00-05:00,1528.95,1528.95,1528.95,1528.95,0,0,0
2019-12-24 12:59:00-05:00,1528.95,1528.95,1528.95,1528.95,0,0,0
2019-12-24 13:00:00-05:00,1528.95,1528.95,1528.95,1528.95,0,0,0
2019-12-26 09:30:00-05:00,1528.95,1528.95,1528.95,1528.95,0,0,0
2019-12-26 09:31:00-05:00,1528.95,1528.95,1528.95,1528.95,0,0,0
2019-12-26 09:32:00-05:00,1528.95,1528.95,1528.95,1528.95,0,0,0
2019-12-26 09:33:00-05:00,1528.95,1528.95,1528.95,1528.95,0,0,0
2019-12-26 09:34:00-05:00,1528.95,1528.95,1528.95,1528.95,0,0,0
2019-12-26 09:35:00-05:00,1528.95,1528.95,1528.95,1528.95,0,0,0
2019-12-26 09:36:00-05:00,1528.95,1528.95,1528.95,1528.95,0,0,0
2019-12-26 09:37:00-05:00,1528.95,1528.95,1528.95,1528.95,0,0,0
2019-12-26 09:38:00-05:00,1528.95,1528.95,1528.95,1528.95,0,0,0
2019-12-26 09:39:00-05:00,1528.95,1528.95,1528.95,1528.95,0,0,0
2019-12-26 09:40:00-05:00,1528.95,1528.95,1528.95,1528.95,0,0,0
2019-12-26 09:41:00-05:00,1528.95,1528.95,1528.95,1528.95,0,0,0
2019-12-26 09:42:00-05:00,1528.95,1528.95,1528.95,1528.95,0,0,0
2019-12-26 09:43:00-05:00,1528.95,1528.95,1528.95,1528.95,0,0,0
2019-12-26 09:44:00-05:00,1528.95,1528.95,1528.95,1528.95,0,0,0
2019-12-26 09:45:00-05:00,1528.95,1528.95,1528.95,1528.95,0,0,0
2019-12-26 09:46:00-05:00,1528.95,1528.95,1528.95,1528.95,0,0,0
2019-12-26 09:47:00-05:00,1528.95,1528.95,1528.95,1528.95,0,0,0
2019-12-26 09:48:00-05:00,1528.95,1528.95,1528.95,1528.95,0,0,0
2019-12-26 09:49:00-05:00,1528.95,1528.95,1528.95,1528.95,0,0,0
2019-12-26 09:50:00-05:00,1528.95,1528.95,1528.95,1528.95,0,0,0
2019-12-26 09:51:00-05:00,1528.95,1528.95,1528.95,1528.95,0,0,0
2019-12-26 09:52:00-05:00,1528.95,1528.95,1528.95,1528.95,0,0,0
2019-12-26 09:53:00-05:00,1528.95,1528.95,1528.95,1528.95,0,0,0
2019-12-26 09:54:00-05:00,1528.95,1528.95,1528.95,1528.95,0,0,0
2019-12-26 09:55:00-05:00,1528.95,1528.95,1528.95,1528.95,0,0,0
2019-12-26 09:56:00-05:00,1528.95,1528.95,1528.95,1528.95,0,0,0
2019-12-26 09:57:00-05:00,1528.95,1528.95,1528.95,1528.95,0,0,0
2019-12-26 09:58:00-05:00,1528.95,1528.95,1528.95,1528.95,0,0,0
2019-12-26 09:59:00-05:00,1528.95,1528.95,1528.95,1528.95,0,0,0
2019-12-26 10:00:00-05:00,1528.95,1528.95,1528.95,1528.95,0,0,0
2019-12-26 10:01:00-05:00,1528.95,1528.95,1528.95,1528.95,0,0,0
2019-12-26 10:02:00-05:00,1528.95,1528.95,1528.95,1528.95,0,0,0
2019-12-26 10:03:00-05:00,1528.95,1528.95,1528.95,1528.95,0,0,0
2019-12-26 10:04:00-05:00,1528.95,1528.95,1528.95,1528.95,0,0,0
2019-12-26 10:05:00-05:00,1528.95,1528.95,1528.95,1528.95,0,0,0
2019-12-26 10:06:00-05:00,1528.95,1528.95,1528.95,1528.95,0,0,0
2019-12-26 10:07:00-05:00,1528.95,1528.95,1528.95,1528.95,0,0,0
2019-12-26 10:08:00-05:00,1528.95,1528.95,1528.95,1528.95,0,0,0
2019-12-26 10:09:00-05:00,1528.95,1528.95,1528.95,1528.95,0,0,0
2019-12-26 10:10:00-05:00,1528.95,1528.95,1528.95,1528.95,0,0,0
2019-12-26 10:11:00-05:00,1528.95,1528.95,1528.95,1528.95,0,0,0
2019-12-26 10:12:00-05:00,1528.95,1528.95,1528.95,1528.95,0,0,0
2019-12-26 10:13:00-05:00,1528.95,1528.95,1528.95,1528.95,0,0,0
2019-12-26 10:14:00-05:00,1528.95,1528.95,1528.95,1528.95,0,0,0
2019-12-26 10:15:00-05:00,1528.95,1528.95,1528.95,1528.95,0,0,0
2019-12-26 10:16:00-05:00,1528.95,1528.95,1528.95,1528.95,0,0,0
2019-12-26 10:17:00-05:00,1528.95,1528.95,1528.95,1528.95,0,0,0
2019-12-26 10:18:00-05:00,1528.95,1528.95,1528.95,1528.95,0,0,0
2019-12-26 10:19:00-05:00,1528.95,1528.95,1528.95,1528.95,0,0,0
2019-12-26 10:20:00-05:00,1528.95,1528.95,1528.95,1528.95,0,0,0
2019-12-26 10:21:00-05:00,1528.95,1528.95,1528.95,1528.95,0,0,0
2019-12-26 10:22:00-05:00,1528.95,1528.95,1528.95,1528.95,0,0,0
2019-12-26 10:23:00-05:00,1528.95,1528.95,1528.95,1528.95,0,0,0
2019-12-26 10:24:00-05:00,1528.95,1528.95,1528.95,1528.95,0,0,0
2019-12-26 10:25:00-05:00,1528.95,1528.95,1528.95,1528.95,0,0,0
2019-12-26 10:26:00-05:00,1528.95,1528.95,1528.95,1528.95,0,0,0
2019-12-26 10:27:00-05:00,1528.95,1528.95,1528.95,1528.95,0,0,0
2019-12-26 10:28:00-05:00,1528.95,1528.95,1528.95,1528.95,0,0,0
2019-12-26 10:29:00-05:00,1528.95,1528.95,1528.95,1528.95,0,0,0
2019-12-26 10:30:00-05:00,1528.95,1528.95,1528.95,1528.95,0,0,0
2019-12-26 10:31:00-05:00,1528.95,1528.95,1528.95,1528.95,0,0,0
2019-12-26 10:32:00-05:00,1528.95,1528.95,1528.95,1528.95,0,0,0
2019-12-26 10:33:00-05:00,1528.95,1528.95,1528.95,1528.95,0,0,0
2019-12-26 10:34:00-05:00,1528.95,1528.95,1528.95,1528.95,0,0,0
2019-12-26 10:35:00-05:00,1528.95,1528.95,1528.95,1528.95,0,0,0
2019-12-26 10:36:00-05:00,1528.95,1528.95,1528.95,1528.95,0,0,0
2019-12-26 10:37:00-05:00,1528.95,1528.95,1528.95,1528.95,0,0,0
2019-12-26 10:38:00-05:00,1528.95,1528.95,1528.95,1528.95,0,0,0
2019-12-26 10:39:00-05:00,1528.95,1528.95,1528.95,1528.95,0,0,0
2019-12-26 10:40:00-05:00,1528.95,1528.95,1528.95,1528.95,0,0,0
2019-12-26 10:41:00-05:00,1528.95,1528.95,1528.95,1528.95,0,0,0
2019-12-26 10:42:00-05:00,1528.95,1528.95,1528.95,1528.95,0,0,0
2019-12-26 10:43:00-05:00,1528.95,1528.95,1528.95,1528.95,0,0,0
2019-12-26 10:44:00-05:00,1528.95,1528.95,1528.95,1528.95,0,0,0
2019-12-26 10:45:00-05:00,1528.95,1528.95,1528.95,1528.95,0,0,0
2019-12-26 10:46:00-05:00,1528.95,1528.95,1528.95,1528.95,0,0,0
2019-12-26 10:47:00-05:00,1528.95,1528.95,1528.95,1528.95,0,0,0
2019-12-26 10:48:00-05:00,1528.95,1528.95,1528.95,1528.95,0,0,0
2019-12-26 10:49:00-05:00,1528.95,1528.95,1528.95,1528.95,0,0,0
2019-12-26 10:50:00-05:00,1528.95,1528.95,1528.95,1528.95,0,0,0
2019-12-26 10:51:00-05:00,1528.95,1528.95,1528.95,1528.95,0,0,0
2019-12-26 10:52:00-05:00,1528.95,1528.95,1528.95,1528.95,0,0,0
2019-12-26 10:53:00-05:00,1528.95,1528.95,1528.95,1528.95,0,0,0
2019-12-26 10:54:00-05:00,1528.95,1528.95,1528.95,1528.95,0,0,0
2019-12-26 10:55:00-05:00,1528.95,1528.95,1528.95,1528.95,0,0,0
2019-12-26 10:56:00-05:00,1528.95,1528.95,1528.95,1528.95,0,0,0
2019-12-26 10:57:00-05:00,1528.95,1528.95,1528.95,1528.95,0,0,0
2019-12-26 10:58:00-05:00,1528.95,1528.95,1528.95,1528.95,0,0,0
2019-12-26 10:59:00-05:00,1528.95,1528.95,1528.95,1528.95,0,0,0
2019-12-26 11:00:00-05:00,1528.95,1528.95,1528.95,1528.95,0,0,0
2019-12-26 11:01:00-05:00,1528.95,1528.95,1528.95,1528.95,0,0,0
2019-12-26 11:02:00-05:00,1528.95,1528.95,1528.95,1528.95,0,0,0
2019-12-26 11:03:00-05:00,1528.95,1528.95,1528.95,1528.95,0,0,0
2019-12-26 11:04:00-05:00,1528.95,1528.95,1528.95,1528.95,0,0,0
2019-12-26 11:05:00-05:00,1528.95,1528.95,1528.95,1528.95,0,0,0
2019-12-26 11:06:00-05:00,1528.95,1528.95,1528.95,1528.95,0,0,0
2019-12-26 11:07:00-05:00,1528.95,1528.95,1528.95,1528.95,0,0,0
2019-12-26 11:08:00-05:00,1528.95,1528.95,1528.95,1528.95,0,0,0
2019-12-26 11:09:00-05:00,1528.95,1528.95,1528.95,1528.95,0,0,0
2019-12-26 11:10:00-05:00,1528.95,1528.95,1528.95,1528.95,0,0,0
2019-12-26 11:11:00-05:00,1528.95,1528.95,1528.95,1528.95,0,0,0
2019-12-26 11:12:00-05:00,1528.95,1528.95,1528.95,1528.95,0,0,0
2019-12-26 11:13:00-05:00,1528.95,1528.95,1528.95,1528.95,0,0,0
2019-12-26 11:14:00-05:00,1528.95,1528.95,1528.95,1528.95,0,0,0
2019-12-26 11:15:00-05:00,1528.95,1528.95,1528.95,1528.95,0,0,0
2019-12-26 11:16:00-05:00,1528.95,1528.95,1528.95,1528.95,0,0,0
2019-12-26 11:17:00-05:00,1528.95,1528.95,1528.95,1528.95,0,0,0
2019-12-26 11:18:00-05:00,1528.95,1528.95,1528.95,1528.95,0,0,0
2019-12-26 11:19:00-05:00,1528.95,1528.95,1528.95,1528.95,0,0,0
2019-12-26 11:20:00-05:00,1528.95,1528.95,1528.95,1528.95,0,0,0
2019-12-26 11:21:00-05:00,1528.95,1528.95,1528.95,1528.95,0,0,0
2019-12-26 11:22:00-05:00,1528.95,1528.95,1528.95,1528.95,0,0,0
2019-12-26 11:23:00-05:00,1528.95,1528.95,1528.95,1528.95,0,0,0
2019-12-26 11:24:00-05:00,1528.95,1528.95,1528.95,1528.95,0,0,0
2019-12-26 11:25:00-05:00,1528.95,1528.95,1528.95,1528.95,0,0,0
2019-12-26 11:26:00-05:00,1528.95,1528.95,1528.95,1528.95,0,0,0
2019-12-26 11:27:00-05:00,1528.95,1528.95,1528.95,1528.95,0,0,0
2019-12-26 11:28:00-05:00,1528.95,1528.95,1528.95,1528.95,0,0,0
2019-12-26 11:29:00-05:00,1528.95,1528.95,1528.95,1528.95,0,0,0
2019-12-26 11:30:00-05:00,1528.95,1528.95,1528.95,1528.95,0,0,0
2019-12-26 11:31:00-05:00,1528.95,1528.95,1528.95,1528.95,0,0,0
2019-12-26 11:32:00-05:00,1528.95,1528.95,1528.95,1528.95,0,0,0
2019-12-26 11:33:00-05:00,1528.95,1528.95,1528.95,1528.95,0,0,0
2019-12-26 11:34:00-05:00,1528.95,1528.95,1528.95,1528.95,0,0,0
2019-12-26 11:35:00-05:00,1528.95,1528.95,1528.95,1528.95,0,0,0
2019-12-26 11:36:00-05:00,1528.95,1528.95,1528.95,1528.95,0,0,0
2019-12-26 11:37:00-05:00,1528.95,1528.95,1528.95,1528.95,0,0,0
2019-12-26 11:38:00-05:00,1528.95,1528.95,1528.95,1528.95,0,0,0
2019-12-26 11:39:00-05:00,1528.95,1528.95,1528.95,1528.95,0,0,0
2019-12-26 11:40:00-05:00,1528.95,1528.95,1528.95,1528.95,0,0,0
2019-12-26 11:41:00-05:00,1528.95,1528.95,1528.95,1528.95,0,0,0
2019-12-26 11:42:00-05:00,1528.95,1528.95,1528.95,1528.95,0,0,0
2019-12-26 11:43:00-05:00,1528.95,1528.95,1528.95,1528.95,0,0,0
2019-12-26 11:44:00-05:00,1528.95,1528.95,1528.95,1528.95,0,0,0
2019-12-26 11:45:00-05:00,1528.95,1528.95,1528.95,1528.95,0,0,0
2019-12-26 11:46:00-05:00,1528.95,1528.95,1528.95,1528.95,0,0,0
2019-12-26 11:47:00-05:00,1528.95,1528.95,1528.95,1528.95,0,0,0
2019-12-26 11:48:00-05:00,1528.95,1528.95,1528.95,1528.95,0,0,0
2019-12-26 11:49:00-05:00,1528.95,1528.95,1528.95,1528.95,0,0,0
2019-12-26 11:50:00-05:00,1528.95,1528.95,1528.95,1528.95,0,0,0
2019-12-26 11:51:00-05:00,1528.95,1528.95,1528.95,1528.95,0,0,0
2019-12-26 11:52:00-05:00,1528.95,1528.95,1528.95,1528.95,0,0,0
2019-12-26 11:53:00-05:00,1528.95,1528.95,1528.95,1528.95,0,0,0
2019-12-26 11:54:00-05:00,1528.95,1528.95,1528.95,1528.95,0,0,0
2019-12-26 11:55:00-05:00,1528.95,1528.95,1528.95,1528.95,0,0,0
2019-12-26 11:56:00-05:00,1528.95,1528.95,1528.95,1528.95,0,0,0
2019-12-26 11:57:00-05:00,1528.95,1528.95,1528.95,1528.95,0,0,0
2019-12-26 11:58:00-05:00,1528.95,1528.95,1528.95,1528.95,0,0,0
2019-12-26 11:59:00-05:00,1528.95,1528.95,1528.95,1528.95,0,0,0
2019-12-26 12:00:00-05:00,1528.95,1528.95,1528.95,1528.95,0,0,0
2019-12-26 12:01:00-05:00,1528.95,1528.95,1528.95,1528.95,0,0,0
2019-12-26 12:02:00-05:00,1528.95,1528.95,1528.95,1528.95,0,0,0
2019-12-26 12:03:00-05:00,1528.95,1528.95,1528.95,1528.95,0,0,0
2019-12-26 12:04:00-05:00,1528.95,1528.95,1528.95,1528.95,0,0,0
2019-12-26 12:05:00-05:00,1528.95,1528.95,1528.95,1528.95,0,0,0
2019-12-26 12:06:00-05:00,1528.95,1528.95,1528.95,1528.95,0,0,0
2019-12-26 12:07:00-05:00,1528.95,1528.95,1528.95,1528.95,0,0,0
2019-12-26 12:08:00-05:00,1528.95,1528.95,1528.95,1528.95,0,0,0
2019-12-26 12:09:00-05:00,1528.95,1528.95,1528.95,1528.95,0,0,0
2019-12-26 12:10:00-05:00,1528.95,1528.95,1528.95,1528.95,0,0,0
2019-12-26 12:11:00-05:00,1528.95,1528.95,1528.95,1528.95,0,0,0
2019-12-26 12:12:00-05:00,1528.95,1528.95,1528.95,1528.95,0,0,0
2019-12-26 12:13:00-05:00,1528.95,1528.95,1528.95,1528.95,0,0,0
2019-12-26 12:14:00-05:00,1528.95,1528.95,1528.95,1528.95,0,0,0
2019-12-26 12:15:00-05:00,1528.95,1528.95,1528.95,1528.95,0,0,0
2019-12-26 12:16:00-05:00,1528.95,1528.95,1528.95,1528.95,0,0,0
2019-12-26 12:17:00-05:00,1528.95,1528.95,1528.95,1528.95,0,0,0
2019-12-26 12:18:00-05:00,1528.95,1528.95,1528.95,1528.95,0,0,0
2019-12-26 12:19:00-05:00,1528.95,1528.95,1528.95,1528.95,0,0,0
2019-12-26 12:20:00-05:00,1528.95,1528.95,1528.95,1528.95,0,0,0
2019-12-26 12:21:00-05:00,1528.95,1528.95,1528.95,1528.95,0,0,0
2019-12-26 12:22:00-05:00,1528.95,1528.95,1528.95,1528.95,0,0,0
2019-12-26 12:23:00-05:00,1528.95,1528.95,1528.95,1528.95,0,0,0
2019-12-26 12:24:00-05:00,1528.95,1528.95,1528.95,1528.95,0,0,0
2019-12-26 12:25:00-05:00,1528.95,1528.95,1528.95,1528.95,0,0,0
2019-12-26 12:26:00-05:00,1528.95,1528.95,1528.95,1528.95,0,0,0
2019-12-26 12:27:00-05:00,1528.95,1528.95,1528.95,1528.95,0,0,0
2019-12-26 12:28:00-05:00,1528.95,1528.95,1528.95,1528.95,0,0,0
2019-12-26 12:29:00-05:00,1528.95,1528.95,1528.95,1528.95,0,0,0
2019-12-26 12:30:00-05:00,1528.95,1528.95,1528.95,1528.95,0,0,0
2019-12-26 12:31:00-05:00,1528.95,1528.95,1528.95,1528.95,0,0,0
2019-12-26 12:32:00-05:00,1528.95,1528.95,1528.95,1528.95,0,0,0
2019-12-26 12:33:00-05:00,1528.95,1528.95,1528.95,1528.95,0,0,0
2019-12-26 12:34:00-05:00,1528.95,1528.95,1528.95,1528.95,0,0,0
2019-12-26 12:35:00-05:00,1528.95,1528.95,1528.95,1528.95,0,0,0
2019-12-26 12:36:00-05:00,1528.95,1528.95,1528.95,1528.95,0,0,0
2019-12-26 12:37:00-05:00,1528.95,1528.95,1528.95,1528.95,0,0,0
2019-12-26 12:38:00-05:00,1528.95,1528.95,1528.95,1528.95,0,0,0
2019-12-26 12:39:00-05:00,1528.95,1528.95,1528.95,1528.95,0,0,0
2019-12-26 12:40:00-05:00,1528.95,1528.95,1528.95,1528.95,0,0,0
2019-12-26 12:41:00-05:00,1528.95,1528.95,1528.95,1528.95,0,0,0
2019-12-26 12:42:00-05:00,1528.95,1528.95,1528.95,1528.95,0,0,0
2019-12-26 12:43:00-05:00,1528.95,1528.95,1528.95,1528.95,0,0,0
2019-12-26 12:44:00-05:00,1528.95,1528.95,1528.95,1528.95,0,0,0
2019-12-26 12:45:00-05:00,1528.95,1528.95,1528.95,1528.95,0,0,0
2019-12-26 12:46:00-05:00,1528.95,1528.95,1528.95,1528.95,0,0,0
2019-12-26 12:47:00-05:00,1528.95,1528.95,1528.95,1528.95,0,0,0
2019-12-26 12:48:00-05:00,1528.95,1528.95,1528.95,1528.95,0,0,0
2019-12-26 12:49:00-05:00,1528.95,1528.95,1528.95,1528.95,0,0,0
2019-12-26 12:50:00-05:00,1528.95,1528.95,1528.95,1528.95,0,0,0
2019-12-26 12:51:00-05:00,1528.95,1528.95,1528.95,1528.95,0,0,0
2019-12-26 12:52:00-05:00,1528.95,1528.95,1528.95,1528.95,0,0,0
2019-12-26 12:53:00-05:00,1528.95,1528.95,1528.95,1528.95,0,0,0
2019-12-26 12:54:00-05:00,1528.95,1528.95,1528.95,1528.95,0,0,0
2019-12-26 12:55:00-05:00,1528.95,1528.95,1528.95,1528.95,0,0,0
2019-12-26 12:56:00-05:00,1528.95,1528.95,1528.95,1528.95,0,0,0
2019-12-26 12:57:00-05:00,1528.95,1528.95,1528.95,1528.95,0,0,0
2019-12-26 12:58:00-05:00,1528.95,1528.95,1528.95,1528.95,0,0,0
2019-12-26 12:59:00-05:00,1528.95,1528.95,1528.95,1528.95,0,0,0
2019-12-26 13:00:00-05:00,1528.95,1528.95,1528.95,1528.95,0,0,0
2019-12-26 13:01:00-05:00,1528.95,1528.95,1528.95,1528.95,0,0,0
2019-12-26 13:02:00-05:00,1528.95,1528.95,1528.95,1528.95,0,0,0
2019-12-26 13:03:00-05:00,1528.95,1528.95,1528.95,1528.95,0,0,0
2019-12-26 13:04:00-05:00,1528.95,1528.95,1528.95,1528.95,0,0,0
2019-12-26 13:05:00-05:00,1528.95,1528.95,1528.95,1528.95,0,0,0
2019-12-26 13:06:00-05:00,1528.95,1528.95,1528.95,1528.95,0,0,0
2019-12-26 13:07:00-05:00,1528.95,1528.95,1528.95,1528.95,0,0,0
2019-12-26 13:08:00-05:00,1528.95,1528.95,1528.95,1528.95,0,0,0
2019-12-26 13:09:00-05:00,1528.95,1528.95,1528.95,1528.95,0,0,0
2019-12-26 13:10:00-05:00,1528.95,1528.95,1528.95,1528.95,0,0,0
2019-12-26 13:11:00-05:00,1528.95,1528.95,1528.95,1528.95,0,0,0
2019-12-26 13:12:00-05:00,1528.95,1528.95,1528.95,1528.95,0,0,0
2019-12-26 13:13:00-05:00,1528.95,1528.95,1528.95,1528.95,0,0,0
2019-12-26 13:14:00-05:00,1528.95,1528.95,1528.95,1528.95,0,0,0
2019-12-26 13:15:00-05:00,1528.95,1528.95,1528.95,1528.95,0,0,0
2019-12-26 13:16:00-05:00,1528.95,1528.95,1528.95,1528.95,0,0,0
2019-12-26 13:17:00-05:00,1528.95,1528.95,1528.95,1528.95,0,0,0
2019-12-26 13:18:00-05:00,1528.95,1528.95,1528.95,1528.95,0,0,0
2019-12-26 13:19:00-05:00,1528.95,1528.95,1528.95,1528.95,0,0,0
2019-12-26 13:20:00-05:00,1528.95,1528.95,1528.95,1528.95,0,0,0
2019-12-26 13:21:00-05:00,1528.95,1528.95,1528.95,1528.95,0,0,0
2019-12-26 13:22:00-05:00,1528.95,1528.95,1528.95,1528.95,0,0,0
2019-12-26 13:23:00-05:00,1528.95,1528.95,1528.95,1528.95,0,0,0
2019-12-26 13:24:00-05:00,1528.95,1528.95,1528.95,1528.95,0,0,0
2019-12-26 13:25:00-05:00,1528.95,1528.95,1528.95,1528.95,0,0,0
2019-12-26 13:26:00-05:00,1528.95,1528.95,1528.95,1528.95,0,0,0
2019-12-26 13:27:00-05:00,1528.95,1528.95,1528.95,1528.95,0,0,0
2019-12-26 13:28:00-05:00,1528.95,1528.95,1528.95,1528.95,0,0,0
2019-12-26 13:29:00-05:00,1528.95,1528.95,1528.95,1528.95,0,0,0
2019-12-26 13:30:00-05:00,1528.95,1528.95,1528.95,1528.95,0,0,0
2019-12-26 13:31:00-05:00,1528.95,1528.95,1528.95,1528.95,0,0,0
2019-12-26 13:32:00-05:00,1528.95,1528.95,1528.95,1528.95,0,0,0
2019-12-26 13:33:00-05:00,1528.95,1528.95,1528.95,1528.95,0,0,0
2019-12-26 13:34:00-05:00,1528.95,1528.95,1528.95,1528.95,0,0,0
2019-12-26 13:35:00-05:00,1528.95,1528.95,1528.95,1528.95,0,0,0
2019-12-26 13:36:00-05:00,1528.95,1528.95,1528.95,1528.95,0,0,0
2019-12-26 13:37:00-05:00,1528.95,1528.95,1528.95,1528.95,0,0,0
2019-12-26 13:38:00-05:00,1528.95,1528.95,1528.95,1528.95,0,0,0
2019-12-26 13:39:00-05:00,1528.95,1528.95,1528.95,1528.95,0,0,0
2019-12-26 13:40:00-05:00,1528.95,1528.95,1528.95,1528.95,0,0,0
2019-12-26 13:41:00-05:00,1528.95,1528.95,1528.95,1528.95,0,0,0
2019-12-26 13:42:00-05:00,1528.95,1528.95,1528.95,1528.95,0,0,0
2019-12-26 13:43:00-05:00,1528.95,1528.95,1528.95,1528.95,0,0,0
2019-12-26 13:44:00-05:00,1528.95,1528.95,1528.95,1528.95,0,0,0
2019-12-26 13:45:00-05:00,1528.95,1528.95,1528.95,1528.95,0,0,0
2019-12-26 13:46:00-05:00,1528.95,1528.95,1528.95,1528.95,0,0,0
2019-12-26 13:47:00-05:00,1528.95,1528.95,1528.95,1528.95,0,0,0
2019-12-26 13:48:00-05:00,1528.95,1528.95,1528.95,1528.95,0,0,0
2019-12-26 13:49:00-05:00,1528.95,1528.95,1528.95,1528.95,0,0,0
2019-12-26 13:50:00-05:00,1528.95,1528.95,1528.95,1528.95,0,0,0
2019-12-26 13:51:00-05:00,1528.95,1528.95,1528.95,1528.95,0,0,0
2019-12-26 13:52:00-05:00,1528.95,1528.95,1528.95,1528.95,0,0,0
2019-12-26 13:53:00-05:00,1528.95,1528.95,1528.95,1528.95,0,0,0
2019-12-26 13:54:00-05:00,1528.95,1528.95,1528.95,1528.95,0,0,0
2019-12-26 13:55:00-05:00,1528.95,1528.95,1528.95,1528.95,0,0,0
2019-12-26 13:56:00-05:00,1528.95,1528.95,1528.95,1528.95,0,0,0
2019-12-26 13:57:00-05:00,1528.95,1528.95,1528.95,1528.95,0,0,0
2019-12-26 13:58:00-05:00,1528.95,1528.95,1528.95,1528.95,0,0,0
2019-12-26 13:59:00-05:00,1528.95,1528.95,1528.95,1528.95,0,0,0
2019-12-26 14:00:00-05:00,1528.95,1528.95,1528.95,1528.95,0,0,0
2019-12-26 14:01:00-05:00,1528.95,1528.95,1528.95,1528.95,0,0,0
2019-12-26 14:02:00-05:00,1528.95,1528.95,1528.95,1528.95,0,0,0
2019-12-26 14:03:00-05:00,1528.95,1528.95,1528.95,1528.95,0,0,0
2019-12-26 14:04:00-05:00,1528.95,1528.95,1528.95,1528.95,0,0,0
2019-12-26 14:05:00-05:00,1528.95,1528.95,1528.95,1528.95,0,0,0
2019-12-26 14:06:00-05:00,1528.95,1528.95,1528.95,1528.95,0,0,0
2019-12-26 14:07:00-05:00,1528.95,1528.95,1528.95,1528.95,0,0,0
2019-12-26 14:08:00-05:00,1528.95,1528.95,1528.95,1528.95,0,0,0
2019-12-26 14:09:00-05:00,1528.95,1528.95,1528.95,1528.95,0,0,0
2019-12-26 14:10:00-05:00,1528.95,1528.95,1528.95,1528.95,0,0,0
2019-12-26 14:11:00-05:00,1528.95,1528.95,1528.95,1528.95,0,0,0
2019-12-26 14:12:00-05:00,1528.95,1528.95,1528.95,1528.95,0,0,0
2019-12-26 14:13:00-05:00,1528.95,1528.95,1528.95,1528.95,0,0,0
2019-12-26 14:14:00-05:00,1528.95,1528.95,1528.95,1528.95,0,0,0
2019-12-26 14:15:00-05:00,1528.95,1528.95,1528.95,1528.95,0,0,0
2019-12-26 14:16:00-05:00,1528.95,1528.95,1528.95,1528.95,0,0,0
2019-12-26 14:17:00-05:00,1528.95,1528.95,1528.95,1528.95,0,0,0
2019-12-26 14:18:00-05:00,1528.95,1528.95,1528.95,1528.95,0,0,0
2019-12-26 14:19:00-05:00,1528.95,1528.95,1528.95,1528.95,0,0,0
2019-12-26 14:20:00-05:00,1528.95,1528.95,1528.95,1528.95,0,0,0
2019-12-26 14:21:00-05:00,1528.95,1528.95,1528.95,1528.95,0,0,0
2019-12-26 14:22:00-05:00,1528.95,1528.95,1528.95,1528.95,0,0,0
2019-12-26 14:23:00-05:00,1528.95,1528.95,1528.95,1528.95,0,0,0
2019-12-26 14:24:00-05:00,1528.95,1528.95,1528.95,1528.95,0,0,0
2019-12-26 14:25:00-05:00,1528.95,1528.95,1528.95,1528.95,0,0,0
2019-12-26 14:26:00-05:00,1528.95,1528.95,1528.95,1528.95,0,0,0
2019-12-26 14:27:00-05:00,1528.95,1528.95,1528.95,1528.95,0,0,0
2019-12-26 14:28:00-05:00,1528.95,1528.95,1528.95,1528.95,0,0,0
2019-12-26 14:29:00-05:00,1528.95,1528.95,1528.95,1528.95,0,0,0
2019-12-26 14:30:00-05:00,1528.95,1528.95,1528.95,1528.95,0,0,0
2019-12-26 14:31:00-05:00,1528.95,1528.95,1528.95,1528.95,0,0,0
2019-12-26 14:32:00-05:00,1528.95,1528.95,1528.95,1528.95,0,0,0
2019-12-26 14:33:00-05:00,1528.95,1528.95,1528.95,1528.95,0,0,0
2019-12-26 14:34:00-05:00,1528.95,1528.95,1528.95,1528.95,0,0,0
2019-12-26 14:35:00-05:00,1528.95,1528.95,1528.95,1528.95,0,0,0
2019-12-26 14:36:00-05:00,1528.95,1528.95,1528.95,1528.95,0,0,0
2019-12-26 14:37:00-05:00,1528.95,1528.95,1528.95,1528.95,0,0,0
2019-12-26 14:38:00-05:00,1528.95,1528.95,1528.95,1528.95,0,0,0
2019-12-26 14:39:00-05:00,1528.95,1528.95,1528.95,1528.95,0,0,0
2019-12-26 14:40:00-05:00,1528.95,1528.95,1528.95,1528.95,0,0,0
2019-12-26 14:41:00-05:00,1528.95,1528.95,1528.95,1528.95,0,0,0
2019-12-26 14:42:00-05:00,1528.95,1528.95,1528.95,1528.95,0,0,0
2019-12-26 14:43:00-05:00,1528.95,1528.95,1528.95,1528.95,0,0,0
2019-12-26 14:44:00-05:00,1528.95,1528.95,1528.95,1528.95,0,0,0
2019-12-26 14:45:00-05:00,1528.95,1528.95,1528.95,1528.95,0,0,0
2019-12-26 14:46:00-05:00,1528.95,1528.95,1528.95,1528.95,0,0,0
2019-12-26 14:47:00-05:00,1528.95,1528.95,1528.95,1528.95,0,0,0
2019-12-26 14:48:00-05:00,1528.95,1528.95,1528.95,1528.95,0,0,0
2019-12-26 14:49:00-05:00,1528.95,1528.95,1528.95,1528.95,0,0,0
2019-12-26 14:50:00-05:00,1528.95,1528.95,1528.95,1528.95,0,0,0
2019-12-26 14:51:00-05:00,1528.95,1528.95,1528.95,1528.95,0,0,0
2019-12-26 14:52:00-05:00,1528.95,1528.95,1528.95,1528.95,0,0,0
2019-12-26 14:53:00-05:00,1528.95,1528.95,1528.95,1528.95,0,0,0
2019-12-26 14:54:00-05:00,1528.95,1528.95,1528.95,1528.95,0,0,0
2019-12-26 14:55:00-05:00,1528.95,1528.95,1528.95,1528.95,0,0,0
2019-12-26 14:56:00-05:00,1528.95,1528.95,1528.95,1528.95,0,0,0
2019-12-26 14:57:00-05:00,1528.95,1528.95,1528.95,1528.95,0,0,0
2019-12-26 14:58:00-05:00,1528.95,1528.95,1528.95,1528.95,0,0,0
2019-12-26 14:59:00-05:00,1528.95,1528.95,1528.95,1528.95,0,0,0
2019-12-26 15:00:00-05:00,1528.95,1528.95,1528.95,1528.95,0,0,0
2019-12-26 15:01:00-05:00,1528.95,1528.95,1528.95,1528.95,0,0,0
2019-12-26 15:02:00-05:00,1528.95,1528.95,1528.95,1528.95,0,0,0
2019-12-26 15:03:00-05:00,1528.95,1528.95,1528.95,1528.95,0,0,0
2019-12-26 15:04:00-05:00,1528.95,1528.95,1528.95,1528.95,0,0,0
2019-12-26 15:05:00-05:00,1528.95,1528.95,1528.95,1528.95,0,0,0
2019-12-26 15:06:00-05:00,1528.95,1528.95,1528.95,1528.95,0,0,0
2019-12-26 15:07:00-05:00,1528.95,1528.95,1528.95,1528.95,0,0,0
2019-12-26 15:08:00-05:00,1528.95,1528.95,1528.95,1528.95,0,0,0
2019-12-26 15:09:00-05:00,1528.95,1528.95,1528.95,1528.95,0,0,0
2019-12-26 15:10:00-05:00,1528.95,1528.95,1528.95,1528.95,0,0,0
2019-12-26 15:11:00-05:00,1528.95,1528.95,1528.95,1528.95,0,0,0
2019-12-26 15:12:00-05:00,1528.95,1528.95,1528.95,1528.95,0,0,0
2019-12-26 15:13:00-05:00,1528.95,1528.95,1528.95,1528.95,0,0,0
2019-12-26 15:14:00-05:00,1528.95,1528.95,1528.95,1528.95,0,0,0
2019-12-26 15:15:00-05:00,1528.95,1528.95,1528.95,1528.95,0,0,0
2019-12-26 15:16:00-05:00,1528.95,1528.95,1528.95,1528.95,0,0,0
2019-12-26 15:17:00-05:00,1528.95,1528.95,1528.95,1528.95,0,0,0
2019-12-26 15:18:00-05:00,1528.95,1528.95,1528.95,1528.95,0,0,0
2019-12-26 15:19:00-05:00,1528.95,1528.95,1528.95,1528.95,0,0,0
2019-12-26 15:20:00-05:00,1528.95,1528.95,1528.95,1528.95,0,0,0
2019-12-26 15:21:00-05:00,1528.95,1528.95,1528.95,1528.95,0,0,0
2019-12-26 15:22:00-05:00,1528.95,1528.95,1528.95,1528.95,0,0,0
2019-12-26 15:23:00-05:00,1528.95,1528.95,1528.95,1528.95,0,0,0
2019-12-26 15:24:00-05:00,1528.95,1528.95,1528.95,1528.95,0,0,0
2019-12-26 15:25:00-05:00,1528.95,1528.95,1528.95,1528.95,0,0,0
2019-12-26 15:26:00-05:00,1528.95,1528.95,1528.95,1528.95,0,0,0
2019-12-26 15:27:00-05:00,1528.95,1528.95,1528.95,1528.95,0,0,0
2019-12-26 15:28:00-05:00,1528.95,1528.95,1528.95,1528.95,0,0,0
2019-12-26 15:29:00-05:00,1528.95,1528.95,1528.95,1528.95,0,0,0
2019-12-26 15:30:00-05:00,1528.95,1528.95,1528.95,1528.95,0,0,0
2019-12-26 15:31:00-05:00,1528.95,1528.95,1528.95,1528.95,0,0,0
2019-12-26 15:32:00-05:00,1528.95,1528.95,1528.95,1528.95,0,0,0
2019-12-26 15:33:00-05:00,1528.95,1528.95,1528.95,1528.95,0,0,0
2019-12-26 15:34:00-05:00,1528.95,1528.95,1528.95,1528.95,0,0,0
2019-12-26 15:35:00-05:00,1528.95,1528.95,1528.95,1528.95,0,0,0
2019-12-26 15:36:00-05:00,1528.95,1528.95,1528.95,1528.95,0,0,0
2019-12-26 15:37:00-05:00,1528.95,1528.95,1528.95,1528.95,0,0,0
2019-12-26 15:38:00-05:00,1528.95,1528.95,1528.95,1528.95,0,0,0
2019-12-26 15:39:00-05:00,1528.95,1528.95,1528.95,1528.95,0,0,0
2019-12-26 15:40:00-05:00,1528.95,1528.95,1528.95,1528.95,0,0,0
2019-12-26 15:41:00-05:00,1528.95,1528.95,1528.95,1528.95,0,0,0
2019-12-26 15:42:00-05:00,1528.95,1528.95,1528.95,1528.95,0,0,0
2019-12-26 15:43:00-05:00,1528.95,1528.95,1528.95,1528.95,0,0,0
2019-12-26 15:44:00-05:00,1528.95,1528.95,1528.95,1528.95,0,0,0
2019-12-26 15:45:00-05:00,1528.95,1528.95,1528.95,1528.95,0,0,0
2019-12-26 15:46:00-05:00,1528.95,1528.95,1528.95,1528.95,0,0,0
2019-12-26 15:47:00-05:00,1528.95,1528.95,1528.95,1528.95,0,0,0
2019-12-26 15:48:00-05:00,1528.95,1528.95,1528.95,1528.95,0,0,0
2019-12-26 15:49:00-05:00,1528.95,1528.95,1528.95,1528.95,0,0,0
2019-12-26 15:50:00-05:00,1528.95,1528.95,1528.95,1528.95,0,0,0
2019-12-26 15:51:00-05:00,1528.95,1528.95,1528.95,1528.95,0,0,0
2019-12-26 15:52:00-05:00,1528.95,1528.95,1528.95,1528.95,0,0,0
2019-12-26 15:53:00-05:00,1528.95,1528.95,1528.95,1528.95,0,0,0
2019-12-26 15:54:00-05:00,1528.95,1528.95,1528.95,1528.95,0,0,0
2019-12-26 15:55:00-05:00,1528.95,1528.95,1528.95,1528.95,0,0,0
2019-12-26 15:56:00-05:00,1528.95,1528.95,1528.95,1528.95,0,0,0
2019-12-26 15:57:00-05:00,1528.95,1528.95,1528.95,1528.95,0,0,0
2019-12-26 15:58:00-05:00,1528.95,1528.95,1528.95,1528.95,0,0,0
2019-12-26 15:59:00-05:00,1528.95,1528.95,1528.95,1528.95,0,0,0
2019-12-27 09:30:00-05:00,1536.79,1536.81,1536.56,1536.6,0,0,0
2019-12-27 09:31:00-05:00,1536.65,1536.65,1536.56,1536.62,0,0,0
2019-12-27 09:32:00-05:00,1536.59,1536.62,1536.57,1536.58,0,0,0
2019-12-27 09:33:00-05:00,1536.58,1536.73,1536.58,1536.7,0,0,0
2019-12-27 09:34:00-05:00,1536.65,1536.65,1536.26,1536.3,0,0,0
2019-12-27 09:35:00-05:00,1536.18,1536.21,1535.95,1535.97,0,0,0
2019-12-27 09:36:00-05:00,1535.95,1535.95,1535.24,1535.26,0,0,0
2019-12-27 09:37:00-05:00,1535.27,1535.38,1535.27,1535.38,0,0,0
2019-12-27 09:38:00-05:00,1535.37,1535.5,1535.37,1535.48,0,0,0
2019-12-27 09:39:00-05:00,1535.5,1535.54,1535.49,1535.54,0,0,0
2019-12-27 09:40:00-05:00,1535.59,1535.59,1535.52,1535.56,0,0,0
2019-12-27 09:41:00-05:00,1535.61,1535.61,1535.49,1535.55,0,0,0
2019-12-27 09:42:00-05:00,1535.6,1535.67,1535.6,1535.67,0,0,0
2019-12-27 09:43:00-05:00,1535.62,1535.62,1535.35,1535.35,0,0,0
2019-12-27 09:44:00-05:00,1535.32,1535.32,1535.09,1535.15,0,0,0
2019-12-27 09:45:00-05:00,1535.15,1535.15,1534.79,1534.85,0,0,0
2019-12-27 09:46:00-05:00,1534.89,1534.9,1534.82,1534.83,0,0,0
2019-12-27 09:47:00-05:00,1534.74,1534.74,1534.48,1534.59,0,0,0
2019-12-27 09:48:00-05:00,1534.62,1534.62,1534.41,1534.41,0,0,0
2019-12-27 09:49:00-05:00,1534.53,1534.53,1534.45,1534.45,0,0,0
2019-12-27 09:50:00-05:00,1534.44,1534.46,1534.44,1534.46,0,0,0
2019-12-27 09:51:00-05:00,1534.45,1534.48,1534.38,1534.38,0,0,0
2019-12-27 09:52:00-05:00,1534.38,1534.46,1534.32,1534.32,0,0,0
2019-12-27 09:53:00-05:00,1534.33,1534.33,1534.23,1534.29,0,0,0
2019-12-27 09:54:00-05:00,1534.25,1534.48,1534.25,1534.48,0,0,0
2019-12-27 09:55:00-05:00,1534.48,1534.58,1534.47,1534.49,0,0,0
2019-12-27 09:56:00-05:00,1534.47,1534.72,1534.47,1534.62,0,0,0
2019-12-27 09:57:00-05:00,1534.61,1534.68,1534.56,1534.6,0,0,0
2019-12-27 09:58:00-05:00,1534.62,1534.62,1534.43,1534.61,0,0,0
2019-12-27 09:59:00-05:00,1534.63,1534.67,1534.58,1534.63,0,0,0
2019-12-27 10:00:00-05:00,1534.55,1534.74,1534.55,1534.71,0,0,0
2019-12-27 10:01:00-05:00,1534.72,1534.72,1534.57,1534.58,0,0,0
2019-12-27 10:02:00-05:00,1534.5,1534.5,1534.41,1534.5,0,0,0
2019-12-27 10:03:00-05:00,1534.45,1534.54,1534.45,1534.51,0,0,0
2019-12-27 10:04:00-05:00,1534.51,1534.52,1534.39,1534.52,0,0,0
2019-12-27 10:05:00-05:00,1534.54,1534.54,1534.31,1534.33,0,0,0
2019-12-27 10:06:00-05:00,1534.29,1534.29,1534.16,1534.21,0,0,0
2019-12-27 10:07:00-05:00,1534.2,1534.37,1534.2,1534.37,0,0,0
2019-12-27 10:08:00-05:00,1534.35,1534.5,1534.35,1534.5,0,0,0
2019-12-27 10:09:00-05:00,1534.52,1534.62,1534.52,1534.62,0,0,0
2019-12-27 10:10:00-05:00,1534.57,1534.61,1534.57,1534.6,0,0,0
2019-12-27 10:11:00-05:00,1534.6,1534.71,1534.57,1534.71,0,0,0
2019-12-27 10:12:00-05:00,1534.71,1534.74,1534.66,1534.66,0,0,0
2019-12-27 10:13:00-05:00,1534.66,1534.67,1534.54,1534.61,0,0,0
2019-12-27 10:14:00-05:00,1534.66,1534.81,1534.66,1534.77,0,0,0
2019-12-27 10:15:00-05:00,1534.8,1534.93,1534.8,1534.88,0,0,0
2019-12-27 10:16:00-05:00,1534.98,1535.13,1534.98,1535.13,0,0,0
2019-12-27 10:17:00-05:00,1535.13,1535.13,1534.96,1534.99,0,0,0
2019-12-27 10:18:00-05:00,1534.98,1535.12,1534.97,1535.09,0,0,0
2019-12-27 10:19:00-05:00,1535.12,1535.14,1535.05,1535.06,0,0,0
2019-12-27 10:20:00-05:00,1535.06,1535.06,1534.8,1534.8,0,0,0
2019-12-27 10:21:00-05:00,1534.81,1534.81,1534.54,1534.54,0,0,0
2019-12-27 10:22:00-05:00,1534.53,1534.53,1534.41,1534.41,0,0,0
2019-12-27 10:23:00-05:00,1534.4,1534.43,1534.23,1534.26,0,0,0
2019-12-27 10:24:00-05:00,1534.26,1534.27,1534.23,1534.26,0,0,0
2019-12-27 10:25:00-05:00,1534.25,1534.25,1534.18,1534.18,0,0,0
2019-12-27 10:26:00-05:00,1534.18,1534.18,1534.11,1534.15,0,0,0
2019-12-27 10:27:00-05:00,1534.15,1534.15,1534.12,1534.12,0,0,0
2019-12-27 10:28:00-05:00,1534.12,1534.14,1534.12,1534.14,0,0,0
2019-12-27 10:29:00-05:00,1534.05,1534.05,1533.92,1533.93,0,0,0
2019-12-27 10:30:00-05:00,1533.78,1533.78,1533.09,1533.17,0,0,0
2019-12-27 10:31:00-05:00,1533.34,1533.51,1533.34,1533.46,0,0,0
2019-12-27 10:32:00-05:00,1533.46,1533.46,1532.94,1532.94,0,0,0
2019-12-27 10:33:00-05:00,1532.93,1532.95,1532.68,1532.69,0,0,0
2019-12-27 10:34:00-05:00,1532.32,1532.69,1532.31,1532.69,0,0,0
2019-12-27 10:35:00-05:00,1532.74,1533.0,1532.74,1532.94,0,0,0
2019-12-27 10:36:00-05:00,1532.93,1533.04,1532.91,1532.99,0,0,0
2019-12-27 10:37:00-05:00,1532.97,1533.12,1532.97,1533.12,0,0,0
2019-12-27 10:38:00-05:00,1533.13,1533.18,1533.11,1533.18,0,0,0
2019-12-27 10:39:00-05:00,1533.17,1533.33,1533.16,1533.28,0,0,0
2019-12-27 10:40:00-05:00,1533.3,1533.44,1533.29,1533.44,0,0,0
2019-12-27 10:41:00-05:00,1533.46,1533.72,1533.46,1533.69,0,0,0
2019-12-27 10:42:00-05:00,1533.7,1533.77,1533.7,1533.73,0,0,0
2019-12-27 10:43:00-05:00,1533.73,1533.77,1533.68,1533.68,0,0,0
2019-12-27 10:44:00-05:00,1533.72,1533.76,1533.72,1533.76,0,0,0
2019-12-27 10:45:00-05:00,1533.76,1533.9,1533.76,1533.83,0,0,0
2019-12-27 10:46:00-05:00,1533.89,1533.89,1533.72,1533.81,0,0,0
2019-12-27 10:47:00-05:00,1533.81,1533.88,1533.81,1533.85,0,0,0
2019-12-27 10:48:00-05:00,1533.85,1534.04,1533.85,1534.04,0,0,0
2019-12-27 10:49:00-05:00,1534.01,1534.01,1533.94,1533.96,0,0,0
2019-12-27 10:50:00-05:00,1533.98,1533.99,1533.95,1533.99,0,0,0
2019-12-27 10:51:00-05:00,1534.0,1534.06,1533.98,1534.06,0,0,0
2019-12-27 10:52:00-05:00,1534.09,1534.29,1534.08,1534.29,0,0,0
2019-12-27 10:53:00-05:00,1534.29,1534.29,1534.09,1534.09,0,0,0
2019-12-27 10:54:00-05:00,1534.09,1534.17,1534.09,1534.11,0,0,0
2019-12-27 10:55:00-05:00,1534.11,1534.27,1534.09,1534.27,0,0,0
2019-12-27 10:56:00-05:00,1534.29,1534.34,1534.27,1534.34,0,0,0
2019-12-27 10:57:00-05:00,1534.34,1534.39,1534.31,1534.31,0,0,0
2019-12-27 10:58:00-05:00,1534.3,1534.42,1534.3,1534.41,0,0,0
2019-12-27 10:59:00-05:00,1534.53,1534.61,1534.52,1534.61,0,0,0
2019-12-27 11:00:00-05:00,1534.63,1534.75,1534.62,1534.71,0,0,0
2019-12-27 11:01:00-05:00,1534.71,1534.77,1534.66,1534.77,0,0,0
2019-12-27 11:02:00-05:00,1534.8,1534.81,1534.73,1534.76,0,0,0
2019-12-27 11:03:00-05:00,1534.73,1534.73,1534.62,1534.62,0,0,0
2019-12-27 11:04:00-05:00,1534.62,1534.67,1534.57,1534.57,0,0,0
2019-12-27 11:05:00-05:00,1534.56,1534.7,1534.5,1534.7,0,0,0
2019-12-27 11:07:00-05:00,1534.89,1534.92,1534.88,1534.89,0,0,0
2019-12-27 11:08:00-05:00,1534.89,1535.01,1534.89,1535.01,0,0,0
2019-12-27 11:09:00-05:00,1534.97,1534.97,1534.82,1534.86,0,0,0
2019-12-27 11:10:00-05:00,1534.89,1534.9,1534.84,1534.84,0,0,0
2019-12-27 11:11:00-05:00,1534.84,1534.89,1534.81,1534.81,0,0,0
2019-12-27 11:12:00-05:00,1534.89,1534.92,1534.72,1534.72,0,0,0
2019-12-27 11:13:00-05:00,1534.73,1534.73,1534.57,1534.57,0,0,0
2019-12-27 11:14:00-05:00,1534.53,1534.53,1534.46,1534.46,0,0,0
2019-12-27 11:15:00-05:00,1534.54,1534.59,1534.44,1534.44,0,0,0
2019-12-27 11:16:00-05:00,1534.4,1534.41,1534.32,1534.33,0,0,0
2019-12-27 11:17:00-05:00,1534.34,1534.58,1534.34,1534.58,0,0,0
2019-12-27 11:18:00-05:00,1534.59,1534.7,1534.55,1534.67,0,0,0
2019-12-27 11:19:00-05:00,1534.66,1534.69,1534.61,1534.69,0,0,0
2019-12-27 11:20:00-05:00,1534.73,1534.97,1534.71,1534.93,0,0,0
2019-12-27 11:21:00-05:00,1534.95,1535.22,1534.95,1535.22,0,0,0
2019-12-27 11:22:00-05:00,1535.24,1535.42,1535.24,1535.42,0,0,0
2019-12-27 11:23:00-05:00,1535.47,1535.47,1535.37,1535.38,0,0,0
2019-12-27 11:24:00-05:00,1535.36,1535.43,1535.31,1535.31,0,0,0
2019-12-27 11:25:00-05:00,1535.26,1535.27,1535.16,1535.22,0,0,0
2019-12-27 11:26:00-05:00,1535.29,1535.52,1535.29,1535.46,0,0,0
2019-12-27 11:27:00-05:00,1535.42,1535.59,1535.42,1535.44,0,0,0
2019-12-27 11:28:00-05:00,1535.4,1535.44,1535.29,1535.29,0,0,0
2019-12-27 11:29:00-05:00,1535.31,1535.43,1534.29,1534.29,0,0,0
2019-12-27 11:30:00-05:00,1534.51,1534.51,1534.49,1534.49,0,0,0
2019-12-27 11:31:00-05:00,1534.49,1534.49,1534.49,1534.49,0,0,0
2019-12-27 11:32:00-05:00,1534.49,1534.49,1534.49,1534.49,0,0,0
2019-12-27 11:33:00-05:00,1534.49,1534.49,1534.49,1534.49,0,0,0
2019-12-27 11:35:00-05:00,1535.62,1535.62,1535.62,1535.62,0,0,0
2019-12-27 11:36:00-05:00,1535.62,1535.79,1535.62,1535.79,0,0,0
2019-12-27 11:37:00-05:00,1535.79,1535.79,1535.79,1535.79,0,0,0
2019-12-27 11:38:00-05:00,1535.79,1535.79,1535.79,1535.79,0,0,0
2019-12-27 11:39:00-05:00,1535.79,1535.79,1535.79,1535.79,0,0,0
2019-12-27 11:40:00-05:00,1535.79,1535.79,1535.79,1535.79,0,0,0
2019-12-27 11:41:00-05:00,1535.79,1535.79,1535.79,1535.79,0,0,0
2019-12-27 11:42:00-05:00,1535.79,1535.79,1535.79,1535.79,0,0,0
2019-12-27 11:43:00-05:00,1535.79,1535.79,1535.79,1535.79,0,0,0
2019-12-27 11:44:00-05:00,1535.79,1535.79,1535.79,1535.79,0,0,0
2019-12-27 11:45:00-05:00,1535.79,1535.79,1535.79,1535.79,0,0,0
2019-12-27 11:46:00-05:00,1535.79,1535.79,1535.79,1535.79,0,0,0
2019-12-27 11:47:00-05:00,1535.79,1535.79,1535.79,1535.79,0,0,0
2019-12-27 11:48:00-05:00,1535.79,1535.79,1535.79,1535.79,0,0,0
2019-12-27 11:49:00-05:00,1535.79,1535.79,1535.79,1535.79,0,0,0
2019-12-27 11:50:00-05:00,1535.79,1535.79,1535.79,1535.79,0,0,0
2019-12-27 11:51:00-05:00,1535.79,1535.79,1535.79,1535.79,0,0,0
2019-12-27 11:52:00-05:00,1535.79,1535.79,1535.79,1535.79,0,0,0
2019-12-27 11:53:00-05:00,1535.79,1535.79,1535.79,1535.79,0,0,0
2019-12-27 11:54:00-05:00,1535.79,1535.79,1535.79,1535.79,0,0,0
2019-12-27 11:55:00-05:00,1535.79,1535.79,1535.79,1535.79,0,0,0
2019-12-27 11:56:00-05:00,1535.79,1535.79,1535.79,1535.79,0,0,0
2019-12-27 11:57:00-05:00,1535.79,1535.79,1535.79,1535.79,0,0,0
2019-12-27 11:58:00-05:00,1535.79,1535.79,1535.79,1535.79,0,0,0
2019-12-27 11:59:00-05:00,1535.79,1535.79,1535.79,1535.79,0,0,0
2019-12-27 12:00:00-05:00,1535.79,1535.79,1535.79,1535.79,0,0,0
2019-12-27 12:01:00-05:00,1535.79,1535.79,1535.79,1535.79,0,0,0
2019-12-27 12:02:00-05:00,1535.79,1535.79,1535.79,1535.79,0,0,0
2019-12-27 12:03:00-05:00,1535.79,1535.79,1535.79,1535.79,0,0,0
2019-12-27 12:04:00-05:00,1535.79,1535.79,1535.79,1535.79,0,0,0
2019-12-27 12:05:00-05:00,1535.79,1535.79,1535.79,1535.79,0,0,0
2019-12-27 12:06:00-05:00,1535.79,1535.79,1535.79,1535.79,0,0,0
2019-12-27 12:07:00-05:00,1535.79,1535.79,1535.79,1535.79,0,0,0
2019-12-27 12:08:00-05:00,1535.79,1535.79,1535.79,1535.79,0,0,0
2019-12-27 12:09:00-05:00,1535.79,1535.79,1535.79,1535.79,0,0,0
2019-12-27 12:10:00-05:00,1535.79,1535.79,1535.79,1535.79,0,0,0
2019-12-27 12:11:00-05:00,1535.79,1535.79,1535.79,1535.79,0,0,0
2019-12-27 12:12:00-05:00,1535.79,1535.79,1535.79,1535.79,0,0,0
2019-12-27 12:13:00-05:00,1535.79,1535.79,1535.79,1535.79,0,0,0
2019-12-27 12:14:00-05:00,1535.79,1535.79,1535.79,1535.79,0,0,0
2019-12-27 12:15:00-05:00,1535.79,1535.79,1535.79,1535.79,0,0,0
2019-12-27 12:16:00-05:00,1535.79,1535.79,1535.79,1535.79,0,0,0
2019-12-27 12:17:00-05:00,1535.79,1535.79,1535.79,1535.79,0,0,0
2019-12-27 12:18:00-05:00,1535.79,1535.79,1535.79,1535.79,0,0,0
2019-12-27 12:19:00-05:00,1535.79,1535.79,1535.79,1535.79,0,0,0
2019-12-27 12:20:00-05:00,1535.79,1535.79,1535.79,1535.79,0,0,0
2019-12-27 12:21:00-05:00,1535.79,1535.79,1535.79,1535.79,0,0,0
2019-12-27 12:22:00-05:00,1535.79,1535.79,1535.79,1535.79,0,0,0
2019-12-27 12:23:00-05:00,1535.79,1535.79,1535.79,1535.79,0,0,0
2019-12-27 12:24:00-05:00,1535.79,1535.79,1535.79,1535.79,0,0,0
2019-12-27 12:25:00-05:00,1535.79,1535.79,1535.79,1535.79,0,0,0
2019-12-27 12:26:00-05:00,1535.79,1535.79,1535.79,1535.79,0,0,0
2019-12-27 12:27:00-05:00,1535.79,1535.79,1535.79,1535.79,0,0,0
2019-12-27 12:28:00-05:00,1535.79,1535.79,1535.79,1535.79,0,0,0
2019-12-27 12:29:00-05:00,1535.79,1535.79,1535.79,1535.79,0,0,0
2019-12-27 12:30:00-05:00,1535.79,1535.79,1535.79,1535.79,0,0,0
2019-12-27 12:31:00-05:00,1535.79,1535.79,1535.79,1535.79,0,0,0
2019-12-27 12:32:00-05:00,1535.79,1535.79,1535.79,1535.79,0,0,0
2019-12-27 12:33:00-05:00,1535.79,1535.79,1535.79,1535.79,0,0,0
2019-12-27 12:34:00-05:00,1535.79,1535.79,1535.79,1535.79,0,0,0
2019-12-27 12:35:00-05:00,1535.79,1535.79,1535.79,1535.79,0,0,0
2019-12-27 12:36:00-05:00,1535.79,1535.79,1535.79,1535.79,0,0,0
2019-12-27 12:37:00-05:00,1535.79,1535.79,1535.79,1535.79,0,0,0
2019-12-27 12:38:00-05:00,1535.79,1535.79,1535.79,1535.79,0,0,0
2019-12-27 12:39:00-05:00,1535.79,1535.79,1535.79,1535.79,0,0,0
2019-12-27 12:40:00-05:00,1535.79,1535.79,1535.79,1535.79,0,0,0
2019-12-27 12:41:00-05:00,1535.79,1535.79,1535.79,1535.79,0,0,0
2019-12-27 12:42:00-05:00,1535.79,1535.79,1535.79,1535.79,0,0,0
2019-12-27 12:43:00-05:00,1535.79,1535.79,1535.79,1535.79,0,0,0
2019-12-27 12:44:00-05:00,1535.79,1535.79,1535.79,1535.79,0,0,0
2019-12-27 12:45:00-05:00,1535.79,1535.79,1535.79,1535.79,0,0,0
2019-12-27 12:46:00-05:00,1535.79,1535.79,1535.79,1535.79,0,0,0
2019-12-27 12:47:00-05:00,1535.79,1535.79,1535.79,1535.79,0,0,0
2019-12-27 12:48:00-05:00,1535.79,1535.79,1535.79,1535.79,0,0,0
2019-12-27 12:49:00-05:00,1535.79,1535.79,1535.79,1535.79,0,0,0
2019-12-27 12:50:00-05:00,1535.79,1535.79,1535.79,1535.79,0,0,0
2019-12-27 12:51:00-05:00,1535.79,1535.79,1535.79,1535.79,0,0,0
2019-12-27 12:52:00-05:00,1535.79,1535.79,1535.79,1535.79,0,0,0
2019-12-27 12:53:00-05:00,1535.79,1535.79,1535.79,1535.79,0,0,0
2019-12-27 12:54:00-05:00,1535.79,1535.79,1535.79,1535.79,0,0,0
2019-12-27 12:55:00-05:00,1535.79,1535.79,1535.79,1535.79,0,0,0
2019-12-27 12:56:00-05:00,1535.79,1535.79,1535.79,1535.79,0,0,0
2019-12-27 12:57:00-05:00,1535.79,1535.79,1535.79,1535.79,0,0,0
2019-12-27 12:58:00-05:00,1535.79,1535.79,1535.79,1535.79,0,0,0
2019-12-27 12:59:00-05:00,1535.79,1535.79,1535.79,1535.79,0,0,0
2019-12-27 13:00:00-05:00,1535.79,1535.79,1535.79,1535.79,0,0,0
2019-12-27 13:01:00-05:00,1535.79,1535.79,1535.79,1535.79,0,0,0
2019-12-27 13:02:00-05:00,1535.79,1535.79,1535.79,1535.79,0,0,0
2019-12-27 13:03:00-05:00,1535.79,1535.79,1535.79,1535.79,0,0,0
2019-12-27 13:04:00-05:00,1535.79,1535.79,1535.79,1535.79,0,0,0
2019-12-27 13:05:00-05:00,1535.79,1535.79,1535.79,1535.79,0,0,0
2019-12-27 13:06:00-05:00,1535.79,1535.79,1535.79,1535.79,0,0,0
2019-12-27 13:07:00-05:00,1535.79,1535.79,1535.79,1535.79,0,0,0
2019-12-27 13:08:00-05:00,1535.79,1535.79,1535.79,1535.79,0,0,0
2019-12-27 13:09:00-05:00,1535.79,1535.79,1535.79,1535.79,0,0,0
2019-12-27 13:10:00-05:00,1535.79,1535.79,1535.79,1535.79,0,0,0
2019-12-27 13:11:00-05:00,1535.79,1535.79,1535.79,1535.79,0,0,0
2019-12-27 13:12:00-05:00,1535.79,1535.79,1535.79,1535.79,0,0,0
2019-12-27 13:13:00-05:00,1535.79,1535.79,1535.79,1535.79,0,0,0
2019-12-27 13:14:00-05:00,1535.79,1535.79,1535.79,1535.79,0,0,0
2019-12-27 13:15:00-05:00,1535.79,1535.79,1535.79,1535.79,0,0,0
2019-12-27 13:16:00-05:00,1535.79,1535.79,1535.79,1535.79,0,0,0
2019-12-27 13:17:00-05:00,1535.79,1535.79,1535.79,1535.79,0,0,0
2019-12-27 13:18:00-05:00,1535.79,1535.79,1535.79,1535.79,0,0,0
2019-12-27 13:19:00-05:00,1535.79,1535.79,1535.79,1535.79,0,0,0
2019-12-27 13:20:00-05:00,1535.79,1535.79,1535.79,1535.79,0,0,0
2019-12-27 13:21:00-05:00,1535.79,1535.79,1535.79,1535.79,0,0,0
2019-12-27 13:22:00-05:00,1535.79,1535.79,1535.79,1535.79,0,0,0
2019-12-27 13:23:00-05:00,1535.79,1535.79,1535.79,1535.79,0,0,0
2019-12-27 13:24:00-05:00,1535.79,1535.79,1535.79,1535.79,0,0,0
2019-12-27 13:25:00-05:00,1535.79,1535.79,1535.79,1535.79,0,0,0
2019-12-27 13:26:00-05:00,1535.79,1535.79,1535.79,1535.79,0,0,0
2019-12-27 13:27:00-05:00,1535.79,1535.79,1535.79,1535.79,0,0,0
2019-12-27 13:28:00-05:00,1535.79,1535.79,1535.79,1535.79,0,0,0
2019-12-27 13:29:00-05:00,1535.79,1535.79,1535.79,1535.79,0,0,0
2019-12-27 13:30:00-05:00,1535.79,1535.79,1535.79,1535.79,0,0,0
2019-12-27 13:31:00-05:00,1535.79,1535.79,1535.79,1535.79,0,0,0
2019-12-27 13:32:00-05:00,1535.79,1535.79,1535.79,1535.79,0,0,0
2019-12-27 13:33:00-05:00,1535.79,1535.79,1535.79,1535.79,0,0,0
2019-12-27 13:34:00-05:00,1535.79,1535.79,1535.79,1535.79,0,0,0
2019-12-27 13:35:00-05:00,1535.79,1535.79,1535.79,1535.79,0,0,0
2019-12-27 13:36:00-05:00,1535.79,1535.79,1535.79,1535.79,0,0,0
2019-12-27 13:37:00-05:00,1535.79,1535.79,1535.79,1535.79,0,0,0
2019-12-27 13:38:00-05:00,1535.79,1535.79,1535.79,1535.79,0,0,0
2019-12-27 13:39:00-05:00,1535.79,1535.79,1535.79,1535.79,0,0,0
2019-12-27 13:40:00-05:00,1535.79,1535.79,1535.79,1535.79,0,0,0
2019-12-27 13:41:00-05:00,1535.79,1535.79,1535.79,1535.79,0,0,0
2019-12-27 13:42:00-05:00,1535.79,1535.79,1535.79,1535.79,0,0,0
2019-12-27 13:43:00-05:00,1535.79,1535.79,1535.79,1535.79,0,0,0
2019-12-27 13:44:00-05:00,1535.79,1535.79,1535.79,1535.79,0,0,0
2019-12-27 13:45:00-05:00,1535.79,1535.79,1535.79,1535.79,0,0,0
2019-12-27 13:46:00-05:00,1535.79,1535.79,1535.79,1535.79,0,0,0
2019-12-27 13:47:00-05:00,1535.79,1535.79,1535.79,1535.79,0,0,0
2019-12-27 13:48:00-05:00,1535.79,1535.79,1535.79,1535.79,0,0,0
2019-12-27 13:49:00-05:00,1535.79,1535.79,1535.79,1535.79,0,0,0
2019-12-27 13:50:00-05:00,1535.79,1535.79,1535.79,1535.79,0,0,0
2019-12-27 13:51:00-05:00,1535.79,1535.79,1535.79,1535.79,0,0,0
2019-12-27 13:52:00-05:00,1535.79,1535.79,1535.79,1535.79,0,0,0
2019-12-27 13:53:00-05:00,1535.79,1535.79,1535.79,1535.79,0,0,0
2019-12-27 13:54:00-05:00,1535.79,1535.79,1535.79,1535.79,0,0,0
2019-12-27 13:55:00-05:00,1535.79,1535.79,1535.79,1535.79,0,0,0
2019-12-27 13:56:00-05:00,1535.79,1535.79,1535.79,1535.79,0,0,0
2019-12-27 13:57:00-05:00,1535.79,1535.79,1535.79,1535.79,0,0,0
2019-12-27 13:58:00-05:00,1535.79,1535.79,1535.79,1535.79,0,0,0
2019-12-27 13:59:00-05:00,1535.79,1535.79,1535.79,1535.79,0,0,0
2019-12-27 14:00:00-05:00,1535.79,1535.79,1535.79,1535.79,0,0,0
2019-12-27 14:01:00-05:00,1535.79,1535.79,1535.79,1535.79,0,0,0
2019-12-27 14:02:00-05:00,1535.79,1535.79,1535.79,1535.79,0,0,0
2019-12-27 14:03:00-05:00,1535.79,1535.79,1535.79,1535.79,0,0,0
2019-12-27 14:04:00-05:00,1535.79,1535.79,1535.79,1535.79,0,0,0
2019-12-27 14:05:00-05:00,1535.79,1535.79,1535.79,1535.79,0,0,0
2019-12-27 14:06:00-05:00,1535.79,1535.79,1535.79,1535.79,0,0,0
2019-12-27 14:07:00-05:00,1535.79,1535.79,1535.79,1535.79,0,0,0
2019-12-27 14:08:00-05:00,1535.79,1535.79,1535.79,1535.79,0,0,0
2019-12-27 14:09:00-05:00,1535.79,1535.79,1535.79,1535.79,0,0,0
2019-12-27 14:10:00-05:00,1535.79,1535.79,1535.79,1535.79,0,0,0
2019-12-27 14:11:00-05:00,1535.79,1535.79,1535.79,1535.79,0,0,0
2019-12-27 14:12:00-05:00,1535.79,1535.79,1535.79,1535.79,0,0,0
2019-12-27 14:13:00-05:00,1535.79,1535.79,1535.79,1535.79,0,0,0
2019-12-27 14:14:00-05:00,1535.79,1535.79,1535.79,1535.79,0,0,0
2019-12-27 14:15:00-05:00,1535.79,1535.79,1535.79,1535.79,0,0,0
2019-12-27 14:16:00-05:00,1535.79,1535.79,1535.79,1535.79,0,0,0
2019-12-27 14:17:00-05:00,1535.79,1535.79,1535.79,1535.79,0,0,0
2019-12-27 14:18:00-05:00,1535.79,1535.79,1535.79,1535.79,0,0,0
2019-12-27 14:19:00-05:00,1535.79,1535.79,1535.79,1535.79,0,0,0
2019-12-27 14:20:00-05:00,1535.79,1535.79,1535.79,1535.79,0,0,0
2019-12-27 14:21:00-05:00,1535.79,1535.79,1535.79,1535.79,0,0,0
2019-12-27 14:22:00-05:00,1535.79,1535.79,1535.79,1535.79,0,0,0
2019-12-27 14:23:00-05:00,1535.79,1535.79,1535.79,1535.79,0,0,0
2019-12-27 14:24:00-05:00,1535.79,1535.79,1535.79,1535.79,0,0,0
2019-12-27 14:25:00-05:00,1535.79,1535.79,1535.79,1535.79,0,0,0
2019-12-27 14:26:00-05:00,1535.79,1535.79,1535.79,1535.79,0,0,0
2019-12-27 14:27:00-05:00,1535.79,1535.79,1535.79,1535.79,0,0,0
2019-12-27 14:28:00-05:00,1535.79,1535.79,1535.79,1535.79,0,0,0
2019-12-27 14:29:00-05:00,1535.79,1535.79,1535.79,1535.79,0,0,0
2019-12-27 14:30:00-05:00,1535.79,1535.79,1535.79,1535.79,0,0,0
2019-12-27 14:31:00-05:00,1535.79,1535.79,1535.79,1535.79,0,0,0
2019-12-27 14:32:00-05:00,1535.79,1535.79,1535.79,1535.79,0,0,0
2019-12-27 14:33:00-05:00,1535.79,1535.79,1535.79,1535.79,0,0,0
2019-12-27 14:34:00-05:00,1535.79,1535.79,1535.79,1535.79,0,0,0
2019-12-27 14:35:00-05:00,1535.79,1535.79,1535.79,1535.79,0,0,0
2019-12-27 14:36:00-05:00,1535.79,1535.79,1535.79,1535.79,0,0,0
2019-12-27 14:37:00-05:00,1535.79,1535.79,1535.79,1535.79,0,0,0
2019-12-27 14:38:00-05:00,1535.79,1535.79,1535.79,1535.79,0,0,0
2019-12-27 14:39:00-05:00,1535.79,1535.79,1535.79,1535.79,0,0,0
2019-12-27 14:40:00-05:00,1535.79,1535.79,1535.79,1535.79,0,0,0
2019-12-27 14:41:00-05:00,1535.79,1535.79,1535.79,1535.79,0,0,0
2019-12-27 14:42:00-05:00,1535.79,1535.79,1535.79,1535.79,0,0,0
2019-12-27 14:43:00-05:00,1535.79,1535.79,1535.79,1535.79,0,0,0
2019-12-27 14:44:00-05:00,1535.79,1535.79,1535.79,1535.79,0,0,0
2019-12-27 14:45:00-05:00,1535.79,1535.79,1535.79,1535.79,0,0,0
2019-12-27 14:46:00-05:00,1535.79,1535.79,1535.79,1535.79,0,0,0
2019-12-27 14:47:00-05:00,1535.79,1535.79,1535.79,1535.79,0,0,0
2019-12-27 14:48:00-05:00,1535.79,1535.79,1535.79,1535.79,0,0,0
2019-12-27 14:49:00-05:00,1535.79,1535.79,1535.79,1535.79,0,0,0
2019-12-27 14:50:00-05:00,1535.79,1535.79,1535.79,1535.79,0,0,0
2019-12-27 14:51:00-05:00,1535.79,1535.79,1535.79,1535.79,0,0,0
2019-12-27 14:52:00-05:00,1535.79,1535.79,1535.79,1535.79,0,0,0
2019-12-27 14:53:00-05:00,1535.79,1535.79,1535.79,1535.79,0,0,0
2019-12-27 14:54:00-05:00,1535.79,1535.79,1535.79,1535.79,0,0,0
2019-12-27 14:55:00-05:00,1535.79,1535.79,1535.79,1535.79,0,0,0
2019-12-27 14:56:00-05:00,1535.79,1535.79,1535.79,1535.79,0,0,0
2019-12-27 14:57:00-05:00,1535.79,1535.79,1535.79,1535.79,0,0,0
2019-12-27 14:58:00-05:00,1535.79,1535.79,1535.79,1535.79,0,0,0
2019-12-27 14:59:00-05:00,1535.79,1535.79,1535.79,1535.79,0,0,0
2019-12-27 15:00:00-05:00,1535.79,1535.79,1535.79,1535.79,0,0,0
2019-12-27 15:01:00-05:00,1535.79,1535.79,1535.79,1535.79,0,0,0
2019-12-27 15:02:00-05:00,1535.79,1535.79,1535.79,1535.79,0,0,0
2019-12-27 15:03:00-05:00,1535.79,1535.79,1535.79,1535.79,0,0,0
2019-12-27 15:04:00-05:00,1535.79,1535.79,1535.79,1535.79,0,0,0
2019-12-27 15:05:00-05:00,1535.79,1535.79,1535.79,1535.79,0,0,0
2019-12-27 15:06:00-05:00,1535.79,1535.79,1535.79,1535.79,0,0,0
2019-12-27 15:07:00-05:00,1535.79,1535.79,1535.79,1535.79,0,0,0
2019-12-27 15:08:00-05:00,1535.79,1535.79,1535.79,1535.79,0,0,0
2019-12-27 15:09:00-05:00,1535.79,1535.79,1535.79,1535.79,0,0,0
2019-12-27 15:10:00-05:00,1535.79,1535.79,1535.79,1535.79,0,0,0
2019-12-27 15:11:00-05:00,1535.79,1535.79,1535.79,1535.79,0,0,0
2019-12-27 15:12:00-05:00,1535.79,1535.79,1535.79,1535.79,0,0,0
2019-12-27 15:13:00-05:00,1535.79,1535.79,1535.79,1535.79,0,0,0
2019-12-27 15:14:00-05:00,1535.79,1535.79,1535.79,1535.79,0,0,0
2019-12-27 15:15:00-05:00,1535.79,1535.79,1535.79,1535.79,0,0,0
2019-12-27 15:16:00-05:00,1535.79,1535.79,1535.79,1535.79,0,0,0
2019-12-27 15:17:00-05:00,1535.79,1535.79,1535.79,1535.79,0,0,0
2019-12-27 15:18:00-05:00,1535.79,1535.79,1535.79,1535.79,0,0,0
2019-12-27 15:19:00-05:00,1535.79,1535.79,1535.79,1535.79,0,0,0
2019-12-27 15:20:00-05:00,1535.79,1535.79,1535.79,1535.79,0,0,0
2019-12-27 15:21:00-05:00,1535.79,1535.79,1535.79,1535.79,0,0,0
2019-12-27 15:22:00-05:00,1535.79,1535.79,1535.79,1535.79,0,0,0
2019-12-27 15:23:00-05:00,1535.79,1535.79,1535.79,1535.79,0,0,0
2019-12-27 15:24:00-05:00,1535.79,1535.79,1535.79,1535.79,0,0,0
2019-12-27 15:25:00-05:00,1535.79,1535.79,1535.79,1535.79,0,0,0
2019-12-27 15:26:00-05:00,1535.79,1535.79,1535.79,1535.79,0,0,0
2019-12-27 15:27:00-05:00,1535.79,1535.79,1535.79,1535.79,0,0,0
2019-12-27 15:28:00-05:00,1535.79,1535.79,1535.79,1535.79,0,0,0
2019-12-27 15:29:00-05:00,1535.79,1535.79,1535.79,1535.79,0,0,0
2019-12-27 15:30:00-05:00,1535.79,1535.79,1535.79,1535.79,0,0,0
2019-12-27 15:31:00-05:00,1535.79,1535.79,1535.79,1535.79,0,0,0
2019-12-27 15:32:00-05:00,1535.79,1535.79,1535.79,1535.79,0,0,0
2019-12-27 15:33:00-05:00,1535.79,1535.79,1535.79,1535.79,0,0,0
2019-12-27 15:34:00-05:00,1535.79,1535.79,1535.79,1535.79,0,0,0
2019-12-27 15:35:00-05:00,1535.79,1535.79,1535.79,1535.79,0,0,0
2019-12-27 15:36:00-05:00,1535.79,1535.79,1535.79,1535.79,0,0,0
2019-12-27 15:37:00-05:00,1535.79,1535.79,1535.79,1535.79,0,0,0
2019-12-27 15:38:00-05:00,1535.79,1535.79,1535.79,1535.79,0,0,0
2019-12-27 15:39:00-05:00,1535.79,1535.79,1535.79,1535.79,0,0,0
2019-12-27 15:40:00-05:00,1535.79,1535.79,1535.79,1535.79,0,0,0
2019-12-27 15:41:00-05:00,1535.79,1535.79,1535.79,1535.79,0,0,0
2019-12-27 15:42:00-05:00,1535.79,1535.79,1535.79,1535.79,0,0,0
2019-12-27 15:43:00-05:00,1535.79,1535.79,1535.79,1535.79,0,0,0
2019-12-27 15:44:00-05:00,1535.79,1535.79,1535.79,1535.79,0,0,0
2019-12-27 15:45:00-05:00,1535.79,1535.79,1535.79,1535.79,0,0,0
2019-12-27 15:46:00-05:00,1535.79,1535.79,1535.79,1535.79,0,0,0
2019-12-27 15:47:00-05:00,1535.79,1535.79,1535.79,1535.79,0,0,0
2019-12-27 15:48:00-05:00,1535.79,1535.79,1535.79,1535.79,0,0,0
2019-12-27 15:49:00-05:00,1535.79,1535.79,1535.79,1535.79,0,0,0
2019-12-27 15:50:00-05:00,1535.79,1535.79,1535.79,1535.79,0,0,0
2019-12-27 15:51:00-05:00,1535.79,1535.79,1535.79,1535.79,0,0,0
2019-12-27 15:52:00-05:00,1535.79,1535.79,1535.79,1535.79,0,0,0
2019-12-27 15:53:00-05:00,1535.79,1535.79,1535.79,1535.79,0,0,0
2019-12-27 15:54:00-05:00,1535.79,1535.79,1535.79,1535.79,0,0,0
2019-12-27 15:55:00-05:00,1535.79,1535.79,1535.79,1535.79,0,0,0
2019-12-27 15:56:00-05:00,1535.79,1535.79,1535.79,1535.79,0,0,0
2019-12-27 15:57:00-05:00,1535.79,1535.79,1535.79,1535.79,0,0,0
2019-12-27 15:58:00-05:00,1535.79,1535.79,1535.79,1535.79,0,0,0
2019-12-27 15:59:00-05:00,1535.79,1535.79,1535.79,1535.79,0,0,0
2019-12-30 09:30:00-05:00,1523.09,1523.09,1523.09,1523.09,0,0,0
2019-12-30 09:31:00-05:00,1523.09,1523.09,1523.09,1523.09,0,0,0
2019-12-30 09:32:00-05:00,1523.09,1523.09,1523.09,1523.09,0,0,0
2019-12-30 09:33:00-05:00,1523.09,1523.09,1523.09,1523.09,0,0,0
2019-12-30 09:34:00-05:00,1523.09,1523.09,1523.09,1523.09,0,0,0
2019-12-30 09:35:00-05:00,1523.09,1523.09,1523.09,1523.09,0,0,0
2019-12-30 09:36:00-05:00,1523.09,1523.09,1523.09,1523.09,0,0,0
2019-12-30 09:37:00-05:00,1523.09,1523.09,1523.09,1523.09,0,0,0
2019-12-30 09:38:00-05:00,1523.09,1523.09,1523.09,1523.09,0,0,0
2019-12-30 09:39:00-05:00,1523.09,1523.09,1523.09,1523.09,0,0,0
2019-12-30 09:40:00-05:00,1523.09,1523.09,1523.09,1523.09,0,0,0
2019-12-30 09:41:00-05:00,1523.09,1523.09,1523.09,1523.09,0,0,0
2019-12-30 09:42:00-05:00,1523.09,1523.09,1523.09,1523.09,0,0,0
2019-12-30 09:43:00-05:00,1523.09,1523.09,1523.09,1523.09,0,0,0
2019-12-30 09:44:00-05:00,1523.09,1523.09,1523.09,1523.09,0,0,0
2019-12-30 09:45:00-05:00,1523.09,1523.09,1523.09,1523.09,0,0,0
2019-12-30 09:46:00-05:00,1523.09,1523.09,1523.09,1523.09,0,0,0
2019-12-30 09:47:00-05:00,1523.09,1523.09,1523.09,1523.09,0,0,0
2019-12-30 09:48:00-05:00,1523.09,1523.09,1523.09,1523.09,0,0,0
2019-12-30 09:49:00-05:00,1523.09,1523.09,1523.09,1523.09,0,0,0
2019-12-30 09:50:00-05:00,1523.09,1523.09,1523.09,1523.09,0,0,0
2019-12-30 09:51:00-05:00,1523.09,1523.09,1523.09,1523.09,0,0,0
2019-12-30 09:52:00-05:00,1523.09,1523.09,1523.09,1523.09,0,0,0
2019-12-30 09:53:00-05:00,1523.09,1523.09,1523.09,1523.09,0,0,0
2019-12-30 09:54:00-05:00,1523.09,1523.09,1523.09,1523.09,0,0,0
2019-12-30 09:55:00-05:00,1523.09,1523.09,1523.09,1523.09,0,0,0
2019-12-30 09:56:00-05:00,1523.09,1523.09,1523.09,1523.09,0,0,0
2019-12-30 09:57:00-05:00,1523.09,1523.09,1523.09,1523.09,0,0,0
2019-12-30 09:58:00-05:00,1523.09,1523.09,1523.09,1523.09,0,0,0
2019-12-30 09:59:00-05:00,1523.09,1523.09,1523.09,1523.09,0,0,0
2019-12-30 10:00:00-05:00,1523.09,1523.09,1523.09,1523.09,0,0,0
2019-12-30 10:01:00-05:00,1523.09,1523.09,1523.09,1523.09,0,0,0
2019-12-30 10:02:00-05:00,1523.09,1523.09,1523.09,1523.09,0,0,0
2019-12-30 10:03:00-05:00,1523.09,1523.09,1523.09,1523.09,0,0,0
2019-12-30 10:04:00-05:00,1523.09,1523.09,1523.09,1523.09,0,0,0
2019-12-30 10:05:00-05:00,1523.09,1523.09,1523.09,1523.09,0,0,0
2019-12-30 10:06:00-05:00,1523.09,1523.09,1523.09,1523.09,0,0,0
2019-12-30 10:07:00-05:00,1523.09,1523.09,1523.09,1523.09,0,0,0
2019-12-30 10:08:00-05:00,1523.09,1523.09,1523.09,1523.09,0,0,0
2019-12-30 10:09:00-05:00,1523.09,1523.09,1523.09,1523.09,0,0,0
2019-12-30 10:10:00-05:00,1523.09,1523.09,1523.09,1523.09,0,0,0
2019-12-30 10:11:00-05:00,1523.09,1523.09,1523.09,1523.09,0,0,0
2019-12-30 10:12:00-05:00,1523.09,1523.09,1523.09,1523.09,0,0,0
2019-12-30 10:13:00-05:00,1523.09,1523.09,1523.09,1523.09,0,0,0
2019-12-30 10:14:00-05:00,1523.09,1523.09,1523.09,1523.09,0,0,0
2019-12-30 10:15:00-05:00,1523.09,1523.09,1523.09,1523.09,0,0,0
2019-12-30 10:16:00-05:00,1523.09,1523.09,1523.09,1523.09,0,0,0
2019-12-30 10:17:00-05:00,1523.09,1523.09,1523.09,1523.09,0,0,0
2019-12-30 10:18:00-05:00,1523.09,1523.09,1523.09,1523.09,0,0,0
2019-12-30 10:19:00-05:00,1523.09,1523.09,1523.09,1523.09,0,0,0
2019-12-30 10:20:00-05:00,1523.09,1523.09,1523.09,1523.09,0,0,0
2019-12-30 10:21:00-05:00,1523.09,1523.09,1523.09,1523.09,0,0,0
2019-12-30 10:22:00-05:00,1523.09,1523.09,1523.09,1523.09,0,0,0
2019-12-30 10:23:00-05:00,1523.09,1523.09,1523.09,1523.09,0,0,0
2019-12-30 10:24:00-05:00,1523.09,1523.09,1523.09,1523.09,0,0,0
2019-12-30 10:25:00-05:00,1523.09,1523.09,1523.09,1523.09,0,0,0
2019-12-30 10:26:00-05:00,1523.09,1523.09,1523.09,1523.09,0,0,0
2019-12-30 10:27:00-05:00,1523.09,1523.09,1523.09,1523.09,0,0,0
2019-12-30 10:28:00-05:00,1523.09,1523.09,1523.09,1523.09,0,0,0
2019-12-30 10:29:00-05:00,1523.09,1523.09,1523.09,1523.09,0,0,0
2019-12-30 10:30:00-05:00,1523.09,1523.09,1523.09,1523.09,0,0,0
2019-12-30 10:31:00-05:00,1523.09,1523.09,1523.09,1523.09,0,0,0
2019-12-30 10:32:00-05:00,1523.09,1523.09,1523.09,1523.09,0,0,0
2019-12-30 10:33:00-05:00,1523.09,1523.09,1523.09,1523.09,0,0,0
2019-12-30 10:34:00-05:00,1523.09,1523.09,1523.09,1523.09,0,0,0
2019-12-30 10:35:00-05:00,1523.09,1523.09,1523.09,1523.09,0,0,0
2019-12-30 10:36:00-05:00,1523.09,1523.09,1523.09,1523.09,0,0,0
2019-12-30 10:37:00-05:00,1523.09,1523.09,1523.09,1523.09,0,0,0
2019-12-30 10:38:00-05:00,1523.09,1523.09,1523.09,1523.09,0,0,0
2019-12-30 10:39:00-05:00,1523.09,1523.09,1523.09,1523.09,0,0,0
2019-12-30 10:40:00-05:00,1523.09,1523.09,1523.09,1523.09,0,0,0
2019-12-30 10:41:00-05:00,1523.09,1523.09,1523.09,1523.09,0,0,0
2019-12-30 10:42:00-05:00,1523.09,1523.09,1523.09,1523.09,0,0,0
2019-12-30 10:43:00-05:00,1523.09,1523.09,1523.09,1523.09,0,0,0
2019-12-30 10:44:00-05:00,1523.09,1523.09,1523.09,1523.09,0,0,0
2019-12-30 10:45:00-05:00,1523.09,1523.09,1523.09,1523.09,0,0,0
2019-12-30 10:46:00-05:00,1523.09,1523.09,1523.09,1523.09,0,0,0
2019-12-30 10:47:00-05:00,1523.09,1523.09,1523.09,1523.09,0,0,0
2019-12-30 10:48:00-05:00,1523.09,1523.09,1523.09,1523.09,0,0,0
2019-12-30 10:49:00-05:00,1523.09,1523.09,1523.09,1523.09,0,0,0
2019-12-30 10:50:00-05:00,1523.09,1523.09,1523.09,1523.09,0,0,0
2019-12-30 10:51:00-05:00,1523.09,1523.09,1523.09,1523.09,0,0,0
2019-12-30 10:52:00-05:00,1523.09,1523.09,1523.09,1523.09,0,0,0
2019-12-30 10:53:00-05:00,1523.09,1523.09,1523.09,1523.09,0,0,0
2019-12-30 10:54:00-05:00,1523.09,1523.09,1523.09,1523.09,0,0,0
2019-12-30 10:55:00-05:00,1523.09,1523.09,1523.09,1523.09,0,0,0
2019-12-30 10:56:00-05:00,1523.09,1523.09,1523.09,1523.09,0,0,0
2019-12-30 10:57:00-05:00,1523.09,1523.09,1523.09,1523.09,0,0,0
2019-12-30 10:58:00-05:00,1523.09,1523.09,1523.09,1523.09,0,0,0
2019-12-30 10:59:00-05:00,1523.09,1523.09,1523.09,1523.09,0,0,0
2019-12-30 11:00:00-05:00,1523.09,1523.09,1523.09,1523.09,0,0,0
2019-12-30 11:01:00-05:00,1523.09,1523.09,1523.09,1523.09,0,0,0
2019-12-30 11:02:00-05:00,1523.09,1523.09,1523.09,1523.09,0,0,0
2019-12-30 11:03:00-05:00,1523.09,1523.09,1523.09,1523.09,0,0,0
2019-12-30 11:04:00-05:00,1523.09,1523.09,1523.09,1523.09,0,0,0
2019-12-30 11:05:00-05:00,1523.09,1523.09,1523.09,1523.09,0,0,0
2019-12-30 11:06:00-05:00,1523.09,1523.09,1523.09,1523.09,0,0,0
2019-12-30 11:07:00-05:00,1523.09,1523.09,1523.09,1523.09,0,0,0
2019-12-30 11:08:00-05:00,1523.09,1523.09,1523.09,1523.09,0,0,0
2019-12-30 11:11:00-05:00,1523.09,1523.09,1523.09,1523.09,0,0,0
2019-12-30 11:12:00-05:00,1523.09,1523.09,1523.09,1523.09,0,0,0
2019-12-30 11:13:00-05:00,1523.09,1523.09,1523.09,1523.09,0,0,0
2019-12-30 11:14:00-05:00,1523.09,1523.09,1523.09,1523.09,0,0,0
2019-12-30 11:15:00-05:00,1523.09,1523.09,1523.09,1523.09,0,0,0
2019-12-30 11:16:00-05:00,1523.09,1523.09,1523.09,1523.09,0,0,0
2019-12-30 11:17:00-05:00,1523.09,1523.09,1523.09,1523.09,0,0,0
2019-12-30 11:18:00-05:00,1523.09,1523.09,1523.09,1523.09,0,0,0
2019-12-30 11:19:00-05:00,1523.09,1523.09,1523.09,1523.09,0,0,0
2019-12-30 11:20:00-05:00,1523.09,1523.09,1523.09,1523.09,0,0,0
2019-12-30 11:21:00-05:00,1523.09,1523.09,1523.09,1523.09,0,0,0
2019-12-30 11:22:00-05:00,1523.09,1523.09,1523.09,1523.09,0,0,0
2019-12-30 11:23:00-05:00,1523.09,1523.09,1523.09,1523.09,0,0,0
2019-12-30 11:24:00-05:00,1523.09,1523.09,1523.09,1523.09,0,0,0
2019-12-30 11:25:00-05:00,1523.09,1523.09,1523.09,1523.09,0,0,0
2019-12-30 11:26:00-05:00,1523.09,1523.09,1523.09,1523.09,0,0,0
2019-12-30 11:27:00-05:00,1523.09,1523.09,1523.09,1523.09,0,0,0
2019-12-30 11:28:00-05:00,1523.09,1523.09,1523.09,1523.09,0,0,0
2019-12-30 11:29:00-05:00,1523.09,1523.09,1523.09,1523.09,0,0,0
2019-12-30 11:30:00-05:00,1523.09,1523.09,1523.09,1523.09,0,0,0
2019-12-30 11:31:00-05:00,1523.09,1523.09,1523.09,1523.09,0,0,0
2019-12-30 11:32:00-05:00,1523.09,1523.09,1523.09,1523.09,0,0,0
2019-12-30 11:33:00-05:00,1523.09,1523.09,1523.09,1523.09,0,0,0
2019-12-30 11:34:00-05:00,1523.09,1523.09,1523.09,1523.09,0,0,0
2019-12-30 11:35:00-05:00,1523.09,1523.09,1523.09,1523.09,0,0,0
2019-12-30 11:36:00-05:00,1523.09,1523.09,1523.09,1523.09,0,0,0
2019-12-30 11:37:00-05:00,1523.09,1523.09,1523.09,1523.09,0,0,0
2019-12-30 11:38:00-05:00,1523.09,1523.09,1523.09,1523.09,0,0,0
2019-12-30 11:39:00-05:00,1523.09,1523.09,1523.09,1523.09,0,0,0
2019-12-30 11:40:00-05:00,1523.09,1523.09,1523.09,1523.09,0,0,0
2019-12-30 11:41:00-05:00,1523.09,1523.09,1523.09,1523.09,0,0,0
2019-12-30 11:42:00-05:00,1523.09,1523.09,1523.09,1523.09,0,0,0
2019-12-30 11:43:00-05:00,1523.09,1523.09,1523.09,1523.09,0,0,0
2019-12-30 11:44:00-05:00,1523.09,1523.09,1523.09,1523.09,0,0,0
2019-12-30 11:45:00-05:00,1523.09,1523.09,1523.09,1523.09,0,0,0
2019-12-30 11:46:00-05:00,1523.09,1523.09,1523.09,1523.09,0,0,0
2019-12-30 11:47:00-05:00,1523.09,1523.09,1523.09,1523.09,0,0,0
2019-12-30 11:48:00-05:00,1523.09,1523.09,1523.09,1523.09,0,0,0
2019-12-30 11:49:00-05:00,1523.09,1523.09,1523.09,1523.09,0,0,0
2019-12-30 11:50:00-05:00,1523.09,1523.09,1523.09,1523.09,0,0,0
2019-12-30 11:51:00-05:00,1523.09,1523.09,1523.09,1523.09,0,0,0
2019-12-30 11:52:00-05:00,1523.09,1523.09,1523.09,1523.09,0,0,0
2019-12-30 11:53:00-05:00,1523.09,1523.09,1523.09,1523.09,0,0,0
2019-12-30 11:54:00-05:00,1523.09,1523.09,1523.09,1523.09,0,0,0
2019-12-30 11:55:00-05:00,1523.09,1523.09,1523.09,1523.09,0,0,0
2019-12-30 11:56:00-05:00,1523.09,1523.09,1523.09,1523.09,0,0,0
2019-12-30 11:57:00-05:00,1523.09,1523.09,1523.09,1523.09,0,0,0
2019-12-30 11:58:00-05:00,1523.09,1523.09,1523.09,1523.09,0,0,0
2019-12-30 11:59:00-05:00,1523.09,1523.09,1523.09,1523.09,0,0,0
2019-12-30 12:00:00-05:00,1523.09,1523.09,1523.09,1523.09,0,0,0
2019-12-30 12:01:00-05:00,1523.09,1523.09,1523.09,1523.09,0,0,0
2019-12-30 12:02:00-05:00,1523.09,1523.09,1523.09,1523.09,0,0,0
2019-12-30 12:03:00-05:00,1523.09,1523.09,1523.09,1523.09,0,0,0
2019-12-30 12:04:00-05:00,1523.09,1523.09,1523.09,1523.09,0,0,0
2019-12-30 12:05:00-05:00,1523.09,1523.09,1523.09,1523.09,0,0,0
2019-12-30 12:06:00-05:00,1523.09,1523.09,1523.09,1523.09,0,0,0
2019-12-30 12:07:00-05:00,1523.09,1523.09,1523.09,1523.09,0,0,0
2019-12-30 12:08:00-05:00,1523.09,1523.09,1523.09,1523.09,0,0,0
2019-12-30 12:09:00-05:00,1523.09,1523.09,1523.09,1523.09,0,0,0
2019-12-30 12:10:00-05:00,1523.09,1523.09,1523.09,1523.09,0,0,0
2019-12-30 12:11:00-05:00,1523.09,1523.09,1523.09,1523.09,0,0,0
2019-12-30 12:12:00-05:00,1523.09,1523.09,1523.09,1523.09,0,0,0
2019-12-30 12:13:00-05:00,1523.09,1523.09,1523.09,1523.09,0,0,0
2019-12-30 12:14:00-05:00,1523.09,1523.09,1523.09,1523.09,0,0,0
2019-12-30 12:15:00-05:00,1523.09,1523.09,1523.09,1523.09,0,0,0
2019-12-30 12:16:00-05:00,1523.09,1523.09,1523.09,1523.09,0,0,0
2019-12-30 12:17:00-05:00,1523.09,1523.09,1523.09,1523.09,0,0,0
2019-12-30 12:18:00-05:00,1523.09,1523.09,1523.09,1523.09,0,0,0
2019-12-30 12:19:00-05:00,1523.09,1523.09,1523.09,1523.09,0,0,0
2019-12-30 12:20:00-05:00,1523.09,1523.09,1523.09,1523.09,0,0,0
2019-12-30 12:21:00-05:00,1523.09,1523.09,1523.09,1523.09,0,0,0
2019-12-30 12:22:00-05:00,1523.09,1523.09,1523.09,1523.09,0,0,0
2019-12-30 12:23:00-05:00,1523.09,1523.09,1523.09,1523.09,0,0,0
2019-12-30 12:24:00-05:00,1523.09,1523.09,1523.09,1523.09,0,0,0
2019-12-30 12:25:00-05:00,1523.09,1523.09,1523.09,1523.09,0,0,0
2019-12-30 12:26:00-05:00,1523.09,1523.09,1523.09,1523.09,0,0,0
2019-12-30 12:27:00-05:00,1523.09,1523.09,1523.09,1523.09,0,0,0
2019-12-30 12:28:00-05:00,1523.09,1523.09,1523.09,1523.09,0,0,0
2019-12-30 12:29:00-05:00,1523.09,1523.09,1523.09,1523.09,0,0,0
2019-12-30 12:30:00-05:00,1523.09,1523.09,1523.09,1523.09,0,0,0
2019-12-30 12:31:00-05:00,1523.09,1523.09,1523.09,1523.09,0,0,0
2019-12-30 12:32:00-05:00,1523.09,1523.09,1523.09,1523.09,0,0,0
2019-12-30 12:33:00-05:00,1523.09,1523.09,1523.09,1523.09,0,0,0
2019-12-30 12:34:00-05:00,1523.09,1523.09,1523.09,1523.09,0,0,0
2019-12-30 12:35:00-05:00,1523.09,1523.09,1523.09,1523.09,0,0,0
2019-12-30 12:36:00-05:00,1523.09,1523.09,1523.09,1523.09,0,0,0
2019-12-30 12:37:00-05:00,1523.09,1523.09,1523.09,1523.09,0,0,0
2019-12-30 12:38:00-05:00,1523.09,1523.09,1523.09,1523.09,0,0,0
2019-12-30 12:39:00-05:00,1523.09,1523.09,1523.09,1523.09,0,0,0
2019-12-30 12:40:00-05:00,1523.09,1523.09,1523.09,1523.09,0,0,0
2019-12-30 12:41:00-05:00,1523.09,1523.09,1523.09,1523.09,0,0,0
2019-12-30 12:42:00-05:00,1523.09,1523.09,1523.09,1523.09,0,0,0
2019-12-30 12:43:00-05:00,1523.09,1523.09,1523.09,1523.09,0,0,0
2019-12-30 12:44:00-05:00,1523.09,1523.09,1523.09,1523.09,0,0,0
2019-12-30 12:45:00-05:00,1523.09,1523.09,1523.09,1523.09,0,0,0
2019-12-30 12:46:00-05:00,1523.09,1523.09,1523.09,1523.09,0,0,0
2019-12-30 12:47:00-05:00,1523.09,1523.09,1523.09,1523.09,0,0,0
2019-12-30 12:48:00-05:00,1523.09,1523.09,1523.09,1523.09,0,0,0
2019-12-30 12:49:00-05:00,1523.09,1523.09,1523.09,1523.09,0,0,0
2019-12-30 12:50:00-05:00,1523.09,1523.09,1523.09,1523.09,0,0,0
2019-12-30 12:51:00-05:00,1523.09,1523.09,1523.09,1523.09,0,0,0
2019-12-30 12:52:00-05:00,1523.09,1523.09,1523.09,1523.09,0,0,0
2019-12-30 12:53:00-05:00,1523.09,1523.09,1523.09,1523.09,0,0,0
2019-12-30 12:54:00-05:00,1523.09,1523.09,1523.09,1523.09,0,0,0
2019-12-30 12:55:00-05:00,1523.09,1523.09,1523.09,1523.09,0,0,0
2019-12-30 12:56:00-05:00,1523.09,1523.09,1523.09,1523.09,0,0,0
2019-12-30 12:57:00-05:00,1523.09,1523.09,1523.09,1523.09,0,0,0
2019-12-30 12:58:00-05:00,1523.09,1523.09,1523.09,1523.09,0,0,0
2019-12-30 12:59:00-05:00,1523.09,1523.09,1523.09,1523.09,0,0,0
2019-12-30 13:00:00-05:00,1523.09,1523.09,1523.09,1523.09,0,0,0
2019-12-30 13:01:00-05:00,1523.09,1523.09,1523.09,1523.09,0,0,0
2019-12-30 13:02:00-05:00,1523.09,1523.09,1523.09,1523.09,0,0,0
2019-12-30 13:03:00-05:00,1523.09,1523.09,1523.09,1523.09,0,0,0
2019-12-30 13:04:00-05:00,1523.09,1523.09,1523.09,1523.09,0,0,0
2019-12-30 13:05:00-05:00,1523.09,1523.09,1523.09,1523.09,0,0,0
2019-12-30 13:06:00-05:00,1523.09,1523.09,1523.09,1523.09,0,0,0
2019-12-30 13:07:00-05:00,1523.09,1523.09,1523.09,1523.09,0,0,0
2019-12-30 13:08:00-05:00,1523.09,1523.09,1523.09,1523.09,0,0,0
2019-12-30 13:09:00-05:00,1523.09,1523.09,1523.09,1523.09,0,0,0
2019-12-30 13:10:00-05:00,1523.09,1523.09,1523.09,1523.09,0,0,0
2019-12-30 13:11:00-05:00,1523.09,1523.09,1523.09,1523.09,0,0,0
2019-12-30 13:12:00-05:00,1523.09,1523.09,1523.09,1523.09,0,0,0
2019-12-30 13:13:00-05:00,1523.09,1523.09,1523.09,1523.09,0,0,0
2019-12-30 13:14:00-05:00,1523.09,1523.09,1523.09,1523.09,0,0,0
2019-12-30 13:15:00-05:00,1523.09,1523.09,1523.09,1523.09,0,0,0
2019-12-30 13:16:00-05:00,1523.09,1523.09,1523.09,1523.09,0,0,0
2019-12-30 13:17:00-05:00,1523.09,1523.09,1523.09,1523.09,0,0,0
2019-12-30 13:18:00-05:00,1523.09,1523.09,1523.09,1523.09,0,0,0
2019-12-30 13:19:00-05:00,1523.09,1523.09,1523.09,1523.09,0,0,0
2019-12-30 13:20:00-05:00,1523.09,1523.09,1523.09,1523.09,0,0,0
2019-12-30 13:21:00-05:00,1523.09,1523.09,1523.09,1523.09,0,0,0
2019-12-30 13:22:00-05:00,1523.09,1523.09,1523.09,1523.09,0,0,0
2019-12-30 13:23:00-05:00,1523.09,1523.09,1523.09,1523.09,0,0,0
2019-12-30 13:24:00-05:00,1523.09,1523.09,1523.09,1523.09,0,0,0
2019-12-30 13:25:00-05:00,1523.09,1523.09,1523.09,1523.09,0,0,0
2019-12-30 13:26:00-05:00,1523.09,1523.09,1523.09,1523.09,0,0,0
2019-12-30 13:27:00-05:00,1523.09,1523.09,1523.09,1523.09,0,0,0
2019-12-30 13:28:00-05:00,1523.09,1523.09,1523.09,1523.09,0,0,0
2019-12-30 13:29:00-05:00,1523.09,1523.09,1523.09,1523.09,0,0,0
2019-12-30 13:30:00-05:00,1523.09,1523.09,1523.09,1523.09,0,0,0
2019-12-30 13:31:00-05:00,1523.09,1523.09,1523.09,1523.09,0,0,0
2019-12-30 13:32:00-05:00,1523.09,1523.09,1523.09,1523.09,0,0,0
2019-12-30 13:33:00-05:00,1523.09,1523.09,1523.09,1523.09,0,0,0
2019-12-30 13:34:00-05:00,1523.09,1523.09,1523.09,1523.09,0,0,0
2019-12-30 13:35:00-05:00,1523.09,1523.09,1523.09,1523.09,0,0,0
2019-12-30 13:36:00-05:00,1523.09,1523.09,1523.09,1523.09,0,0,0
2019-12-30 13:37:00-05:00,1523.09,1523.09,1523.09,1523.09,0,0,0
2019-12-30 13:38:00-05:00,1523.09,1523.09,1523.09,1523.09,0,0,0
2019-12-30 13:39:00-05:00,1523.09,1523.09,1523.09,1523.09,0,0,0
2019-12-30 13:40:00-05:00,1523.09,1523.09,1523.09,1523.09,0,0,0
2019-12-30 13:41:00-05:00,1523.09,1523.09,1523.09,1523.09,0,0,0
2019-12-30 13:42:00-05:00,1523.09,1523.09,1523.09,1523.09,0,0,0
2019-12-30 13:43:00-05:00,1523.09,1523.09,1523.09,1523.09,0,0,0
2019-12-30 13:44:00-05:00,1523.09,1523.09,1523.09,1523.09,0,0,0
2019-12-30 13:45:00-05:00,1523.09,1523.09,1523.09,1523.09,0,0,0
2019-12-30 13:46:00-05:00,1523.09,1523.09,1523.09,1523.09,0,0,0
2019-12-30 13:47:00-05:00,1523.09,1523.09,1523.09,1523.09,0,0,0
2019-12-30 13:48:00-05:00,1523.09,1523.09,1523.09,1523.09,0,0,0
2019-12-30 13:49:00-05:00,1523.09,1523.09,1523.09,1523.09,0,0,0
2019-12-30 13:50:00-05:00,1523.09,1523.09,1523.09,1523.09,0,0,0
2019-12-30 13:51:00-05:00,1523.09,1523.09,1523.09,1523.09,0,0,0
2019-12-30 13:52:00-05:00,1523.09,1523.09,1523.09,1523.09,0,0,0
2019-12-30 13:53:00-05:00,1523.09,1523.09,1523.09,1523.09,0,0,0
2019-12-30 13:54:00-05:00,1523.09,1523.09,1523.09,1523.09,0,0,0
2019-12-30 13:55:00-05:00,1523.09,1523.09,1523.09,1523.09,0,0,0
2019-12-30 13:56:00-05:00,1523.09,1523.09,1523.09,1523.09,0,0,0
2019-12-30 13:57:00-05:00,1523.09,1523.09,1523.09,1523.09,0,0,0
2019-12-30 13:58:00-05:00,1523.09,1523.09,1523.09,1523.09,0,0,0
2019-12-30 13:59:00-05:00,1523.09,1523.09,1523.09,1523.09,0,0,0
2019-12-30 14:00:00-05:00,1523.09,1523.09,1523.09,1523.09,0,0,0
2019-12-30 14:01:00-05:00,1523.09,1523.09,1523.09,1523.09,0,0,0
2019-12-30 14:02:00-05:00,1523.09,1523.09,1523.09,1523.09,0,0,0
2019-12-30 14:03:00-05:00,1523.09,1523.09,1523.09,1523.09,0,0,0
2019-12-30 14:04:00-05:00,1523.09,1523.09,1523.09,1523.09,0,0,0
2019-12-30 14:05:00-05:00,1523.09,1523.09,1523.09,1523.09,0,0,0
2019-12-30 14:06:00-05:00,1523.09,1523.09,1523.09,1523.09,0,0,0
2019-12-30 14:07:00-05:00,1523.09,1523.09,1523.09,1523.09,0,0,0
2019-12-30 14:08:00-05:00,1523.09,1523.09,1523.09,1523.09,0,0,0
2019-12-30 14:09:00-05:00,1523.09,1523.09,1523.09,1523.09,0,0,0
2019-12-30 14:10:00-05:00,1523.09,1523.09,1523.09,1523.09,0,0,0
2019-12-30 14:11:00-05:00,1523.09,1523.09,1523.09,1523.09,0,0,0
2019-12-30 14:12:00-05:00,1523.09,1523.09,1523.09,1523.09,0,0,0
2019-12-30 14:13:00-05:00,1523.09,1523.09,1523.09,1523.09,0,0,0
2019-12-30 14:14:00-05:00,1523.09,1523.09,1523.09,1523.09,0,0,0
2019-12-30 14:15:00-05:00,1523.09,1523.09,1523.09,1523.09,0,0,0
2019-12-30 14:16:00-05:00,1523.09,1523.09,1523.09,1523.09,0,0,0
2019-12-30 14:17:00-05:00,1523.09,1523.09,1523.09,1523.09,0,0,0
2019-12-30 14:18:00-05:00,1523.09,1523.09,1523.09,1523.09,0,0,0
2019-12-30 14:19:00-05:00,1523.09,1523.09,1523.09,1523.09,0,0,0
2019-12-30 14:20:00-05:00,1523.09,1523.09,1523.09,1523.09,0,0,0
2019-12-30 14:21:00-05:00,1523.09,1523.09,1523.09,1523.09,0,0,0
2019-12-30 14:22:00-05:00,1523.09,1523.09,1523.09,1523.09,0,0,0
2019-12-30 14:23:00-05:00,1523.09,1523.09,1523.09,1523.09,0,0,0
2019-12-30 14:24:00-05:00,1523.09,1523.09,1523.09,1523.09,0,0,0
2019-12-30 14:25:00-05:00,1523.09,1523.09,1523.09,1523.09,0,0,0
2019-12-30 14:26:00-05:00,1523.09,1523.09,1523.09,1523.09,0,0,0
2019-12-30 14:27:00-05:00,1523.09,1523.09,1523.09,1523.09,0,0,0
2019-12-30 14:28:00-05:00,1523.09,1523.09,1523.09,1523.09,0,0,0
2019-12-30 14:29:00-05:00,1523.09,1523.09,1523.09,1523.09,0,0,0
2019-12-30 14:30:00-05:00,1523.09,1523.09,1523.09,1523.09,0,0,0
2019-12-30 14:31:00-05:00,1523.09,1523.09,1523.09,1523.09,0,0,0
2019-12-30 14:32:00-05:00,1523.09,1523.09,1523.09,1523.09,0,0,0
2019-12-30 14:33:00-05:00,1523.09,1523.09,1523.09,1523.09,0,0,0
2019-12-30 14:34:00-05:00,1523.09,1523.09,1523.09,1523.09,0,0,0
2019-12-30 14:35:00-05:00,1523.09,1523.09,1523.09,1523.09,0,0,0
2019-12-30 14:36:00-05:00,1523.09,1523.09,1523.09,1523.09,0,0,0
2019-12-30 14:37:00-05:00,1523.09,1523.09,1523.09,1523.09,0,0,0
2019-12-30 14:38:00-05:00,1523.09,1523.09,1523.09,1523.09,0,0,0
2019-12-30 14:39:00-05:00,1523.09,1523.09,1523.09,1523.09,0,0,0
2019-12-30 14:40:00-05:00,1523.09,1523.09,1523.09,1523.09,0,0,0
2019-12-30 14:41:00-05:00,1523.09,1523.09,1523.09,1523.09,0,0,0
2019-12-30 14:42:00-05:00,1523.09,1523.09,1523.09,1523.09,0,0,0
2019-12-30 14:43:00-05:00,1523.09,1523.09,1523.09,1523.09,0,0,0
2019-12-30 14:44:00-05:00,1523.09,1523.09,1523.09,1523.09,0,0,0
2019-12-30 14:45:00-05:00,1523.09,1523.09,1523.09,1523.09,0,0,0
2019-12-30 14:46:00-05:00,1523.09,1523.09,1523.09,1523.09,0,0,0
2019-12-30 14:47:00-05:00,1523.09,1523.09,1523.09,1523.09,0,0,0
2019-12-30 14:48:00-05:00,1523.09,1523.09,1523.09,1523.09,0,0,0
2019-12-30 14:49:00-05:00,1523.09,1523.09,1523.09,1523.09,0,0,0
2019-12-30 14:50:00-05:00,1523.09,1523.09,1523.09,1523.09,0,0,0
2019-12-30 14:51:00-05:00,1523.09,1523.09,1523.09,1523.09,0,0,0
2019-12-30 14:52:00-05:00,1523.09,1523.09,1523.09,1523.09,0,0,0
2019-12-30 14:53:00-05:00,1523.09,1523.09,1523.09,1523.09,0,0,0
2019-12-30 14:54:00-05:00,1523.09,1523.09,1523.09,1523.09,0,0,0
2019-12-30 14:55:00-05:00,1523.09,1523.09,1523.09,1523.09,0,0,0
2019-12-30 14:56:00-05:00,1523.09,1523.09,1523.09,1523.09,0,0,0
2019-12-30 14:57:00-05:00,1523.09,1523.09,1523.09,1523.09,0,0,0
2019-12-30 14:58:00-05:00,1523.09,1523.09,1523.09,1523.09,0,0,0
2019-12-30 14:59:00-05:00,1523.09,1523.09,1523.09,1523.09,0,0,0
2019-12-30 15:00:00-05:00,1523.09,1523.09,1523.09,1523.09,0,0,0
2019-12-30 15:01:00-05:00,1523.09,1523.09,1523.09,1523.09,0,0,0
2019-12-30 15:02:00-05:00,1523.09,1523.09,1523.09,1523.09,0,0,0
2019-12-30 15:03:00-05:00,1523.09,1523.09,1523.09,1523.09,0,0,0
2019-12-30 15:04:00-05:00,1523.09,1523.09,1523.09,1523.09,0,0,0
2019-12-30 15:05:00-05:00,1523.09,1523.09,1523.09,1523.09,0,0,0
2019-12-30 15:06:00-05:00,1523.09,1523.09,1523.09,1523.09,0,0,0
2019-12-30 15:07:00-05:00,1523.09,1523.09,1523.09,1523.09,0,0,0
2019-12-30 15:08:00-05:00,1523.09,1523.09,1523.09,1523.09,0,0,0
2019-12-30 15:09:00-05:00,1523.09,1523.09,1523.09,1523.09,0,0,0
2019-12-30 15:10:00-05:00,1523.09,1523.09,1523.09,1523.09,0,0,0
2019-12-30 15:11:00-05:00,1523.09,1523.09,1523.09,1523.09,0,0,0
2019-12-30 15:12:00-05:00,1523.09,1523.09,1523.09,1523.09,0,0,0
2019-12-30 15:13:00-05:00,1523.09,1523.09,1523.09,1523.09,0,0,0
2019-12-30 15:14:00-05:00,1523.09,1523.09,1523.09,1523.09,0,0,0
2019-12-30 15:15:00-05:00,1523.09,1523.09,1523.09,1523.09,0,0,0
2019-12-30 15:16:00-05:00,1523.09,1523.09,1523.09,1523.09,0,0,0
2019-12-30 15:17:00-05:00,1523.09,1523.09,1523.09,1523.09,0,0,0
2019-12-30 15:18:00-05:00,1523.09,1523.09,1523.09,1523.09,0,0,0
2019-12-30 15:19:00-05:00,1523.09,1523.09,1523.09,1523.09,0,0,0
2019-12-30 15:20:00-05:00,1523.09,1523.09,1523.09,1523.09,0,0,0
2019-12-30 15:21:00-05:00,1523.09,1523.09,1523.09,1523.09,0,0,0
2019-12-30 15:22:00-05:00,1523.09,1523.09,1523.09,1523.09,0,0,0
2019-12-30 15:23:00-05:00,1523.09,1523.09,1523.09,1523.09,0,0,0
2019-12-30 15:24:00-05:00,1523.09,1523.09,1523.09,1523.09,0,0,0
2019-12-30 15:25:00-05:00,1523.09,1523.09,1523.09,1523.09,0,0,0
2019-12-30 15:26:00-05:00,1523.09,1523.09,1523.09,1523.09,0,0,0
2019-12-30 15:27:00-05:00,1523.09,1523.09,1523.09,1523.09,0,0,0
2019-12-30 15:28:00-05:00,1523.09,1523.09,1523.09,1523.09,0,0,0
2019-12-30 15:29:00-05:00,1523.09,1523.09,1523.09,1523.09,0,0,0
2019-12-30 15:30:00-05:00,1523.09,1523.09,1523.09,1523.09,0,0,0
2019-12-30 15:31:00-05:00,1523.09,1523.09,1523.09,1523.09,0,0,0
2019-12-30 15:32:00-05:00,1523.09,1523.09,1523.09,1523.09,0,0,0
2019-12-30 15:33:00-05:00,1523.09,1523.09,1523.09,1523.09,0,0,0
2019-12-30 15:34:00-05:00,1523.09,1523.09,1523.09,1523.09,0,0,0
2019-12-30 15:35:00-05:00,1523.09,1523.09,1523.09,1523.09,0,0,0
2019-12-30 15:36:00-05:00,1523.09,1523.09,1523.09,1523.09,0,0,0
2019-12-30 15:37:00-05:00,1523.09,1523.09,1523.09,1523.09,0,0,0
2019-12-30 15:38:00-05:00,1523.09,1523.09,1523.09,1523.09,0,0,0
2019-12-30 15:39:00-05:00,1523.09,1523.09,1523.09,1523.09,0,0,0
2019-12-30 15:40:00-05:00,1523.09,1523.09,1523.09,1523.09,0,0,0
2019-12-30 15:41:00-05:00,1523.09,1523.09,1523.09,1523.09,0,0,0
2019-12-30 15:42:00-05:00,1523.09,1523.09,1523.09,1523.09,0,0,0
2019-12-30 15:43:00-05:00,1523.09,1523.09,1523.09,1523.09,0,0,0
2019-12-30 15:44:00-05:00,1523.09,1523.09,1523.09,1523.09,0,0,0
2019-12-30 15:45:00-05:00,1523.09,1523.09,1523.09,1523.09,0,0,0
2019-12-30 15:46:00-05:00,1523.09,1523.09,1523.09,1523.09,0,0,0
2019-12-30 15:47:00-05:00,1523.09,1523.09,1523.09,1523.09,0,0,0
2019-12-30 15:48:00-05:00,1523.09,1523.09,1523.09,1523.09,0,0,0
2019-12-30 15:49:00-05:00,1523.09,1523.09,1523.09,1523.09,0,0,0
2019-12-30 15:50:00-05:00,1523.09,1523.09,1523.09,1523.09,0,0,0
2019-12-30 15:51:00-05:00,1523.09,1523.09,1523.09,1523.09,0,0,0
2019-12-30 15:52:00-05:00,1523.09,1523.09,1523.09,1523.09,0,0,0
2019-12-30 15:53:00-05:00,1523.09,1523.09,1523.09,1523.09,0,0,0
2019-12-30 15:54:00-05:00,1523.09,1523.09,1523.09,1523.09,0,0,0
2019-12-30 15:55:00-05:00,1523.09,1523.09,1523.09,1523.09,0,0,0
2019-12-30 15:56:00-05:00,1523.09,1523.09,1523.09,1523.09,0,0,0
2019-12-30 15:57:00-05:00,1523.09,1523.09,1523.09,1523.09,0,0,0
2019-12-30 15:58:00-05:00,1523.09,1523.09,1523.09,1523.09,0,0,0
2019-12-30 15:59:00-05:00,1523.09,1523.09,1523.09,1523.09,0,0,0
2019-12-31 09:30:00-05:00,1523.09,1523.09,1523.09,1523.09,0,0,0
2019-12-31 09:31:00-05:00,1523.09,1523.09,1523.09,1523.09,0,0,0
2019-12-31 09:32:00-05:00,1523.09,1523.09,1523.09,1523.09,0,0,0
2019-12-31 09:33:00-05:00,1523.09,1523.09,1523.09,1523.09,0,0,0
2019-12-31 09:34:00-05:00,1523.09,1523.09,1523.09,1523.09,0,0,0
2019-12-31 09:35:00-05:00,1523.09,1523.09,1523.09,1523.09,0,0,0
2019-12-31 09:36:00-05:00,1523.09,1523.09,1523.09,1523.09,0,0,0
2019-12-31 09:37:00-05:00,1523.09,1523.09,1523.09,1523.09,0,0,0
2019-12-31 09:38:00-05:00,1523.09,1523.09,1523.09,1523.09,0,0,0
2019-12-31 09:39:00-05:00,1523.09,1523.09,1523.09,1523.09,0,0,0
2019-12-31 09:40:00-05:00,1523.09,1523.09,1523.09,1523.09,0,0,0
2019-12-31 09:41:00-05:00,1523.09,1523.09,1523.09,1523.09,0,0,0
2019-12-31 09:42:00-05:00,1523.09,1523.09,1523.09,1523.09,0,0,0
2019-12-31 09:43:00-05:00,1523.09,1523.09,1523.09,1523.09,0,0,0
2019-12-31 09:44:00-05:00,1523.09,1523.09,1523.09,1523.09,0,0,0
2019-12-31 09:45:00-05:00,1523.09,1523.09,1523.09,1523.09,0,0,0
2019-12-31 09:46:00-05:00,1523.09,1523.09,1523.09,1523.09,0,0,0
2019-12-31 09:47:00-05:00,1523.09,1523.09,1523.09,1523.09,0,0,0
2019-12-31 09:48:00-05:00,1523.09,1523.09,1523.09,1523.09,0,0,0
2019-12-31 09:49:00-05:00,1523.09,1523.09,1523.09,1523.09,0,0,0
2019-12-31 09:50:00-05:00,1523.09,1523.09,1523.09,1523.09,0,0,0
2019-12-31 09:51:00-05:00,1523.09,1523.09,1523.09,1523.09,0,0,0
2019-12-31 09:52:00-05:00,1523.09,1523.09,1523.09,1523.09,0,0,0
2019-12-31 09:53:00-05:00,1523.09,1523.09,1523.09,1523.09,0,0,0
2019-12-31 09:54:00-05:00,1523.09,1523.09,1523.09,1523.09,0,0,0
2019-12-31 09:55:00-05:00,1523.09,1523.09,1523.09,1523.09,0,0,0
2019-12-31 09:56:00-05:00,1523.09,1523.09,1523.09,1523.09,0,0,0
2019-12-31 09:57:00-05:00,1523.09,1523.09,1523.09,1523.09,0,0,0
2019-12-31 09:58:00-05:00,1523.09,1523.09,1523.09,1523.09,0,0,0
2019-12-31 09:59:00-05:00,1523.09,1523.09,1523.09,1523.09,0,0,0
2019-12-31 10:00:00-05:00,1523.09,1523.09,1523.09,1523.09,0,0,0
2019-12-31 10:01:00-05:00,1523.09,1523.09,1523.09,1523.09,0,0,0
2019-12-31 10:02:00-05:00,1523.09,1523.09,1523.09,1523.09,0,0,0
2019-12-31 10:03:00-05:00,1523.09,1523.09,1523.09,1523.09,0,0,0
2019-12-31 10:04:00-05:00,1523.09,1523.09,1523.09,1523.09,0,0,0
2019-12-31 10:05:00-05:00,1523.09,1523.09,1523.09,1523.09,0,0,0
2019-12-31 10:06:00-05:00,1523.09,1523.09,1523.09,1523.09,0,0,0
2019-12-31 10:07:00-05:00,1523.09,1523.09,1523.09,1523.09,0,0,0
2019-12-31 10:08:00-05:00,1523.09,1523.09,1523.09,1523.09,0,0,0
2019-12-31 10:09:00-05:00,1523.09,1523.09,1523.09,1523.09,0,0,0
2019-12-31 10:10:00-05:00,1523.09,1523.09,1523.09,1523.09,0,0,0
2019-12-31 10:11:00-05:00,1523.09,1523.09,1523.09,1523.09,0,0,0
2019-12-31 10:12:00-05:00,1523.09,1523.09,1523.09,1523.09,0,0,0
2019-12-31 10:13:00-05:00,1523.09,1523.09,1523.09,1523.09,0,0,0
2019-12-31 10:14:00-05:00,1523.09,1523.09,1523.09,1523.09,0,0,0
2019-12-31 10:15:00-05:00,1523.09,1523.09,1523.09,1523.09,0,0,0
2019-12-31 10:16:00-05:00,1523.09,1523.09,1523.09,1523.09,0,0,0
2019-12-31 10:17:00-05:00,1523.09,1523.09,1523.09,1523.09,0,0,0
2019-12-31 10:18:00-05:00,1523.09,1523.09,1523.09,1523.09,0,0,0
2019-12-31 10:19:00-05:00,1523.09,1523.09,1523.09,1523.09,0,0,0
2019-12-31 10:20:00-05:00,1523.09,1523.09,1523.09,1523.09,0,0,0
2019-12-31 10:21:00-05:00,1523.09,1523.09,1523.09,1523.09,0,0,0
2019-12-31 10:22:00-05:00,1523.09,1523.09,1523.09,1523.09,0,0,0
2019-12-31 10:23:00-05:00,1523.09,1523.09,1523.09,1523.09,0,0,0
2019-12-31 10:24:00-05:00,1523.09,1523.09,1523.09,1523.09,0,0,0
2019-12-31 10:25:00-05:00,1523.09,1523.09,1523.09,1523.09,0,0,0
2019-12-31 10:26:00-05:00,1523.09,1523.09,1523.09,1523.09,0,0,0
2019-12-31 10:27:00-05:00,1523.09,1523.09,1523.09,1523.09,0,0,0
2019-12-31 10:28:00-05:00,1523.09,1523.09,1523.09,1523.09,0,0,0
2019-12-31 10:29:00-05:00,1523.09,1523.09,1523.09,1523.09,0,0,0
2019-12-31 10:30:00-05:00,1523.09,1523.09,1523.09,1523.09,0,0,0
2019-12-31 10:31:00-05:00,1523.09,1523.09,1523.09,1523.09,0,0,0
2019-12-31 10:32:00-05:00,1523.09,1523.09,1523.09,1523.09,0,0,0
2019-12-31 10:33:00-05:00,1523.09,1523.09,1523.09,1523.09,0,0,0
2019-12-31 10:34:00-05:00,1523.09,1523.09,1523.09,1523.09,0,0,0
2019-12-31 10:35:00-05:00,1523.09,1523.09,1523.09,1523.09,0,0,0
2019-12-31 10:36:00-05:00,1523.09,1523.09,1523.09,1523.09,0,0,0
2019-12-31 10:37:00-05:00,1523.09,1523.09,1523.09,1523.09,0,0,0
2019-12-31 10:38:00-05:00,1523.09,1523.09,1523.09,1523.09,0,0,0
2019-12-31 10:39:00-05:00,1523.09,1523.09,1523.09,1523.09,0,0,0
2019-12-31 10:40:00-05:00,1523.09,1523.09,1523.09,1523.09,0,0,0
2019-12-31 10:41:00-05:00,1523.09,1523.09,1523.09,1523.09,0,0,0
2019-12-31 10:42:00-05:00,1523.09,1523.09,1523.09,1523.09,0,0,0
2019-12-31 10:43:00-05:00,1523.09,1523.09,1523.09,1523.09,0,0,0
2019-12-31 10:44:00-05:00,1523.09,1523.09,1523.09,1523.09,0,0,0
2019-12-31 10:45:00-05:00,1523.09,1523.09,1523.09,1523.09,0,0,0
2019-12-31 10:46:00-05:00,1523.09,1523.09,1523.09,1523.09,0,0,0
2019-12-31 10:47:00-05:00,1523.09,1523.09,1523.09,1523.09,0,0,0
2019-12-31 10:48:00-05:00,1523.09,1523.09,1523.09,1523.09,0,0,0
2019-12-31 10:49:00-05:00,1523.09,1523.09,1523.09,1523.09,0,0,0
2019-12-31 10:50:00-05:00,1523.09,1523.09,1523.09,1523.09,0,0,0
2019-12-31 10:51:00-05:00,1523.09,1523.09,1523.09,1523.09,0,0,0
2019-12-31 10:52:00-05:00,1523.09,1523.09,1523.09,1523.09,0,0,0
2019-12-31 10:53:00-05:00,1523.09,1523.09,1523.09,1523.09,0,0,0
2019-12-31 10:54:00-05:00,1523.09,1523.09,1523.09,1523.09,0,0,0
2019-12-31 10:55:00-05:00,1523.09,1523.09,1523.09,1523.09,0,0,0
2019-12-31 10:56:00-05:00,1523.09,1523.09,1523.09,1523.09,0,0,0
2019-12-31 10:57:00-05:00,1523.09,1523.09,1523.09,1523.09,0,0,0
2019-12-31 10:58:00-05:00,1523.09,1523.09,1523.09,1523.09,0,0,0
2019-12-31 10:59:00-05:00,1523.09,1523.09,1523.09,1523.09,0,0,0
