Datetime,Open,High,Low,Close,Volume,Dividends,Stock Splits
2019-12-18 11:00:00-05:00,1097.54,1097.88,1097.46,1097.5,0,0,0
2019-12-18 11:01:00-05:00,1097.54,1097.73,1097.51,1097.72,0,0,0
2019-12-18 11:02:00-05:00,1097.72,1097.73,1097.72,1097.73,0,0,0
2019-12-18 11:03:00-05:00,1097.62,1097.64,1097.54,1097.64,0,0,0
2019-12-18 11:04:00-05:00,1097.64,1097.68,1097.64,1097.68,0,0,0
2019-12-18 11:05:00-05:00,1097.68,1097.68,1097.62,1097.62,0,0,0
2019-12-18 11:06:00-05:00,1097.64,1097.65,1097.61,1097.62,0,0,0
2019-12-18 11:07:00-05:00,1097.64,1097.74,1097.64,1097.74,0,0,0
2019-12-18 11:08:00-05:00,1097.76,1097.76,1097.42,1097.42,0,0,0
2019-12-18 11:09:00-05:00,1097.73,1097.77,1097.57,1097.61,0,0,0
2019-12-18 11:10:00-05:00,1097.6,1097.66,1097.59,1097.6,0,0,0
2019-12-18 11:11:00-05:00,1097.6,1097.6,1097.57,1097.58,0,0,0
2019-12-18 11:12:00-05:00,1097.59,1097.61,1097.51,1097.56,0,0,0
2019-12-18 11:13:00-05:00,1097.56,1097.7,1097.19,1097.7,0,0,0
2019-12-18 11:14:00-05:00,1097.62,1097.62,1097.18,1097.48,0,0,0
2019-12-18 11:17:00-05:00,1097.22,1097.24,1097.2,1097.24,0,0,0
2019-12-18 11:18:00-05:00,1097.24,1097.25,1097.22,1097.25,0,0,0
2019-12-18 11:19:00-05:00,1097.25,1097.29,1097.22,1097.29,0,0,0
2019-12-18 11:20:00-05:00,1097.26,1097.28,1097.26,1097.28,0,0,0
2019-12-18 11:21:00-05:00,1097.28,1097.29,1097.26,1097.27,0,0,0
2019-12-18 11:22:00-05:00,1097.34,1097.34,1097.23,1097.27,0,0,0
2019-12-18 11:23:00-05:00,1097.28,1097.31,1097.28,1097.29,0,0,0
2019-12-18 11:24:00-05:00,1097.3,1097.31,1097.29,1097.31,0,0,0
2019-12-18 11:25:00-05:00,1097.31,1097.36,1097.29,1097.36,0,0,0
2019-12-18 11:26:00-05:00,1097.37,1097.37,1097.34,1097.36,0,0,0
2019-12-18 11:27:00-05:00,1097.36,1097.36,1097.24,1097.24,0,0,0
2019-12-18 11:28:00-05:00,1097.22,1097.22,1097.09,1097.13,0,0,0
2019-12-18 11:29:00-05:00,1097.11,1097.11,1097.09,1097.09,0,0,0
2019-12-18 11:30:00-05:00,1097.09,1097.13,1097.07,1097.13,0,0,0
2019-12-18 11:31:00-05:00,1097.15,1097.21,1097.15,1097.16,0,0,0
2019-12-18 11:32:00-05:00,1097.2,1097.23,1097.17,1097.2,0,0,0
2019-12-18 11:33:00-05:00,1097.22,1097.25,1097.22,1097.25,0,0,0
2019-12-18 11:34:00-05:00,1097.25,1097.25,1097.25,1097.25,0,0,0
2019-12-18 11:35:00-05:00,1097.25,1097.27,1097.25,1097.25,0,0,0
2019-12-18 11:36:00-05:00,1097.27,1097.35,1097.26,1097.34,0,0,0
2019-12-18 11:37:00-05:00,1097.34,1097.34,1097.3,1097.3,0,0,0
2019-12-18 11:38:00-05:00,1097.34,1097.34,1097.3,1097.34,0,0,0
2019-12-18 11:39:00-05:00,1097.34,1097.34,1097.31,1097.34,0,0,0
2019-12-18 11:40:00-05:00,1097.34,1097.34,1097.3,1097.34,0,0,0
2019-12-18 11:41:00-05:00,1097.34,1097.36,1097.3,1097.3,0,0,0
2019-12-18 11:42:00-05:00,1097.3,1097.34,1097.3,1097.34,0,0,0
2019-12-18 11:43:00-05:00,1097.3,1097.34,1097.3,1097.34,0,0,0
2019-12-18 11:44:00-05:00,1097.34,1097.34,1097.34,1097.34,0,0,0
2019-12-18 11:46:00-05:00,1097.75,1097.75,1097.75,1097.75,0,0,0
2019-12-18 11:47:00-05:00,1097.75,1097.75,1097.75,1097.75,0,0,0
2019-12-18 11:48:00-05:00,1097.75,1097.75,1097.75,1097.75,0,0,0
2019-12-18 11:49:00-05:00,1097.75,1097.75,1097.75,1097.75,0,0,0
2019-12-18 11:50:00-05:00,1097.75,1097.75,1097.75,1097.75,0,0,0
2019-12-18 11:51:00-05:00,1097.75,1097.75,1097.75,1097.75,0,0,0
2019-12-18 11:52:00-05:00,1097.75,1097.75,1097.75,1097.75,0,0,0
2019-12-18 11:53:00-05:00,1097.75,1097.75,1097.75,1097.75,0,0,0
2019-12-18 11:54:00-05:00,1097.75,1097.75,1097.75,1097.75,0,0,0
2019-12-18 11:55:00-05:00,1097.75,1097.75,1097.75,1097.75,0,0,0
2019-12-18 11:56:00-05:00,1097.75,1097.75,1097.75,1097.75,0,0,0
2019-12-18 11:57:00-05:00,1097.75,1097.75,1097.75,1097.75,0,0,0
2019-12-18 11:58:00-05:00,1097.75,1097.75,1097.75,1097.75,0,0,0
2019-12-18 11:59:00-05:00,1097.75,1097.75,1097.75,1097.75,0,0,0
2019-12-19 09:30:00-05:00,1097.19,1097.27,1097.19,1097.27,0,0,0
2019-12-19 09:31:00-05:00,1097.3,1097.3,1097.18,1097.18,0,0,0
2019-12-19 09:32:00-05:00,1097.26,1097.3,1097.25,1097.25,0,0,0
2019-12-19 09:33:00-05:00,1097.25,1097.32,1097.01,1097.01,0,0,0
2019-12-19 09:34:00-05:00,1097.16,1097.34,1097.02,1097.34,0,0,0
2019-12-19 09:35:00-05:00,1097.34,1097.34,1097.16,1097.26,0,0,0
2019-12-19 09:36:00-05:00,1097.26,1097.35,1097.21,1097.26,0,0,0
2019-12-19 09:37:00-05:00,1097.24,1097.32,1097.24,1097.24,0,0,0
2019-12-19 09:38:00-05:00,1097.34,1097.34,1097.24,1097.31,0,0,0
2019-12-19 09:39:00-05:00,1097.35,1097.35,1097.27,1097.27,0,0,0
2019-12-19 09:40:00-05:00,1097.26,1097.32,1097.18,1097.23,0,0,0
2019-12-19 09:41:00-05:00,1097.23,1097.24,1097.21,1097.21,0,0,0
2019-12-19 09:42:00-05:00,1097.21,1097.21,1097.04,1097.19,0,0,0
2019-12-19 09:43:00-05:00,1097.21,1097.24,1097.16,1097.24,0,0,0
2019-12-19 09:44:00-05:00,1097.17,1097.22,1097.17,1097.21,0,0,0
2019-12-19 09:45:00-05:00,1097.19,1097.23,1097.18,1097.19,0,0,0
2019-12-19 09:46:00-05:00,1097.19,1097.21,1097.17,1097.21,0,0,0
2019-12-19 09:47:00-05:00,1097.19,1097.21,1097.19,1097.19,0,0,0
2019-12-19 09:48:00-05:00,1097.19,1097.23,1097.18,1097.21,0,0,0
2019-12-19 09:49:00-05:00,1097.18,1097.22,1097.18,1097.18,0,0,0
2019-12-19 09:50:00-05:00,1097.22,1097.23,1097.18,1097.2,0,0,0
2019-12-19 09:51:00-05:00,1097.2,1097.2,1097.09,1097.09,0,0,0
2019-12-19 09:52:00-05:00,1097.09,1097.09,1096.98,1096.98,0,0,0
2019-12-19 09:53:00-05:00,1096.98,1096.98,1096.98,1096.98,0,0,0
2019-12-19 09:54:00-05:00,1096.98,1096.98,1096.98,1096.98,0,0,0
2019-12-19 09:55:00-05:00,1097.12,1097.3,1097.12,1097.3,0,0,0
2019-12-19 09:56:00-05:00,1097.3,1097.33,1097.28,1097.3,0,0,0
2019-12-19 09:57:00-05:00,1097.3,1097.35,1097.25,1097.35,0,0,0
2019-12-19 09:58:00-05:00,1097.35,1097.35,1097.24,1097.24,0,0,0
2019-12-19 09:59:00-05:00,1097.23,1097.25,1097.09,1097.23,0,0,0
2019-12-19 10:00:00-05:00,1097.23,1097.23,1097.09,1097.21,0,0,0
2019-12-19 10:01:00-05:00,1097.21,1097.21,1097.02,1097.02,0,0,0
2019-12-19 10:02:00-05:00,1097.02,1097.02,1096.83,1096.83,0,0,0
2019-12-19 10:03:00-05:00,1096.83,1097.15,1096.83,1097.08,0,0,0
2019-12-19 10:04:00-05:00,1097.09,1097.16,1097.09,1097.11,0,0,0
2019-12-19 10:05:00-05:00,1097.11,1097.15,1097.06,1097.15,0,0,0
2019-12-19 10:06:00-05:00,1097.16,1097.18,1097.12,1097.13,0,0,0
2019-12-19 10:07:00-05:00,1097.13,1097.13,1096.98,1097.12,0,0,0
2019-12-19 10:08:00-05:00,1097.12,1097.17,1097.09,1097.1,0,0,0
2019-12-19 10:09:00-05:00,1097.1,1097.13,1097.09,1097.1,0,0,0
2019-12-19 10:10:00-05:00,1097.1,1097.15,1097.09,1097.15,0,0,0
2019-12-19 10:11:00-05:00,1097.08,1097.14,1097.08,1097.14,0,0,0
2019-12-19 10:12:00-05:00,1097.1,1097.16,1097.09,1097.1,0,0,0
2019-12-19 10:13:00-05:00,1097.1,1097.15,1097.03,1097.08,0,0,0
2019-12-19 10:14:00-05:00,1097.09,1097.3,1097.09,1097.16,0,0,0
2019-12-19 10:15:00-05:00,1097.25,1097.25,1097.14,1097.2,0,0,0
2019-12-19 10:16:00-05:00,1097.06,1097.24,1097.06,1097.24,0,0,0
2019-12-19 10:17:00-05:00,1097.24,1097.24,1097.14,1097.15,0,0,0
2019-12-19 10:18:00-05:00,1097.16,1097.24,1097.1,1097.1,0,0,0
2019-12-19 10:19:00-05:00,1097.11,1097.16,1096.83,1096.91,0,0,0
2019-12-19 10:20:00-05:00,1097.11,1097.16,1097.04,1097.06,0,0,0
2019-12-19 10:21:00-05:00,1097.06,1097.16,1097.05,1097.06,0,0,0
2019-12-19 10:22:00-05:00,1097.16,1097.2,1097.06,1097.2,0,0,0
2019-12-19 10:23:00-05:00,1097.02,1097.24,1097.02,1097.15,0,0,0
2019-12-19 10:24:00-05:00,1097.15,1097.25,1097.14,1097.16,0,0,0
2019-12-19 10:25:00-05:00,1097.15,1097.18,1097.12,1097.12,0,0,0
2019-12-19 10:26:00-05:00,1097.14,1097.15,1097.0,1097.15,0,0,0
2019-12-19 10:27:00-05:00,1097.16,1097.16,1097.07,1097.07,0,0,0
2019-12-19 10:28:00-05:00,1097.01,1097.16,1097.0,1097.15,0,0,0
2019-12-19 10:29:00-05:00,1097.15,1097.23,1096.96,1096.96,0,0,0
2019-12-19 10:30:00-05:00,1097.24,1097.24,1096.9,1096.91,0,0,0
2019-12-19 10:31:00-05:00,1096.76,1097.08,1096.37,1096.94,0,0,0
2019-12-19 10:32:00-05:00,1096.9,1097.01,1096.87,1096.96,0,0,0
2019-12-19 10:33:00-05:00,1097.01,1097.1,1096.9,1097.04,0,0,0
2019-12-19 10:34:00-05:00,1097.04,1097.04,1097.01,1097.01,0,0,0
2019-12-19 10:35:00-05:00,1097.04,1097.21,1096.94,1097.11,0,0,0
2019-12-19 10:36:00-05:00,1097.11,1097.24,1097.1,1097.24,0,0,0
2019-12-19 10:37:00-05:00,1097.17,1097.24,1097.16,1097.23,0,0,0
2019-12-19 10:38:00-05:00,1097.23,1097.23,1097.17,1097.2,0,0,0
2019-12-19 10:39:00-05:00,1097.24,1097.27,1097.22,1097.27,0,0,0
2019-12-19 10:40:00-05:00,1097.28,1097.33,1097.28,1097.29,0,0,0
2019-12-19 10:41:00-05:00,1097.29,1097.34,1097.28,1097.31,0,0,0
2019-12-19 10:42:00-05:00,1097.29,1097.35,1097.28,1097.28,0,0,0
2019-12-19 10:43:00-05:00,1097.34,1097.49,1097.31,1097.47,0,0,0
2019-12-19 10:44:00-05:00,1097.47,1097.47,1097.29,1097.29,0,0,0
2019-12-19 10:45:00-05:00,1097.31,1097.47,1097.31,1097.37,0,0,0
2019-12-19 10:46:00-05:00,1097.37,1097.47,1097.36,1097.47,0,0,0
2019-12-19 10:47:00-05:00,1097.47,1097.62,1097.47,1097.55,0,0,0
2019-12-19 10:48:00-05:00,1097.55,1097.56,1097.53,1097.56,0,0,0
2019-12-19 10:49:00-05:00,1097.63,1097.63,1097.51,1097.51,0,0,0
2019-12-19 10:50:00-05:00,1097.53,1097.6,1097.53,1097.6,0,0,0
2019-12-19 10:51:00-05:00,1097.6,1097.6,1097.5,1097.5,0,0,0
2019-12-19 10:52:00-05:00,1097.52,1097.52,1097.52,1097.52,0,0,0
2019-12-19 10:53:00-05:00,1097.52,1097.52,1097.52,1097.52,0,0,0
2019-12-19 10:54:00-05:00,1097.52,1097.61,1097.52,1097.59,0,0,0
2019-12-19 10:55:00-05:00,1097.59,1097.59,1097.43,1097.43,0,0,0
2019-12-19 10:56:00-05:00,1097.43,1097.58,1097.43,1097.56,0,0,0
2019-12-19 10:57:00-05:00,1097.56,1097.56,1097.41,1097.41,0,0,0
2019-12-19 10:58:00-05:00,1097.41,1097.41,1097.41,1097.41,0,0,0
2019-12-19 10:59:00-05:00,1097.41,1097.5,1097.41,1097.5,0,0,0
2019-12-19 11:00:00-05:00,1097.5,1097.55,1097.49,1097.55,0,0,0
2019-12-19 11:01:00-05:00,1097.55,1097.55,1097.37,1097.37,0,0,0
2019-12-19 11:02:00-05:00,1097.37,1097.37,1097.37,1097.37,0,0,0
2019-12-19 11:03:00-05:00,1097.37,1097.68,1097.29,1097.45,0,0,0
2019-12-19 11:04:00-05:00,1097.45,1097.45,1097.32,1097.32,0,0,0
2019-12-19 11:05:00-05:00,1097.32,1097.32,1097.32,1097.32,0,0,0
2019-12-19 11:06:00-05:00,1097.32,1097.5,1097.32,1097.48,0,0,0
2019-12-19 11:07:00-05:00,1097.48,1097.56,1097.48,1097.51,0,0,0
2019-12-19 11:08:00-05:00,1097.51,1097.51,1097.37,1097.37,0,0,0
2019-12-19 11:09:00-05:00,1097.37,1097.52,1097.37,1097.52,0,0,0
2019-12-19 11:10:00-05:00,1097.68,1097.68,1097.45,1097.47,0,0,0
2019-12-19 11:11:00-05:00,1097.47,1097.52,1097.47,1097.49,0,0,0
2019-12-19 11:12:00-05:00,1097.49,1097.49,1097.42,1097.42,0,0,0
2019-12-19 11:13:00-05:00,1097.33,1097.33,1097.33,1097.33,0,0,0
2019-12-19 11:14:00-05:00,1097.33,1097.33,1097.33,1097.33,0,0,0
2019-12-19 11:15:00-05:00,1097.33,1097.33,1097.33,1097.33,0,0,0
2019-12-19 11:16:00-05:00,1097.33,1097.33,1097.33,1097.33,0,0,0
2019-12-19 11:17:00-05:00,1097.33,1097.33,1097.33,1097.33,0,0,0
2019-12-19 11:18:00-05:00,1097.33,1097.48,1097.33,1097.48,0,0,0
2019-12-19 11:19:00-05:00,1097.46,1097.48,1097.43,1097.43,0,0,0
2019-12-19 11:20:00-05:00,1097.41,1097.43,1097.14,1097.14,0,0,0
2019-12-19 11:21:00-05:00,1097.38,1097.38,1097.13,1097.18,0,0,0
2019-12-19 11:22:00-05:00,1097.18,1097.29,1097.18,1097.29,0,0,0
2019-12-19 11:23:00-05:00,1097.21,1097.37,1097.2,1097.37,0,0,0
2019-12-19 11:24:00-05:00,1097.18,1097.18,1097.18,1097.18,0,0,0
2019-12-19 11:25:00-05:00,1097.18,1097.18,1097.0,1097.0,0,0,0
2019-12-19 11:26:00-05:00,1097.0,1097.23,1096.98,1097.23,0,0,0
2019-12-19 11:27:00-05:00,1097.23,1097.23,1097.2,1097.2,0,0,0
2019-12-19 11:28:00-05:00,1097.2,1097.21,1097.19,1097.19,0,0,0
2019-12-19 11:29:00-05:00,1097.18,1097.18,1097.07,1097.07,0,0,0
2019-12-19 11:30:00-05:00,1097.07,1097.18,1096.93,1097.18,0,0,0
2019-12-19 11:31:00-05:00,1097.16,1097.16,1097.12,1097.12,0,0,0
2019-12-19 11:32:00-05:00,1097.12,1097.12,1097.12,1097.12,0,0,0
2019-12-19 11:33:00-05:00,1096.95,1097.37,1096.94,1097.37,0,0,0
2019-12-19 11:34:00-05:00,1097.0,1097.01,1097.0,1097.01,0,0,0
2019-12-19 11:35:00-05:00,1097.01,1097.01,1097.01,1097.01,0,0,0
2019-12-19 11:36:00-05:00,1097.0,1097.0,1097.0,1097.0,0,0,0
2019-12-19 11:37:00-05:00,1097.0,1097.0,1097.0,1097.0,0,0,0
2019-12-19 11:38:00-05:00,1097.0,1097.0,1097.0,1097.0,0,0,0
2019-12-19 11:39:00-05:00,1097.0,1097.0,1096.98,1096.98,0,0,0
2019-12-19 11:40:00-05:00,1096.98,1096.98,1096.98,1096.98,0,0,0
2019-12-19 11:41:00-05:00,1096.98,1096.98,1096.98,1096.98,0,0,0
2019-12-19 11:42:00-05:00,1096.98,1096.98,1096.98,1096.98,0,0,0
2019-12-19 11:43:00-05:00,1096.98,1096.98,1096.98,1096.98,0,0,0
2019-12-19 11:44:00-05:00,1096.98,1096.98,1096.98,1096.98,0,0,0
2019-12-19 11:45:00-05:00,1098.6,1098.6,1098.6,1098.6,0,0,0
2019-12-19 11:46:00-05:00,1098.6,1098.6,1098.6,1098.6,0,0,0
2019-12-19 11:47:00-05:00,1098.6,1098.6,1098.6,1098.6,0,0,0
2019-12-19 11:48:00-05:00,1098.6,1098.6,1098.6,1098.6,0,0,0
2019-12-19 11:49:00-05:00,1098.6,1098.6,1098.6,1098.6,0,0,0
2019-12-19 11:50:00-05:00,1098.6,1098.6,1098.6,1098.6,0,0,0
2019-12-19 11:51:00-05:00,1098.6,1098.6,1098.6,1098.6,0,0,0
2019-12-19 11:52:00-05:00,1098.6,1098.6,1098.6,1098.6,0,0,0
2019-12-19 11:53:00-05:00,1098.6,1098.6,1098.6,1098.6,0,0,0
2019-12-19 11:54:00-05:00,1098.6,1098.6,1098.6,1098.6,0,0,0
2019-12-19 11:55:00-05:00,1098.6,1098.6,1098.6,1098.6,0,0,0
2019-12-19 11:56:00-05:00,1098.6,1098.6,1098.6,1098.6,0,0,0
2019-12-19 11:57:00-05:00,1098.6,1098.6,1098.6,1098.6,0,0,0
2019-12-19 11:58:00-05:00,1098.6,1098.6,1098.6,1098.6,0,0,0
2019-12-19 11:59:00-05:00,1098.6,1098.6,1098.6,1098.6,0,0,0
2019-12-20 09:30:00-05:00,1103.3,1103.3,1103.14,1103.27,0,0,0
2019-12-20 09:31:00-05:00,1103.28,1103.34,1103.2,1103.34,0,0,0
2019-12-20 09:32:00-05:00,1103.23,1103.33,1103.19,1103.25,0,0,0
2019-12-20 09:33:00-05:00,1103.3,1104.16,1103.23,1103.32,0,0,0
2019-12-20 09:34:00-05:00,1103.28,1103.36,1103.28,1103.36,0,0,0
2019-12-20 09:35:00-05:00,1103.36,1103.41,1103.33,1103.4,0,0,0
2019-12-20 09:36:00-05:00,1103.37,1103.41,1103.37,1103.4,0,0,0
2019-12-20 09:37:00-05:00,1103.41,1104.54,1103.33,1104.54,0,0,0
2019-12-20 09:38:00-05:00,1104.54,1104.54,1103.47,1103.54,0,0,0
2019-12-20 09:39:00-05:00,1103.59,1103.71,1103.37,1103.54,0,0,0
2019-12-20 09:40:00-05:00,1103.53,1103.53,1103.37,1103.37,0,0,0
2019-12-20 09:41:00-05:00,1103.61,1103.61,1103.23,1103.23,0,0,0
2019-12-20 09:42:00-05:00,1103.45,1104.07,1103.45,1103.52,0,0,0
2019-12-20 09:43:00-05:00,1103.52,1103.86,1103.52,1103.86,0,0,0
2019-12-20 09:44:00-05:00,1103.86,1103.89,1103.86,1103.89,0,0,0
2019-12-20 09:45:00-05:00,1103.89,1103.92,1103.89,1103.92,0,0,0
2019-12-20 09:46:00-05:00,1103.92,1103.92,1103.92,1103.92,0,0,0
2019-12-20 09:47:00-05:00,1103.92,1103.92,1103.92,1103.92,0,0,0
2019-12-20 09:48:00-05:00,1103.92,1104.09,1103.92,1104.09,0,0,0
2019-12-20 09:49:00-05:00,1104.09,1104.47,1104.09,1104.47,0,0,0
2019-12-20 09:50:00-05:00,1104.47,1104.47,1104.47,1104.47,0,0,0
2019-12-20 09:51:00-05:00,1104.47,1104.47,1104.31,1104.47,0,0,0
2019-12-20 09:52:00-05:00,1104.47,1104.47,1104.28,1104.28,0,0,0
2019-12-20 09:53:00-05:00,1104.31,1104.33,1104.31,1104.33,0,0,0
2019-12-20 09:54:00-05:00,1104.62,1104.62,1104.41,1104.42,0,0,0
2019-12-20 09:55:00-05:00,1104.42,1104.54,1104.42,1104.45,0,0,0
2019-12-20 09:56:00-05:00,1104.45,1104.45,1104.44,1104.44,0,0,0
2019-12-20 09:57:00-05:00,1104.44,1104.44,1103.97,1104.11,0,0,0
2019-12-20 09:58:00-05:00,1104.11,1104.37,1104.09,1104.37,0,0,0
2019-12-20 09:59:00-05:00,1104.37,1104.37,1104.37,1104.37,0,0,0
2019-12-20 10:00:00-05:00,1104.37,1104.37,1104.34,1104.34,0,0,0
2019-12-20 10:01:00-05:00,1104.34,1104.34,1104.3,1104.3,0,0,0
2019-12-20 10:02:00-05:00,1104.3,1104.3,1104.18,1104.25,0,0,0
2019-12-20 10:03:00-05:00,1104.25,1104.28,1104.24,1104.28,0,0,0
2019-12-20 10:04:00-05:00,1104.28,1104.28,1104.25,1104.27,0,0,0
2019-12-20 10:05:00-05:00,1104.27,1104.53,1104.27,1104.53,0,0,0
2019-12-20 10:06:00-05:00,1104.5,1104.51,1104.46,1104.46,0,0,0
2019-12-20 10:07:00-05:00,1104.46,1104.59,1104.46,1104.58,0,0,0
2019-12-20 10:08:00-05:00,1104.58,1104.58,1104.58,1104.58,0,0,0
2019-12-20 10:09:00-05:00,1104.58,1104.58,1104.47,1104.47,0,0,0
2019-12-20 10:10:00-05:00,1104.47,1104.59,1104.47,1104.59,0,0,0
2019-12-20 10:11:00-05:00,1104.59,1104.63,1104.59,1104.63,0,0,0
2019-12-20 10:12:00-05:00,1104.63,1104.86,1104.5,1104.53,0,0,0
2019-12-20 10:13:00-05:00,1104.54,1104.59,1104.54,1104.59,0,0,0
2019-12-20 10:14:00-05:00,1104.59,1104.59,1104.58,1104.59,0,0,0
2019-12-20 10:15:00-05:00,1104.59,1104.69,1104.15,1104.15,0,0,0
2019-12-20 10:16:00-05:00,1104.29,1104.29,1104.1,1104.21,0,0,0
2019-12-20 10:17:00-05:00,1104.22,1104.74,1104.14,1104.74,0,0,0
2019-12-20 10:18:00-05:00,1104.2,1104.2,1104.12,1104.12,0,0,0
2019-12-20 10:19:00-05:00,1104.12,1104.25,1104.12,1104.14,0,0,0
2019-12-20 10:20:00-05:00,1104.26,1104.26,1104.15,1104.15,0,0,0
2019-12-20 10:21:00-05:00,1104.2,1104.22,1104.13,1104.16,0,0,0
2019-12-20 10:22:00-05:00,1104.16,1105.24,1104.15,1104.19,0,0,0
2019-12-20 10:23:00-05:00,1104.2,1104.29,1104.2,1104.29,0,0,0
2019-12-20 10:24:00-05:00,1104.3,1104.33,1104.24,1104.25,0,0,0
2019-12-20 10:25:00-05:00,1104.24,1104.35,1104.24,1104.25,0,0,0
2019-12-20 10:26:00-05:00,1104.25,1104.42,1104.24,1104.33,0,0,0
2019-12-20 10:27:00-05:00,1104.33,1104.39,1104.16,1104.34,0,0,0
2019-12-20 10:28:00-05:00,1104.25,1104.32,1104.18,1104.32,0,0,0
2019-12-20 10:29:00-05:00,1104.32,1104.34,1104.24,1104.24,0,0,0
2019-12-20 10:30:00-05:00,1104.24,1104.35,1104.24,1104.35,0,0,0
2019-12-20 10:31:00-05:00,1104.35,1104.37,1104.3,1104.34,0,0,0
2019-12-20 10:32:00-05:00,1104.34,1104.36,1104.32,1104.32,0,0,0
2019-12-20 10:33:00-05:00,1104.35,1104.4,1104.31,1104.4,0,0,0
2019-12-20 10:34:00-05:00,1104.37,1104.39,1104.33,1104.39,0,0,0
2019-12-20 10:35:00-05:00,1104.38,1104.43,1104.3,1104.38,0,0,0
2019-12-20 10:36:00-05:00,1104.4,1104.4,1104.38,1104.4,0,0,0
2019-12-20 10:37:00-05:00,1104.4,1105.17,1104.4,1104.4,0,0,0
2019-12-20 10:38:00-05:00,1104.46,1104.46,1104.4,1104.4,0,0,0
2019-12-20 10:39:00-05:00,1104.57,1105.01,1104.57,1104.78,0,0,0
2019-12-20 10:40:00-05:00,1104.78,1104.78,1104.4,1104.43,0,0,0
2019-12-20 10:41:00-05:00,1104.43,1104.6,1104.43,1104.6,0,0,0
2019-12-20 10:42:00-05:00,1104.6,1104.87,1104.6,1104.64,0,0,0
2019-12-20 10:43:00-05:00,1104.64,1104.65,1104.43,1104.43,0,0,0
2019-12-20 10:44:00-05:00,1104.44,1104.44,1104.41,1104.41,0,0,0
2019-12-20 10:45:00-05:00,1104.41,1104.89,1104.41,1104.65,0,0,0
2019-12-20 10:46:00-05:00,1104.43,1104.69,1104.4,1104.62,0,0,0
2019-12-20 10:47:00-05:00,1104.59,1104.59,1104.4,1104.55,0,0,0
2019-12-20 10:48:00-05:00,1104.34,1104.52,1104.34,1104.4,0,0,0
2019-12-20 10:49:00-05:00,1104.34,1104.4,1104.33,1104.38,0,0,0
2019-12-20 10:50:00-05:00,1104.38,1104.4,1104.32,1104.36,0,0,0
2019-12-20 10:51:00-05:00,1104.44,1104.88,1104.25,1104.25,0,0,0
2019-12-20 10:52:00-05:00,1104.23,1104.33,1104.08,1104.19,0,0,0
2019-12-20 10:53:00-05:00,1104.19,1104.49,1104.19,1104.49,0,0,0
2019-12-20 10:54:00-05:00,1104.2,1104.4,1104.19,1104.4,0,0,0
2019-12-20 10:55:00-05:00,1104.4,1104.86,1104.09,1104.86,0,0,0
2019-12-20 10:56:00-05:00,1104.31,1104.31,1104.04,1104.24,0,0,0
2019-12-20 10:57:00-05:00,1104.02,1104.23,1104.02,1104.14,0,0,0
2019-12-20 10:58:00-05:00,1104.04,1104.13,1103.92,1103.92,0,0,0
2019-12-20 10:59:00-05:00,1103.96,1104.05,1103.93,1104.0,0,0,0
2019-12-20 11:00:00-05:00,1104.15,1104.57,1104.03,1104.03,0,0,0
2019-12-20 11:01:00-05:00,1104.03,1104.86,1104.03,1104.3,0,0,0
2019-12-20 11:02:00-05:00,1104.3,1104.36,1104.16,1104.16,0,0,0
2019-12-20 11:03:00-05:00,1104.16,1104.16,1104.16,1104.16,0,0,0
2019-12-20 11:04:00-05:00,1104.0,1104.16,1104.0,1104.0,0,0,0
2019-12-20 11:05:00-05:00,1104.0,1104.86,1104.0,1104.26,0,0,0
2019-12-20 11:06:00-05:00,1104.26,1104.48,1104.26,1104.48,0,0,0
2019-12-20 11:07:00-05:00,1104.48,1104.59,1104.47,1104.58,0,0,0
2019-12-20 11:08:00-05:00,1104.58,1104.75,1104.58,1104.59,0,0,0
2019-12-20 11:09:00-05:00,1104.59,1104.64,1104.59,1104.61,0,0,0
2019-12-20 11:10:00-05:00,1104.47,1104.62,1104.47,1104.58,0,0,0
2019-12-20 11:11:00-05:00,1104.58,1104.58,1104.47,1104.56,0,0,0
2019-12-20 11:12:00-05:00,1104.55,1104.55,1104.53,1104.53,0,0,0
2019-12-20 11:13:00-05:00,1104.53,1104.53,1104.53,1104.53,0,0,0
2019-12-20 11:15:00-05:00,1104.47,1104.49,1104.47,1104.49,0,0,0
2019-12-20 11:16:00-05:00,1104.7,1104.7,1104.51,1104.51,0,0,0
2019-12-20 11:17:00-05:00,1104.51,1104.51,1104.5,1104.5,0,0,0
2019-12-20 11:18:00-05:00,1104.5,1104.59,1104.5,1104.59,0,0,0
2019-12-20 11:19:00-05:00,1104.59,1104.59,1104.53,1104.53,0,0,0
2019-12-20 11:20:00-05:00,1104.53,1104.53,1104.53,1104.53,0,0,0
2019-12-20 11:21:00-05:00,1104.51,1104.51,1104.48,1104.48,0,0,0
2019-12-20 11:22:00-05:00,1104.45,1104.57,1104.45,1104.56,0,0,0
2019-12-20 11:23:00-05:00,1104.56,1104.68,1104.56,1104.68,0,0,0
2019-12-20 11:24:00-05:00,1104.68,1104.68,1104.61,1104.61,0,0,0
2019-12-20 11:25:00-05:00,1104.61,1104.61,1104.61,1104.61,0,0,0
2019-12-20 11:26:00-05:00,1104.51,1104.51,1104.5,1104.5,0,0,0
2019-12-20 11:27:00-05:00,1104.5,1104.5,1104.5,1104.5,0,0,0
2019-12-20 11:28:00-05:00,1104.51,1104.61,1104.51,1104.61,0,0,0
2019-12-20 11:29:00-05:00,1104.61,1105.01,1104.61,1104.72,0,0,0
2019-12-20 11:30:00-05:00,1104.73,1105.17,1104.73,1105.0,0,0,0
2019-12-20 11:31:00-05:00,1105.0,1105.0,1104.86,1104.86,0,0,0
2019-12-20 11:32:00-05:00,1104.86,1104.86,1104.85,1104.85,0,0,0
2019-12-20 11:33:00-05:00,1104.84,1105.17,1104.84,1105.01,0,0,0
2019-12-20 11:34:00-05:00,1105.01,1105.17,1104.87,1105.17,0,0,0
2019-12-20 11:35:00-05:00,1105.17,1105.17,1105.17,1105.17,0,0,0
2019-12-20 11:36:00-05:00,1104.89,1105.32,1104.89,1105.08,0,0,0
2019-12-20 11:37:00-05:00,1105.08,1105.18,1105.08,1105.18,0,0,0
2019-12-20 11:38:00-05:00,1105.18,1105.48,1105.18,1105.48,0,0,0
2019-12-20 11:39:00-05:00,1105.48,1105.48,1105.2,1105.21,0,0,0
2019-12-20 11:40:00-05:00,1105.21,1105.23,1105.21,1105.23,0,0,0
2019-12-20 11:41:00-05:00,1105.23,1105.23,1105.23,1105.23,0,0,0
2019-12-20 11:43:00-05:00,1105.23,1105.23,1105.23,1105.23,0,0,0
2019-12-20 11:44:00-05:00,1105.23,1105.23,1105.23,1105.23,0,0,0
2019-12-20 11:45:00-05:00,1104.35,1104.35,1104.35,1104.35,0,0,0
2019-12-20 11:46:00-05:00,1104.35,1104.35,1104.35,1104.35,0,0,0
2019-12-20 11:47:00-05:00,1104.35,1104.35,1104.35,1104.35,0,0,0
2019-12-20 11:48:00-05:00,1104.35,1104.35,1104.35,1104.35,0,0,0
2019-12-20 11:49:00-05:00,1104.35,1104.35,1104.35,1104.35,0,0,0
2019-12-20 11:50:00-05:00,1104.35,1104.35,1104.35,1104.35,0,0,0
2019-12-20 11:51:00-05:00,1104.35,1104.35,1104.35,1104.35,0,0,0
2019-12-20 11:52:00-05:00,1104.35,1104.35,1104.35,1104.35,0,0,0
2019-12-20 11:53:00-05:00,1104.35,1104.35,1104.35,1104.35,0,0,0
2019-12-20 11:54:00-05:00,1104.35,1104.35,1104.35,1104.35,0,0,0
2019-12-20 11:55:00-05:00,1104.35,1104.35,1104.35,1104.35,0,0,0
2019-12-20 11:56:00-05:00,1104.35,1104.35,1104.35,1104.35,0,0,0
2019-12-20 11:57:00-05:00,1104.35,1104.35,1104.35,1104.35,0,0,0
2019-12-20 11:58:00-05:00,1104.35,1104.35,1104.35,1104.35,0,0,0
2019-12-20 11:59:00-05:00,1104.35,1104.35,1104.35,1104.35,0,0,0
2019-12-23 09:30:00-05:00,1103.34,1103.34,1103.34,1103.34,0,0,0
2019-12-23 09:31:00-05:00,1103.34,1103.37,1103.34,1103.37,0,0,0
2019-12-23 09:33:00-05:00,1103.35,1103.35,1103.33,1103.33,0,0,0
2019-12-23 09:34:00-05:00,1103.43,1103.43,1103.33,1103.36,0,0,0
2019-12-23 09:35:00-05:00,1103.36,1103.45,1103.36,1103.4,0,0,0
2019-12-23 09:36:00-05:00,1103.42,1103.45,1103.42,1103.44,0,0,0
2019-12-23 09:37:00-05:00,1103.44,1103.44,1103.44,1103.44,0,0,0
2019-12-23 09:38:00-05:00,1103.61,1103.61,1103.61,1103.61,0,0,0
2019-12-23 09:39:00-05:00,1103.61,1103.61,1103.61,1103.61,0,0,0
2019-12-23 09:40:00-05:00,1103.61,1103.61,1103.47,1103.5,0,0,0
2019-12-23 09:41:00-05:00,1103.5,1103.54,1103.44,1103.44,0,0,0
2019-12-23 09:42:00-05:00,1103.44,1103.48,1103.36,1103.44,0,0,0
2019-12-23 09:43:00-05:00,1103.44,1103.44,1103.34,1103.34,0,0,0
2019-12-23 09:44:00-05:00,1103.42,1103.47,1103.42,1103.47,0,0,0
2019-12-23 09:45:00-05:00,1103.47,1103.54,1103.47,1103.54,0,0,0
2019-12-23 09:46:00-05:00,1103.54,1103.54,1103.4,1103.41,0,0,0
2019-12-23 09:47:00-05:00,1103.41,1103.54,1103.41,1103.54,0,0,0
2019-12-23 09:48:00-05:00,1103.4,1103.4,1103.29,1103.31,0,0,0
2019-12-23 09:49:00-05:00,1103.28,1103.42,1103.28,1103.42,0,0,0
2019-12-23 09:50:00-05:00,1103.42,1103.42,1102.91,1103.27,0,0,0
2019-12-23 09:51:00-05:00,1103.26,1103.26,1102.94,1103.05,0,0,0
2019-12-23 09:52:00-05:00,1103.11,1103.12,1103.0,1103.04,0,0,0
2019-12-23 09:53:00-05:00,1103.05,1103.12,1103.0,1103.04,0,0,0
2019-12-23 09:54:00-05:00,1102.99,1103.04,1102.98,1102.98,0,0,0
2019-12-23 09:55:00-05:00,1103.03,1103.03,1102.84,1102.94,0,0,0
2019-12-23 09:56:00-05:00,1102.94,1103.01,1102.89,1102.89,0,0,0
2019-12-23 09:57:00-05:00,1102.89,1103.0,1102.89,1102.99,0,0,0
2019-12-23 09:58:00-05:00,1102.99,1103.0,1102.92,1102.98,0,0,0
2019-12-23 09:59:00-05:00,1102.98,1102.98,1102.95,1102.98,0,0,0
2019-12-23 10:00:00-05:00,1103.07,1103.12,1103.01,1103.02,0,0,0
2019-12-23 10:01:00-05:00,1103.09,1103.09,1102.99,1103.0,0,0,0
2019-12-23 10:02:00-05:00,1103.07,1103.1,1103.05,1103.07,0,0,0
2019-12-23 10:03:00-05:00,1103.06,1103.08,1103.06,1103.08,0,0,0
2019-12-23 10:04:00-05:00,1103.08,1103.1,1103.08,1103.1,0,0,0
2019-12-23 10:05:00-05:00,1103.08,1103.25,1103.08,1103.25,0,0,0
2019-12-23 10:06:00-05:00,1103.25,1103.41,1103.08,1103.08,0,0,0
2019-12-23 10:07:00-05:00,1103.08,1103.08,1103.08,1103.08,0,0,0
2019-12-23 10:08:00-05:00,1103.25,1103.28,1103.12,1103.19,0,0,0
2019-12-23 10:09:00-05:00,1103.09,1103.16,1103.09,1103.12,0,0,0
2019-12-23 10:10:00-05:00,1103.15,1103.15,1103.11,1103.11,0,0,0
2019-12-23 10:11:00-05:00,1103.11,1103.26,1103.11,1103.26,0,0,0
2019-12-23 10:12:00-05:00,1103.26,1103.61,1103.22,1103.23,0,0,0
2019-12-23 10:13:00-05:00,1103.22,1103.39,1103.22,1103.29,0,0,0
2019-12-23 10:14:00-05:00,1103.3,1103.52,1103.3,1103.36,0,0,0
2019-12-23 10:15:00-05:00,1103.36,1103.4,1103.29,1103.29,0,0,0
2019-12-23 10:16:00-05:00,1103.29,1103.37,1103.29,1103.36,0,0,0
2019-12-23 10:17:00-05:00,1103.36,1103.36,1103.35,1103.35,0,0,0
2019-12-23 10:18:00-05:00,1103.28,1103.35,1103.28,1103.35,0,0,0
2019-12-23 10:19:00-05:00,1103.33,1103.35,1103.28,1103.28,0,0,0
2019-12-23 10:20:00-05:00,1103.28,1103.36,1103.28,1103.35,0,0,0
2019-12-23 10:21:00-05:00,1103.36,1103.39,1103.27,1103.38,0,0,0
2019-12-23 10:22:00-05:00,1103.28,1103.39,1103.28,1103.28,0,0,0
2019-12-23 10:23:00-05:00,1103.38,1103.38,1103.29,1103.34,0,0,0
2019-12-23 10:24:00-05:00,1103.37,1103.37,1103.22,1103.32,0,0,0
2019-12-23 10:25:00-05:00,1103.22,1103.31,1103.22,1103.29,0,0,0
2019-12-23 10:26:00-05:00,1103.24,1103.32,1103.22,1103.31,0,0,0
2019-12-23 10:27:00-05:00,1103.23,1103.29,1103.23,1103.28,0,0,0
2019-12-23 10:28:00-05:00,1103.28,1103.32,1103.23,1103.23,0,0,0
2019-12-23 10:29:00-05:00,1103.29,1103.3,1103.23,1103.29,0,0,0
2019-12-23 10:30:00-05:00,1103.3,1103.3,1103.2,1103.22,0,0,0
2019-12-23 10:31:00-05:00,1103.22,1103.36,1103.22,1103.33,0,0,0
2019-12-23 10:32:00-05:00,1103.28,1103.39,1103.26,1103.35,0,0,0
2019-12-23 10:33:00-05:00,1103.36,1103.66,1103.32,1103.33,0,0,0
2019-12-23 10:34:00-05:00,1103.34,1103.38,1103.34,1103.36,0,0,0
2019-12-23 10:35:00-05:00,1103.36,1103.68,1103.36,1103.48,0,0,0
2019-12-23 10:36:00-05:00,1103.47,1103.51,1103.34,1103.42,0,0,0
2019-12-23 10:37:00-05:00,1103.44,1103.47,1103.41,1103.41,0,0,0
2019-12-23 10:38:00-05:00,1103.44,1103.46,1103.42,1103.45,0,0,0
2019-12-23 10:39:00-05:00,1103.37,1103.45,1103.37,1103.43,0,0,0
2019-12-23 10:40:00-05:00,1103.43,1103.46,1103.42,1103.46,0,0,0
2019-12-23 10:41:00-05:00,1103.47,1103.47,1103.38,1103.47,0,0,0
2019-12-23 10:42:00-05:00,1103.46,1103.53,1103.44,1103.44,0,0,0
2019-12-23 10:43:00-05:00,1103.47,1103.52,1103.46,1103.48,0,0,0
2019-12-23 10:44:00-05:00,1103.48,1103.48,1103.38,1103.47,0,0,0
2019-12-23 10:45:00-05:00,1103.47,1103.53,1103.4,1103.53,0,0,0
2019-12-23 10:46:00-05:00,1103.47,1103.48,1103.44,1103.47,0,0,0
2019-12-23 10:47:00-05:00,1103.51,1103.51,1103.45,1103.48,0,0,0
2019-12-23 10:48:00-05:00,1103.47,1103.47,1103.38,1103.45,0,0,0
2019-12-23 10:49:00-05:00,1103.41,1103.45,1103.41,1103.44,0,0,0
2019-12-23 10:50:00-05:00,1103.45,1103.47,1103.4,1103.4,0,0,0
2019-12-23 10:51:00-05:00,1103.4,1103.45,1103.4,1103.44,0,0,0
2019-12-23 10:52:00-05:00,1103.44,1103.44,1103.38,1103.4,0,0,0
2019-12-23 10:53:00-05:00,1103.41,1103.45,1103.41,1103.44,0,0,0
2019-12-23 10:54:00-05:00,1103.44,1103.49,1103.44,1103.49,0,0,0
2019-12-23 10:55:00-05:00,1103.45,1103.83,1103.45,1103.51,0,0,0
2019-12-23 10:56:00-05:00,1103.51,1103.52,1103.43,1103.51,0,0,0
2019-12-23 10:57:00-05:00,1103.39,1103.49,1103.39,1103.4,0,0,0
2019-12-23 10:58:00-05:00,1103.44,1103.45,1103.39,1103.44,0,0,0
2019-12-23 10:59:00-05:00,1103.44,1103.45,1103.38,1103.44,0,0,0
2019-12-23 11:00:00-05:00,1103.39,1103.45,1103.39,1103.45,0,0,0
2019-12-23 11:01:00-05:00,1103.45,1103.6,1103.42,1103.42,0,0,0
2019-12-23 11:02:00-05:00,1103.46,1103.46,1103.46,1103.46,0,0,0
2019-12-23 11:03:00-05:00,1103.72,1103.72,1103.72,1103.72,0,0,0
2019-12-23 11:04:00-05:00,1103.72,1103.72,1103.72,1103.72,0,0,0
2019-12-23 11:05:00-05:00,1103.72,1103.74,1103.72,1103.74,0,0,0
2019-12-23 11:06:00-05:00,1103.77,1103.77,1103.77,1103.77,0,0,0
2019-12-23 11:08:00-05:00,1103.77,1103.77,1103.77,1103.77,0,0,0
2019-12-23 11:09:00-05:00,1103.77,1103.77,1103.77,1103.77,0,0,0
2019-12-23 11:10:00-05:00,1103.77,1103.77,1103.77,1103.77,0,0,0
2019-12-23 11:11:00-05:00,1103.77,1103.77,1103.77,1103.77,0,0,0
2019-12-23 11:12:00-05:00,1103.77,1103.77,1103.77,1103.77,0,0,0
2019-12-23 11:13:00-05:00,1103.77,1103.77,1103.77,1103.77,0,0,0
2019-12-23 11:14:00-05:00,1103.77,1103.77,1103.77,1103.77,0,0,0
2019-12-23 11:15:00-05:00,1103.77,1103.77,1103.77,1103.77,0,0,0
2019-12-23 11:16:00-05:00,1103.77,1103.77,1103.77,1103.77,0,0,0
2019-12-23 11:17:00-05:00,1103.77,1103.77,1103.77,1103.77,0,0,0
2019-12-23 11:18:00-05:00,1103.77,1103.77,1103.77,1103.77,0,0,0
2019-12-23 11:19:00-05:00,1103.77,1103.77,1103.77,1103.77,0,0,0
2019-12-23 11:20:00-05:00,1103.77,1103.77,1103.77,1103.77,0,0,0
2019-12-23 11:21:00-05:00,1103.77,1103.77,1103.77,1103.77,0,0,0
2019-12-23 11:22:00-05:00,1103.77,1103.78,1103.77,1103.78,0,0,0
2019-12-23 11:23:00-05:00,1103.78,1103.82,1103.78,1103.78,0,0,0
2019-12-23 11:24:00-05:00,1103.78,1103.78,1103.75,1103.75,0,0,0
2019-12-23 11:25:00-05:00,1103.75,1103.75,1103.74,1103.74,0,0,0
2019-12-23 11:26:00-05:00,1103.75,1103.75,1103.74,1103.75,0,0,0
2019-12-23 11:27:00-05:00,1103.75,1103.75,1103.7,1103.7,0,0,0
2019-12-23 11:28:00-05:00,1103.7,1103.7,1103.7,1103.7,0,0,0
2019-12-23 11:29:00-05:00,1103.7,1103.7,1103.7,1103.7,0,0,0
2019-12-23 11:30:00-05:00,1103.7,1103.76,1103.7,1103.76,0,0,0
2019-12-23 11:31:00-05:00,1103.76,1103.79,1103.76,1103.79,0,0,0
2019-12-23 11:33:00-05:00,1103.81,1103.81,1103.81,1103.81,0,0,0
2019-12-23 11:35:00-05:00,1103.78,1103.78,1103.78,1103.78,0,0,0
2019-12-23 11:36:00-05:00,1103.78,1103.78,1103.78,1103.78,0,0,0
2019-12-23 11:37:00-05:00,1103.78,1103.78,1103.78,1103.78,0,0,0
2019-12-23 11:38:00-05:00,1103.78,1103.78,1103.78,1103.78,0,0,0
2019-12-23 11:40:00-05:00,1103.74,1103.74,1103.74,1103.74,0,0,0
2019-12-23 11:41:00-05:00,1103.74,1103.76,1103.72,1103.73,0,0,0
2019-12-23 11:42:00-05:00,1103.73,1103.74,1103.72,1103.72,0,0,0
2019-12-23 11:43:00-05:00,1103.72,1103.72,1103.72,1103.72,0,0,0
2019-12-23 11:44:00-05:00,1103.72,1103.72,1103.69,1103.69,0,0,0
2019-12-23 11:45:00-05:00,1104.73,1104.73,1104.73,1104.73,0,0,0
2019-12-23 11:46:00-05:00,1104.73,1104.73,1104.73,1104.73,0,0,0
2019-12-23 11:47:00-05:00,1104.73,1104.73,1104.73,1104.73,0,0,0
2019-12-23 11:48:00-05:00,1104.73,1104.73,1104.73,1104.73,0,0,0
2019-12-23 11:49:00-05:00,1104.73,1104.73,1104.73,1104.73,0,0,0
2019-12-23 11:50:00-05:00,1104.73,1104.73,1104.73,1104.73,0,0,0
2019-12-23 11:51:00-05:00,1104.73,1104.73,1104.73,1104.73,0,0,0
2019-12-23 11:52:00-05:00,1104.73,1104.73,1104.73,1104.73,0,0,0
2019-12-23 11:53:00-05:00,1104.73,1104.73,1104.73,1104.73,0,0,0
2019-12-23 11:54:00-05:00,1104.73,1104.73,1104.73,1104.73,0,0,0
2019-12-23 11:55:00-05:00,1104.73,1104.73,1104.73,1104.73,0,0,0
2019-12-23 11:56:00-05:00,1104.73,1104.73,1104.73,1104.73,0,0,0
2019-12-23 11:57:00-05:00,1104.73,1104.73,1104.73,1104.73,0,0,0
2019-12-23 11:58:00-05:00,1104.73,1104.73,1104.73,1104.73,0,0,0
2019-12-23 11:59:00-05:00,1104.73,1104.73,1104.73,1104.73,0,0,0
2019-12-24 09:30:00-05:00,1103.66,1103.67,1103.64,1103.67,0,0,0
2019-12-24 09:31:00-05:00,1103.67,1103.67,1103.63,1103.67,0,0,0
2019-12-24 09:32:00-05:00,1103.67,1103.93,1103.67,1103.71,0,0,0
2019-12-24 09:33:00-05:00,1103.72,1103.73,1103.64,1103.71,0,0,0
2019-12-24 09:34:00-05:00,1103.71,1103.74,1103.7,1103.74,0,0,0
2019-12-24 09:35:00-05:00,1103.74,1103.82,1103.74,1103.82,0,0,0
2019-12-24 09:36:00-05:00,1103.82,1103.82,1103.63,1103.63,0,0,0
2019-12-24 09:37:00-05:00,1103.62,1103.62,1103.57,1103.59,0,0,0
2019-12-24 09:38:00-05:00,1103.59,1103.59,1103.57,1103.58,0,0,0
2019-12-24 09:39:00-05:00,1103.55,1103.55,1103.54,1103.54,0,0,0
2019-12-24 09:40:00-05:00,1103.69,1103.78,1103.54,1103.61,0,0,0
2019-12-24 09:41:00-05:00,1103.61,1103.61,1103.53,1103.58,0,0,0
2019-12-24 09:42:00-05:00,1103.54,1103.59,1103.54,1103.58,0,0,0
2019-12-24 09:43:00-05:00,1103.93,1103.93,1103.58,1103.71,0,0,0
2019-12-24 09:44:00-05:00,1103.66,1103.68,1103.63,1103.63,0,0,0
2019-12-24 09:45:00-05:00,1103.67,1103.68,1103.63,1103.67,0,0,0
2019-12-24 09:46:00-05:00,1103.67,1103.67,1103.64,1103.66,0,0,0
2019-12-24 09:47:00-05:00,1103.63,1103.66,1103.63,1103.64,0,0,0
2019-12-24 09:48:00-05:00,1103.64,1103.74,1103.63,1103.64,0,0,0
2019-12-24 09:49:00-05:00,1103.65,1103.65,1103.54,1103.6,0,0,0
2019-12-24 09:50:00-05:00,1103.6,1103.6,1103.53,1103.54,0,0,0
2019-12-24 09:51:00-05:00,1103.54,1103.57,1103.52,1103.52,0,0,0
2019-12-24 09:52:00-05:00,1103.52,1103.7,1103.52,1103.57,0,0,0
2019-12-24 09:53:00-05:00,1103.53,1103.72,1103.53,1103.53,0,0,0
2019-12-24 09:54:00-05:00,1103.53,1103.78,1103.53,1103.58,0,0,0
2019-12-24 09:55:00-05:00,1103.62,1103.78,1103.58,1103.58,0,0,0
2019-12-24 09:56:00-05:00,1103.6,1103.6,1103.55,1103.56,0,0,0
2019-12-24 09:57:00-05:00,1103.57,1103.6,1103.54,1103.58,0,0,0
2019-12-24 09:58:00-05:00,1103.58,1103.58,1103.53,1103.58,0,0,0
2019-12-24 09:59:00-05:00,1103.58,1103.58,1103.53,1103.53,0,0,0
2019-12-24 10:00:00-05:00,1103.53,1103.6,1103.53,1103.58,0,0,0
2019-12-24 10:01:00-05:00,1103.58,1103.59,1103.55,1103.59,0,0,0
2019-12-24 10:02:00-05:00,1103.59,1103.67,1103.58,1103.66,0,0,0
2019-12-24 10:03:00-05:00,1103.66,1103.78,1103.66,1103.78,0,0,0
2019-12-24 10:04:00-05:00,1103.78,1103.78,1103.76,1103.77,0,0,0
2019-12-24 10:05:00-05:00,1103.78,1103.78,1103.78,1103.78,0,0,0
2019-12-24 10:06:00-05:00,1103.78,1103.78,1103.78,1103.78,0,0,0
2019-12-24 10:07:00-05:00,1103.78,1103.78,1103.78,1103.78,0,0,0
2019-12-24 10:08:00-05:00,1103.78,1103.95,1103.78,1103.95,0,0,0
2019-12-24 10:09:00-05:00,1103.95,1103.98,1103.95,1103.98,0,0,0
2019-12-24 10:10:00-05:00,1103.98,1104.0,1103.98,1104.0,0,0,0
2019-12-24 10:11:00-05:00,1104.0,1104.02,1104.0,1104.02,0,0,0
2019-12-24 10:12:00-05:00,1104.02,1104.07,1104.02,1104.07,0,0,0
2019-12-24 10:13:00-05:00,1104.07,1104.07,1104.02,1104.02,0,0,0
2019-12-24 10:14:00-05:00,1104.02,1104.02,1104.01,1104.01,0,0,0
2019-12-24 10:15:00-05:00,1104.01,1104.01,1104.01,1104.01,0,0,0
2019-12-24 10:16:00-05:00,1104.01,1104.01,1104.0,1104.0,0,0,0
2019-12-24 10:17:00-05:00,1104.0,1104.0,1103.99,1103.99,0,0,0
2019-12-24 10:18:00-05:00,1103.99,1103.99,1103.98,1103.98,0,0,0
2019-12-24 10:19:00-05:00,1103.98,1103.98,1103.97,1103.97,0,0,0
2019-12-24 10:20:00-05:00,1103.97,1103.97,1103.97,1103.97,0,0,0
2019-12-24 10:21:00-05:00,1103.97,1103.97,1103.97,1103.97,0,0,0
2019-12-24 10:22:00-05:00,1103.97,1103.97,1103.97,1103.97,0,0,0
2019-12-24 10:23:00-05:00,1103.97,1103.97,1103.97,1103.97,0,0,0
2019-12-24 10:24:00-05:00,1103.97,1103.97,1103.97,1103.97,0,0,0
2019-12-24 10:25:00-05:00,1103.97,1103.97,1103.97,1103.97,0,0,0
2019-12-24 10:26:00-05:00,1103.97,1103.97,1103.97,1103.97,0,0,0
2019-12-24 10:27:00-05:00,1103.97,1103.97,1103.97,1103.97,0,0,0
2019-12-24 10:28:00-05:00,1103.97,1103.97,1103.97,1103.97,0,0,0
2019-12-24 10:29:00-05:00,1103.97,1103.97,1103.97,1103.97,0,0,0
2019-12-24 10:30:00-05:00,1103.97,1103.97,1103.97,1103.97,0,0,0
2019-12-24 10:31:00-05:00,1103.97,1103.97,1103.97,1103.97,0,0,0
2019-12-24 10:32:00-05:00,1103.97,1103.97,1103.97,1103.97,0,0,0
2019-12-24 10:33:00-05:00,1103.97,1103.97,1103.97,1103.97,0,0,0
2019-12-24 10:34:00-05:00,1103.97,1103.97,1103.97,1103.97,0,0,0
2019-12-24 10:35:00-05:00,1103.97,1103.97,1103.97,1103.97,0,0,0
2019-12-24 10:36:00-05:00,1103.97,1103.97,1103.97,1103.97,0,0,0
2019-12-24 10:37:00-05:00,1103.97,1103.97,1103.97,1103.97,0,0,0
2019-12-24 10:38:00-05:00,1103.97,1103.97,1103.7,1103.93,0,0,0
2019-12-24 10:39:00-05:00,1103.92,1103.92,1103.91,1103.91,0,0,0
2019-12-24 10:40:00-05:00,1103.91,1103.91,1103.88,1103.88,0,0,0
2019-12-24 10:41:00-05:00,1103.88,1103.89,1103.88,1103.89,0,0,0
2019-12-24 10:42:00-05:00,1103.89,1103.89,1103.89,1103.89,0,0,0
2019-12-24 10:43:00-05:00,1103.89,1103.89,1103.89,1103.89,0,0,0
2019-12-24 10:44:00-05:00,1103.89,1103.89,1103.89,1103.89,0,0,0
2019-12-24 10:45:00-05:00,1103.89,1103.89,1103.89,1103.89,0,0,0
2019-12-24 10:46:00-05:00,1103.89,1103.89,1103.89,1103.89,0,0,0
2019-12-24 10:47:00-05:00,1103.89,1103.89,1103.89,1103.89,0,0,0
2019-12-24 10:48:00-05:00,1103.89,1103.89,1103.89,1103.89,0,0,0
2019-12-24 10:49:00-05:00,1103.89,1103.89,1103.89,1103.89,0,0,0
2019-12-24 10:50:00-05:00,1103.89,1103.89,1103.89,1103.89,0,0,0
2019-12-24 10:51:00-05:00,1103.89,1103.89,1103.89,1103.89,0,0,0
2019-12-24 10:52:00-05:00,1103.89,1103.89,1103.89,1103.89,0,0,0
2019-12-24 10:53:00-05:00,1103.89,1103.89,1103.89,1103.89,0,0,0
2019-12-24 10:54:00-05:00,1103.89,1103.89,1103.89,1103.89,0,0,0
2019-12-24 10:55:00-05:00,1103.89,1103.89,1103.89,1103.89,0,0,0
2019-12-24 10:56:00-05:00,1103.89,1103.89,1103.89,1103.89,0,0,0
2019-12-24 10:57:00-05:00,1103.89,1103.89,1103.89,1103.89,0,0,0
2019-12-24 10:58:00-05:00,1103.89,1103.89,1103.89,1103.89,0,0,0
2019-12-24 10:59:00-05:00,1103.89,1103.89,1103.89,1103.89,0,0,0
2019-12-24 11:00:00-05:00,1103.89,1103.89,1103.89,1103.89,0,0,0
2019-12-24 11:01:00-05:00,1103.89,1103.89,1103.89,1103.89,0,0,0
2019-12-24 11:02:00-05:00,1103.89,1103.89,1103.89,1103.89,0,0,0
2019-12-24 11:03:00-05:00,1103.89,1103.89,1103.89,1103.89,0,0,0
2019-12-24 11:04:00-05:00,1103.89,1103.89,1103.89,1103.89,0,0,0
2019-12-24 11:05:00-05:00,1103.89,1103.89,1103.89,1103.89,0,0,0
2019-12-24 11:06:00-05:00,1103.89,1103.89,1103.89,1103.89,0,0,0
2019-12-24 11:07:00-05:00,1103.89,1103.89,1103.89,1103.89,0,0,0
2019-12-24 11:08:00-05:00,1103.89,1103.89,1103.89,1103.89,0,0,0
2019-12-24 11:09:00-05:00,1103.89,1103.89,1103.89,1103.89,0,0,0
2019-12-24 11:10:00-05:00,1103.89,1103.89,1103.89,1103.89,0,0,0
2019-12-24 11:11:00-05:00,1103.89,1103.89,1103.89,1103.89,0,0,0
2019-12-24 11:12:00-05:00,1103.89,1103.89,1103.89,1103.89,0,0,0
2019-12-24 11:13:00-05:00,1103.89,1103.89,1103.89,1103.89,0,0,0
2019-12-24 11:14:00-05:00,1103.89,1103.89,1103.89,1103.89,0,0,0
2019-12-24 11:15:00-05:00,1103.89,1103.89,1103.89,1103.89,0,0,0
2019-12-24 11:16:00-05:00,1103.89,1103.89,1103.89,1103.89,0,0,0
2019-12-24 11:17:00-05:00,1103.89,1103.89,1103.89,1103.89,0,0,0
2019-12-24 11:18:00-05:00,1103.89,1103.89,1103.89,1103.89,0,0,0
2019-12-24 11:19:00-05:00,1103.89,1103.89,1103.89,1103.89,0,0,0
2019-12-24 11:20:00-05:00,1103.89,1103.89,1103.89,1103.89,0,0,0
2019-12-24 11:21:00-05:00,1103.89,1103.89,1103.89,1103.89,0,0,0
2019-12-24 11:22:00-05:00,1103.89,1103.89,1103.89,1103.89,0,0,0
2019-12-24 11:23:00-05:00,1103.89,1103.89,1103.89,1103.89,0,0,0
2019-12-24 11:24:00-05:00,1103.89,1103.89,1103.88,1103.88,0,0,0
2019-12-24 11:25:00-05:00,1103.88,1103.88,1103.88,1103.88,0,0,0
2019-12-24 11:26:00-05:00,1103.88,1103.88,1103.88,1103.88,0,0,0
2019-12-24 11:27:00-05:00,1103.88,1103.88,1103.88,1103.88,0,0,0
2019-12-24 11:28:00-05:00,1103.88,1103.88,1103.87,1103.87,0,0,0
2019-12-24 11:29:00-05:00,1103.87,1103.87,1103.85,1103.85,0,0,0
2019-12-24 11:30:00-05:00,1103.85,1103.85,1103.85,1103.85,0,0,0
2019-12-24 11:31:00-05:00,1103.85,1103.85,1103.85,1103.85,0,0,0
2019-12-24 11:32:00-05:00,1103.84,1103.84,1103.84,1103.84,0,0,0
2019-12-24 11:33:00-05:00,1103.84,1103.84,1103.83,1103.83,0,0,0
2019-12-24 11:34:00-05:00,1103.83,1103.85,1103.83,1103.85,0,0,0
2019-12-24 11:35:00-05:00,1103.85,1103.85,1103.81,1103.81,0,0,0
2019-12-24 11:36:00-05:00,1103.81,1103.83,1103.81,1103.83,0,0,0
2019-12-24 11:37:00-05:00,1103.83,1103.83,1103.83,1103.83,0,0,0
2019-12-24 11:38:00-05:00,1103.83,1103.83,1103.83,1103.83,0,0,0
2019-12-24 11:39:00-05:00,1103.83,1103.83,1103.81,1103.81,0,0,0
2019-12-24 11:40:00-05:00,1103.81,1103.81,1103.81,1103.81,0,0,0
2019-12-24 11:41:00-05:00,1103.81,1103.81,1103.81,1103.81,0,0,0
2019-12-24 11:42:00-05:00,1103.81,1103.81,1103.81,1103.81,0,0,0
2019-12-24 11:43:00-05:00,1103.81,1103.81,1103.81,1103.81,0,0,0
2019-12-24 11:44:00-05:00,1103.81,1103.81,1103.81,1103.81,0,0,0
2019-12-24 11:45:00-05:00,1103.46,1103.46,1103.46,1103.46,0,0,0
2019-12-24 11:46:00-05:00,1103.46,1103.46,1103.46,1103.46,0,0,0
2019-12-24 11:47:00-05:00,1103.46,1103.46,1103.46,1103.46,0,0,0
2019-12-24 11:48:00-05:00,1103.46,1103.46,1103.46,1103.46,0,0,0
2019-12-24 11:49:00-05:00,1103.46,1103.46,1103.46,1103.46,0,0,0
2019-12-24 11:50:00-05:00,1103.46,1103.46,1103.46,1103.46,0,0,0
2019-12-24 11:51:00-05:00,1103.46,1103.46,1103.46,1103.46,0,0,0
2019-12-24 11:52:00-05:00,1103.46,1103.46,1103.46,1103.46,0,0,0
2019-12-24 11:53:00-05:00,1103.46,1103.46,1103.46,1103.46,0,0,0
2019-12-24 11:54:00-05:00,1103.46,1103.46,1103.46,1103.46,0,0,0
2019-12-24 11:55:00-05:00,1103.46,1103.46,1103.46,1103.46,0,0,0
2019-12-24 11:56:00-05:00,1103.46,1103.46,1103.46,1103.46,0,0,0
2019-12-24 11:57:00-05:00,1103.46,1103.46,1103.46,1103.46,0,0,0
2019-12-24 11:58:00-05:00,1103.46,1103.46,1103.46,1103.46,0,0,0
2019-12-24 11:59:00-05:00,1103.46,1103.46,1103.46,1103.46,0,0,0
2019-12-24 11:00:00-05:00,1103.89,1103.89,1103.89,1103.89,0,0,0
2019-12-24 11:01:00-05:00,1103.89,1103.89,1103.89,1103.89,0,0,0
2019-12-24 11:02:00-05:00,1103.89,1103.89,1103.89,1103.89,0,0,0
2019-12-24 11:03:00-05:00,1103.89,1103.89,1103.89,1103.89,0,0,0
2019-12-24 11:04:00-05:00,1103.89,1103.89,1103.89,1103.89,0,0,0
2019-12-24 11:05:00-05:00,1103.89,1103.89,1103.89,1103.89,0,0,0
2019-12-24 11:06:00-05:00,1103.89,1103.89,1103.89,1103.89,0,0,0
2019-12-24 11:07:00-05:00,1103.89,1103.89,1103.89,1103.89,0,0,0
2019-12-24 11:08:00-05:00,1103.89,1103.89,1103.89,1103.89,0,0,0
2019-12-24 11:09:00-05:00,1103.89,1103.89,1103.89,1103.89,0,0,0
2019-12-24 11:10:00-05:00,1103.89,1103.89,1103.89,1103.89,0,0,0
2019-12-24 11:11:00-05:00,1103.89,1103.89,1103.89,1103.89,0,0,0
2019-12-24 11:12:00-05:00,1103.89,1103.89,1103.89,1103.89,0,0,0
2019-12-24 11:13:00-05:00,1103.89,1103.89,1103.89,1103.89,0,0,0
2019-12-24 11:14:00-05:00,1103.89,1103.89,1103.89,1103.89,0,0,0
2019-12-24 11:15:00-05:00,1103.89,1103.89,1103.89,1103.89,0,0,0
2019-12-24 11:16:00-05:00,1103.89,1103.89,1103.89,1103.89,0,0,0
2019-12-24 11:17:00-05:00,1103.89,1103.89,1103.89,1103.89,0,0,0
2019-12-24 11:18:00-05:00,1103.89,1103.89,1103.89,1103.89,0,0,0
2019-12-24 11:19:00-05:00,1103.89,1103.89,1103.89,1103.89,0,0,0
2019-12-24 11:20:00-05:00,1103.89,1103.89,1103.89,1103.89,0,0,0
2019-12-24 11:21:00-05:00,1103.89,1103.89,1103.89,1103.89,0,0,0
2019-12-24 11:22:00-05:00,1103.89,1103.89,1103.89,1103.89,0,0,0
2019-12-24 11:23:00-05:00,1103.89,1103.89,1103.89,1103.89,0,0,0
2019-12-24 11:24:00-05:00,1103.89,1103.89,1103.88,1103.88,0,0,0
2019-12-24 11:25:00-05:00,1103.88,1103.88,1103.88,1103.88,0,0,0
2019-12-24 11:26:00-05:00,1103.88,1103.88,1103.88,1103.88,0,0,0
2019-12-24 11:27:00-05:00,1103.88,1103.88,1103.88,1103.88,0,0,0
2019-12-24 11:28:00-05:00,1103.88,1103.88,1103.87,1103.87,0,0,0
2019-12-24 11:29:00-05:00,1103.87,1103.87,1103.85,1103.85,0,0,0
2019-12-24 11:30:00-05:00,1103.85,1103.85,1103.85,1103.85,0,0,0
2019-12-24 11:31:00-05:00,1103.85,1103.85,1103.85,1103.85,0,0,0
2019-12-24 11:32:00-05:00,1103.84,1103.84,1103.84,1103.84,0,0,0
2019-12-24 11:33:00-05:00,1103.84,1103.84,1103.83,1103.83,0,0,0
2019-12-24 11:34:00-05:00,1103.83,1103.85,1103.83,1103.85,0,0,0
2019-12-24 11:35:00-05:00,1103.85,1103.85,1103.81,1103.81,0,0,0
2019-12-24 11:36:00-05:00,1103.81,1103.83,1103.81,1103.83,0,0,0
2019-12-24 11:37:00-05:00,1103.83,1103.83,1103.83,1103.83,0,0,0
2019-12-24 11:38:00-05:00,1103.83,1103.83,1103.83,1103.83,0,0,0
2019-12-24 11:39:00-05:00,1103.83,1103.83,1103.81,1103.81,0,0,0
2019-12-24 11:40:00-05:00,1103.81,1103.81,1103.81,1103.81,0,0,0
2019-12-24 11:41:00-05:00,1103.81,1103.81,1103.81,1103.81,0,0,0
2019-12-24 11:42:00-05:00,1103.81,1103.81,1103.81,1103.81,0,0,0
2019-12-24 11:43:00-05:00,1103.81,1103.81,1103.81,1103.81,0,0,0
2019-12-24 11:44:00-05:00,1103.81,1103.81,1103.81,1103.81,0,0,0
2019-12-24 11:45:00-05:00,1103.46,1103.46,1103.46,1103.46,0,0,0
2019-12-24 11:46:00-05:00,1103.46,1103.46,1103.46,1103.46,0,0,0
2019-12-24 11:47:00-05:00,1103.46,1103.46,1103.46,1103.46,0,0,0
2019-12-24 11:48:00-05:00,1103.46,1103.46,1103.46,1103.46,0,0,0
2019-12-24 11:49:00-05:00,1103.46,1103.46,1103.46,1103.46,0,0,0
2019-12-24 11:50:00-05:00,1103.46,1103.46,1103.46,1103.46,0,0,0
2019-12-24 11:51:00-05:00,1103.46,1103.46,1103.46,1103.46,0,0,0
2019-12-24 11:52:00-05:00,1103.46,1103.46,1103.46,1103.46,0,0,0
2019-12-24 11:53:00-05:00,1103.46,1103.46,1103.46,1103.46,0,0,0
2019-12-24 11:54:00-05:00,1103.46,1103.46,1103.46,1103.46,0,0,0
2019-12-24 11:55:00-05:00,1103.46,1103.46,1103.46,1103.46,0,0,0
2019-12-24 11:56:00-05:00,1103.46,1103.46,1103.46,1103.46,0,0,0
2019-12-24 11:57:00-05:00,1103.46,1103.46,1103.46,1103.46,0,0,0
2019-12-24 11:58:00-05:00,1103.46,1103.46,1103.46,1103.46,0,0,0
2019-12-24 11:59:00-05:00,1103.46,1103.46,1103.46,1103.46,0,0,0
2019-12-26 09:30:00-05:00,1111.34,1111.34,1111.34,1111.34,0,0,0
2019-12-26 09:31:00-05:00,1111.34,1111.34,1111.34,1111.34,0,0,0
2019-12-26 09:32:00-05:00,1111.34,1111.34,1111.34,1111.34,0,0,0
2019-12-26 09:33:00-05:00,1111.34,1111.34,1111.34,1111.34,0,0,0
2019-12-26 09:34:00-05:00,1111.34,1111.4,1111.34,1111.4,0,0,0
2019-12-26 09:35:00-05:00,1111.4,1111.44,1111.4,1111.44,0,0,0
2019-12-26 09:36:00-05:00,1111.44,1111.46,1111.44,1111.46,0,0,0
2019-12-26 09:37:00-05:00,1111.46,1111.46,1111.46,1111.46,0,0,0
2019-12-26 09:38:00-05:00,1111.48,1111.48,1110.88,1110.88,0,0,0
2019-12-26 09:39:00-05:00,1110.88,1111.38,1110.88,1111.38,0,0,0
2019-12-26 09:40:00-05:00,1111.37,1111.37,1111.36,1111.36,0,0,0
2019-12-26 09:41:00-05:00,1111.36,1111.36,1111.22,1111.22,0,0,0
2019-12-26 09:42:00-05:00,1111.22,1111.28,1111.22,1111.28,0,0,0
2019-12-26 09:43:00-05:00,1111.28,1111.28,1111.25,1111.25,0,0,0
2019-12-26 09:44:00-05:00,1111.25,1111.25,1111.18,1111.18,0,0,0
2019-12-26 09:45:00-05:00,1111.18,1111.18,1111.18,1111.18,0,0,0
2019-12-26 09:46:00-05:00,1111.18,1111.18,1111.18,1111.18,0,0,0
2019-12-26 09:47:00-05:00,1111.18,1111.19,1111.18,1111.19,0,0,0
2019-12-26 09:48:00-05:00,1111.19,1111.19,1111.19,1111.19,0,0,0
2019-12-26 09:49:00-05:00,1111.19,1111.19,1111.18,1111.18,0,0,0
2019-12-26 09:50:00-05:00,1111.18,1111.18,1111.18,1111.18,0,0,0
2019-12-26 09:51:00-05:00,1111.18,1111.18,1110.83,1110.83,0,0,0
2019-12-26 09:52:00-05:00,1110.83,1111.11,1110.83,1111.11,0,0,0
2019-12-26 09:53:00-05:00,1111.11,1111.11,1110.6,1110.94,0,0,0
2019-12-26 09:54:00-05:00,1110.94,1110.94,1110.81,1110.81,0,0,0
2019-12-26 09:55:00-05:00,1110.81,1110.81,1110.75,1110.75,0,0,0
2019-12-26 09:56:00-05:00,1110.75,1110.75,1110.63,1110.63,0,0,0
2019-12-26 09:57:00-05:00,1110.63,1110.63,1110.58,1110.58,0,0,0
2019-12-26 09:58:00-05:00,1110.58,1110.58,1110.56,1110.56,0,0,0
2019-12-26 09:59:00-05:00,1110.56,1110.61,1110.56,1110.61,0,0,0
2019-12-26 10:00:00-05:00,1110.61,1110.61,1110.61,1110.61,0,0,0
2019-12-26 10:01:00-05:00,1110.61,1110.61,1110.61,1110.61,0,0,0
2019-12-26 10:02:00-05:00,1110.61,1110.61,1110.05,1110.57,0,0,0
2019-12-26 10:03:00-05:00,1110.57,1110.57,1110.55,1110.55,0,0,0
2019-12-26 10:04:00-05:00,1110.55,1110.55,1110.21,1110.42,0,0,0
2019-12-26 10:05:00-05:00,1110.42,1110.68,1110.36,1110.68,0,0,0
2019-12-26 10:06:00-05:00,1110.68,1110.68,1110.48,1110.48,0,0,0
2019-12-26 10:07:00-05:00,1110.52,1110.55,1110.52,1110.55,0,0,0
2019-12-26 10:08:00-05:00,1110.55,1110.62,1110.55,1110.62,0,0,0
2019-12-26 10:09:00-05:00,1110.62,1110.65,1110.62,1110.65,0,0,0
2019-12-26 10:10:00-05:00,1110.66,1110.91,1110.66,1110.73,0,0,0
2019-12-26 10:11:00-05:00,1110.73,1110.76,1110.73,1110.76,0,0,0
2019-12-26 10:12:00-05:00,1110.76,1110.79,1110.68,1110.68,0,0,0
2019-12-26 10:13:00-05:00,1110.68,1110.78,1110.68,1110.78,0,0,0
2019-12-26 10:14:00-05:00,1110.78,1110.91,1110.68,1110.68,0,0,0
2019-12-26 10:15:00-05:00,1110.68,1110.83,1110.68,1110.68,0,0,0
2019-12-26 10:16:00-05:00,1110.68,1110.68,1110.68,1110.68,0,0,0
2019-12-26 10:17:00-05:00,1110.68,1110.68,1110.68,1110.68,0,0,0
2019-12-26 10:18:00-05:00,1110.68,1110.79,1110.68,1110.79,0,0,0
2019-12-26 10:19:00-05:00,1110.79,1110.79,1110.79,1110.79,0,0,0
2019-12-26 10:20:00-05:00,1110.79,1110.79,1110.79,1110.79,0,0,0
2019-12-26 10:21:00-05:00,1110.79,1110.83,1110.79,1110.83,0,0,0
2019-12-26 10:22:00-05:00,1110.82,1110.82,1110.82,1110.82,0,0,0
2019-12-26 10:23:00-05:00,1110.82,1110.83,1110.82,1110.83,0,0,0
2019-12-26 10:24:00-05:00,1110.83,1110.83,1110.83,1110.83,0,0,0
2019-12-26 10:25:00-05:00,1110.83,1110.85,1110.83,1110.85,0,0,0
2019-12-26 10:26:00-05:00,1110.85,1110.85,1110.68,1110.68,0,0,0
2019-12-26 10:27:00-05:00,1110.68,1110.68,1110.68,1110.68,0,0,0
2019-12-26 10:28:00-05:00,1110.68,1110.83,1110.68,1110.83,0,0,0
2019-12-26 10:29:00-05:00,1110.83,1110.83,1110.81,1110.81,0,0,0
2019-12-26 10:30:00-05:00,1110.81,1110.81,1110.81,1110.81,0,0,0
2019-12-26 10:31:00-05:00,1110.81,1110.81,1110.81,1110.81,0,0,0
2019-12-26 10:32:00-05:00,1110.81,1110.81,1110.81,1110.81,0,0,0
2019-12-26 10:33:00-05:00,1110.81,1110.83,1110.81,1110.83,0,0,0
2019-12-26 10:34:00-05:00,1110.83,1110.83,1110.83,1110.83,0,0,0
2019-12-26 10:35:00-05:00,1110.83,1110.83,1110.83,1110.83,0,0,0
2019-12-26 10:36:00-05:00,1110.83,1110.83,1110.55,1110.55,0,0,0
2019-12-26 10:37:00-05:00,1110.55,1110.84,1110.55,1110.84,0,0,0
2019-12-26 10:38:00-05:00,1110.84,1110.84,1110.84,1110.84,0,0,0
2019-12-26 10:39:00-05:00,1110.84,1110.85,1110.84,1110.85,0,0,0
2019-12-26 10:40:00-05:00,1110.85,1110.85,1110.85,1110.85,0,0,0
2019-12-26 10:41:00-05:00,1110.85,1110.86,1110.85,1110.86,0,0,0
2019-12-26 10:42:00-05:00,1110.86,1110.86,1110.86,1110.86,0,0,0
2019-12-26 10:43:00-05:00,1110.86,1110.86,1110.6,1110.77,0,0,0
2019-12-26 10:44:00-05:00,1110.77,1110.77,1110.77,1110.77,0,0,0
2019-12-26 10:45:00-05:00,1110.77,1110.77,1110.77,1110.77,0,0,0
2019-12-26 10:46:00-05:00,1110.77,1110.83,1110.77,1110.83,0,0,0
2019-12-26 10:47:00-05:00,1110.83,1110.89,1110.83,1110.89,0,0,0
2019-12-26 10:48:00-05:00,1110.89,1110.91,1110.89,1110.91,0,0,0
2019-12-26 10:49:00-05:00,1110.91,1110.91,1110.79,1110.79,0,0,0
2019-12-26 10:50:00-05:00,1110.79,1110.79,1110.77,1110.77,0,0,0
2019-12-26 10:51:00-05:00,1110.77,1110.77,1110.36,1110.57,0,0,0
2019-12-26 10:52:00-05:00,1110.57,1110.57,1110.57,1110.57,0,0,0
2019-12-26 10:53:00-05:00,1110.57,1110.57,1110.55,1110.55,0,0,0
2019-12-26 10:54:00-05:00,1110.55,1110.55,1110.47,1110.47,0,0,0
2019-12-26 10:55:00-05:00,1110.46,1110.75,1110.44,1110.52,0,0,0
2019-12-26 10:56:00-05:00,1110.75,1110.75,1110.49,1110.75,0,0,0
2019-12-26 10:57:00-05:00,1110.75,1110.75,1110.71,1110.71,0,0,0
2019-12-26 10:58:00-05:00,1110.71,1110.72,1110.71,1110.72,0,0,0
2019-12-26 10:59:00-05:00,1110.72,1110.72,1110.29,1110.29,0,0,0
2019-12-26 11:00:00-05:00,1110.64,1110.65,1110.52,1110.52,0,0,0
2019-12-26 11:01:00-05:00,1110.52,1110.52,1110.52,1110.52,0,0,0
2019-12-26 11:02:00-05:00,1110.76,1110.76,1110.76,1110.76,0,0,0
2019-12-26 11:03:00-05:00,1110.75,1110.75,1110.75,1110.75,0,0,0
2019-12-26 11:04:00-05:00,1110.75,1110.75,1110.75,1110.75,0,0,0
2019-12-26 11:05:00-05:00,1110.75,1110.75,1110.75,1110.75,0,0,0
2019-12-26 11:06:00-05:00,1110.75,1110.75,1110.75,1110.75,0,0,0
2019-12-26 11:07:00-05:00,1110.75,1110.75,1110.75,1110.75,0,0,0
2019-12-26 11:08:00-05:00,1110.75,1110.75,1110.75,1110.75,0,0,0
2019-12-26 11:09:00-05:00,1110.75,1110.75,1110.75,1110.75,0,0,0
2019-12-26 11:10:00-05:00,1110.75,1110.75,1110.75,1110.75,0,0,0
2019-12-26 11:11:00-05:00,1110.75,1110.76,1110.75,1110.76,0,0,0
2019-12-26 11:12:00-05:00,1110.76,1110.77,1110.76,1110.77,0,0,0
2019-12-26 11:13:00-05:00,1110.77,1110.77,1110.77,1110.77,0,0,0
2019-12-26 11:14:00-05:00,1110.77,1110.78,1110.77,1110.78,0,0,0
2019-12-26 11:15:00-05:00,1110.78,1110.79,1110.78,1110.79,0,0,0
2019-12-26 11:16:00-05:00,1110.79,1110.79,1110.79,1110.79,0,0,0
2019-12-26 11:17:00-05:00,1110.79,1110.79,1110.75,1110.75,0,0,0
2019-12-26 11:18:00-05:00,1110.74,1110.91,1110.71,1110.71,0,0,0
2019-12-26 11:19:00-05:00,1110.71,1110.71,1110.71,1110.71,0,0,0
2019-12-26 11:20:00-05:00,1110.71,1110.71,1110.71,1110.71,0,0,0
2019-12-26 11:21:00-05:00,1110.71,1110.71,1110.71,1110.71,0,0,0
2019-12-26 11:22:00-05:00,1110.71,1110.71,1110.66,1110.66,0,0,0
2019-12-26 11:23:00-05:00,1110.66,1110.66,1110.66,1110.66,0,0,0
2019-12-26 11:24:00-05:00,1110.66,1110.66,1110.66,1110.66,0,0,0
2019-12-26 11:25:00-05:00,1110.66,1110.66,1110.44,1110.44,0,0,0
2019-12-26 11:26:00-05:00,1110.44,1110.57,1110.44,1110.57,0,0,0
2019-12-26 11:27:00-05:00,1110.57,1110.57,1110.57,1110.57,0,0,0
2019-12-26 11:28:00-05:00,1110.57,1110.58,1110.57,1110.58,0,0,0
2019-12-26 11:29:00-05:00,1110.58,1110.58,1110.58,1110.58,0,0,0
2019-12-26 11:30:00-05:00,1110.58,1110.58,1110.58,1110.58,0,0,0
2019-12-26 11:31:00-05:00,1110.58,1110.61,1110.57,1110.61,0,0,0
2019-12-26 11:32:00-05:00,1110.61,1110.64,1110.54,1110.54,0,0,0
2019-12-26 11:33:00-05:00,1110.6,1110.6,1110.6,1110.6,0,0,0
2019-12-26 11:34:00-05:00,1110.6,1110.6,1110.6,1110.6,0,0,0
2019-12-26 11:35:00-05:00,1110.6,1110.6,1110.6,1110.6,0,0,0
2019-12-26 11:36:00-05:00,1110.6,1110.6,1110.6,1110.6,0,0,0
2019-12-26 11:37:00-05:00,1110.6,1110.61,1110.58,1110.61,0,0,0
2019-12-26 11:38:00-05:00,1110.61,1110.61,1110.61,1110.61,0,0,0
2019-12-26 11:39:00-05:00,1110.61,1110.61,1110.61,1110.61,0,0,0
2019-12-26 11:40:00-05:00,1110.61,1110.66,1110.61,1110.66,0,0,0
2019-12-26 11:41:00-05:00,1110.66,1110.66,1110.66,1110.66,0,0,0
2019-12-26 11:42:00-05:00,1110.66,1110.66,1110.66,1110.66,0,0,0
2019-12-26 11:43:00-05:00,1110.68,1110.68,1110.68,1110.68,0,0,0
2019-12-26 11:44:00-05:00,1110.68,1110.68,1110.68,1110.68,0,0,0
2019-12-26 11:45:00-05:00,1110.25,1110.25,1110.25,1110.25,0,0,0
2019-12-26 11:46:00-05:00,1110.25,1110.25,1110.25,1110.25,0,0,0
2019-12-26 11:47:00-05:00,1110.25,1110.25,1110.25,1110.25,0,0,0
2019-12-26 11:48:00-05:00,1110.25,1110.25,1110.25,1110.25,0,0,0
2019-12-26 11:49:00-05:00,1110.25,1110.25,1110.25,1110.25,0,0,0
2019-12-26 11:50:00-05:00,1110.25,1110.25,1110.25,1110.25,0,0,0
2019-12-26 11:51:00-05:00,1110.25,1110.25,1110.25,1110.25,0,0,0
2019-12-26 11:52:00-05:00,1110.25,1110.25,1110.25,1110.25,0,0,0
2019-12-26 11:53:00-05:00,1110.25,1110.25,1110.25,1110.25,0,0,0
2019-12-26 11:54:00-05:00,1110.25,1110.25,1110.25,1110.25,0,0,0
2019-12-26 11:55:00-05:00,1110.25,1110.25,1110.25,1110.25,0,0,0
2019-12-26 11:56:00-05:00,1110.25,1110.25,1110.25,1110.25,0,0,0
2019-12-26 11:57:00-05:00,1110.25,1110.25,1110.25,1110.25,0,0,0
2019-12-26 11:58:00-05:00,1110.25,1110.25,1110.25,1110.25,0,0,0
2019-12-26 11:59:00-05:00,1110.25,1110.25,1110.25,1110.25,0,0,0
2019-12-27 09:30:00-05:00,1114.69,1114.69,1114.69,1114.69,0,0,0
2019-12-27 09:31:00-05:00,1114.69,1114.69,1114.66,1114.66,0,0,0
2019-12-27 09:32:00-05:00,1114.7,1114.7,1114.55,1114.55,0,0,0
2019-12-27 09:33:00-05:00,1114.55,1114.55,1114.55,1114.55,0,0,0
2019-12-27 09:34:00-05:00,1114.55,1114.67,1114.55,1114.66,0,0,0
2019-12-27 09:35:00-05:00,1114.65,1114.65,1114.63,1114.63,0,0,0
2019-12-27 09:36:00-05:00,1114.63,1114.63,1114.55,1114.55,0,0,0
2019-12-27 09:37:00-05:00,1114.55,1114.7,1114.55,1114.7,0,0,0
2019-12-27 09:38:00-05:00,1114.7,1114.86,1114.7,1114.86,0,0,0
2019-12-27 09:39:00-05:00,1114.86,1114.86,1114.55,1114.55,0,0,0
2019-12-27 09:40:00-05:00,1114.55,1114.79,1114.54,1114.56,0,0,0
2019-12-27 09:41:00-05:00,1114.56,1114.58,1114.55,1114.58,0,0,0
2019-12-27 09:42:00-05:00,1114.58,1114.58,1114.58,1114.58,0,0,0
2019-12-27 09:43:00-05:00,1114.58,1114.75,1114.55,1114.75,0,0,0
2019-12-27 09:44:00-05:00,1114.74,1114.74,1114.73,1114.73,0,0,0
2019-12-27 09:45:00-05:00,1114.73,1114.73,1114.69,1114.69,0,0,0
2019-12-27 09:46:00-05:00,1114.69,1114.69,1114.69,1114.69,0,0,0
2019-12-27 09:47:00-05:00,1114.69,1114.69,1114.69,1114.69,0,0,0
2019-12-27 09:48:00-05:00,1114.69,1114.69,1114.47,1114.47,0,0,0
2019-12-27 09:49:00-05:00,1114.6,1114.6,1114.16,1114.5,0,0,0
2019-12-27 09:50:00-05:00,1114.47,1114.5,1114.47,1114.47,0,0,0
2019-12-27 09:51:00-05:00,1114.39,1114.4,1114.39,1114.4,0,0,0
2019-12-27 09:52:00-05:00,1114.4,1114.4,1114.39,1114.39,0,0,0
2019-12-27 09:53:00-05:00,1114.39,1114.39,1114.24,1114.38,0,0,0
2019-12-27 09:54:00-05:00,1114.38,1114.39,1114.24,1114.38,0,0,0
2019-12-27 09:55:00-05:00,1114.38,1114.38,1114.38,1114.38,0,0,0
2019-12-27 09:56:00-05:00,1114.38,1114.38,1114.38,1114.38,0,0,0
2019-12-27 09:57:00-05:00,1114.38,1114.38,1114.36,1114.36,0,0,0
2019-12-27 09:58:00-05:00,1114.36,1114.36,1114.17,1114.17,0,0,0
2019-12-27 09:59:00-05:00,1114.17,1114.17,1114.08,1114.12,0,0,0
2019-12-27 10:00:00-05:00,1114.12,1114.24,1114.12,1114.24,0,0,0
2019-12-27 10:01:00-05:00,1114.24,1114.34,1114.24,1114.34,0,0,0
2019-12-27 10:02:00-05:00,1114.34,1114.48,1114.24,1114.4,0,0,0
2019-12-27 10:03:00-05:00,1114.4,1114.4,1114.39,1114.39,0,0,0
2019-12-27 10:04:00-05:00,1114.39,1115.52,1114.39,1115.52,0,0,0
2019-12-27 10:05:00-05:00,1115.52,1115.52,1114.39,1114.39,0,0,0
2019-12-27 10:06:00-05:00,1114.39,1114.39,1114.39,1114.39,0,0,0
2019-12-27 10:07:00-05:00,1114.39,1114.39,1114.39,1114.39,0,0,0
2019-12-27 10:08:00-05:00,1114.39,1114.7,1114.39,1114.6,0,0,0
2019-12-27 10:09:00-05:00,1114.6,1114.6,1114.56,1114.56,0,0,0
2019-12-27 10:10:00-05:00,1114.56,1114.56,1114.55,1114.55,0,0,0
2019-12-27 10:11:00-05:00,1114.55,1114.55,1114.54,1114.55,0,0,0
2019-12-27 10:12:00-05:00,1114.55,1114.56,1114.39,1114.39,0,0,0
2019-12-27 10:13:00-05:00,1114.39,1114.39,1114.39,1114.39,0,0,0
2019-12-27 10:14:00-05:00,1114.39,1114.39,1114.39,1114.39,0,0,0
2019-12-27 10:15:00-05:00,1114.39,1114.56,1114.39,1114.56,0,0,0
2019-12-27 10:16:00-05:00,1114.56,1114.56,1114.53,1114.53,0,0,0
2019-12-27 10:17:00-05:00,1114.53,1114.53,1114.53,1114.53,0,0,0
2019-12-27 10:18:00-05:00,1114.53,1114.53,1114.53,1114.53,0,0,0
2019-12-27 10:19:00-05:00,1114.53,1114.53,1114.5,1114.5,0,0,0
2019-12-27 10:20:00-05:00,1114.5,1114.5,1114.5,1114.5,0,0,0
2019-12-27 10:21:00-05:00,1114.5,1114.5,1114.5,1114.5,0,0,0
2019-12-27 10:22:00-05:00,1114.5,1114.55,1114.5,1114.54,0,0,0
2019-12-27 10:23:00-05:00,1114.54,1114.56,1114.54,1114.56,0,0,0
2019-12-27 10:24:00-05:00,1114.56,1114.6,1114.56,1114.6,0,0,0
2019-12-27 10:25:00-05:00,1114.6,1114.6,1114.39,1114.53,0,0,0
2019-12-27 10:26:00-05:00,1114.53,1114.53,1114.24,1114.46,0,0,0
2019-12-27 10:27:00-05:00,1114.44,1114.45,1114.44,1114.45,0,0,0
2019-12-27 10:28:00-05:00,1114.24,1114.44,1114.24,1114.43,0,0,0
2019-12-27 10:29:00-05:00,1114.43,1114.43,1114.36,1114.36,0,0,0
2019-12-27 10:30:00-05:00,1114.33,1114.33,1114.28,1114.28,0,0,0
2019-12-27 10:31:00-05:00,1114.28,1114.36,1114.24,1114.34,0,0,0
2019-12-27 10:32:00-05:00,1114.34,1114.34,1113.92,1114.13,0,0,0
2019-12-27 10:33:00-05:00,1114.13,1114.13,1114.1,1114.1,0,0,0
2019-12-27 10:34:00-05:00,1114.07,1114.07,1113.61,1113.61,0,0,0
2019-12-27 10:35:00-05:00,1113.61,1113.91,1113.61,1113.61,0,0,0
2019-12-27 10:36:00-05:00,1113.81,1113.81,1113.46,1113.46,0,0,0
2019-12-27 10:37:00-05:00,1113.66,1113.66,1113.54,1113.54,0,0,0
2019-12-27 10:38:00-05:00,1113.54,1113.54,1113.54,1113.54,0,0,0
2019-12-27 10:39:00-05:00,1113.54,1113.54,1113.15,1113.15,0,0,0
2019-12-27 10:40:00-05:00,1113.03,1113.03,1112.6,1112.91,0,0,0
2019-12-27 10:41:00-05:00,1112.92,1113.04,1112.92,1113.04,0,0,0
2019-12-27 10:42:00-05:00,1113.04,1113.3,1113.04,1113.3,0,0,0
2019-12-27 10:43:00-05:00,1113.37,1113.42,1113.37,1113.42,0,0,0
2019-12-27 10:44:00-05:00,1113.42,1113.54,1113.42,1113.54,0,0,0
2019-12-27 10:45:00-05:00,1113.46,1113.59,1113.46,1113.56,0,0,0
2019-12-27 10:46:00-05:00,1113.56,1113.56,1113.55,1113.55,0,0,0
2019-12-27 10:47:00-05:00,1113.55,1113.55,1113.54,1113.54,0,0,0
2019-12-27 10:48:00-05:00,1113.54,1113.54,1113.54,1113.54,0,0,0
2019-12-27 10:49:00-05:00,1113.54,1113.54,1113.54,1113.54,0,0,0
2019-12-27 10:50:00-05:00,1113.54,1113.54,1113.53,1113.53,0,0,0
2019-12-27 10:51:00-05:00,1113.53,1113.53,1113.53,1113.53,0,0,0
2019-12-27 10:52:00-05:00,1113.5,1113.5,1113.35,1113.35,0,0,0
2019-12-27 10:53:00-05:00,1113.35,1113.35,1113.09,1113.09,0,0,0
2019-12-27 10:54:00-05:00,1113.07,1113.07,1113.02,1113.03,0,0,0
2019-12-27 10:55:00-05:00,1113.02,1113.07,1113.02,1113.07,0,0,0
2019-12-27 10:56:00-05:00,1113.07,1113.25,1112.99,1112.99,0,0,0
2019-12-27 10:57:00-05:00,1112.99,1113.18,1112.98,1113.18,0,0,0
2019-12-27 10:58:00-05:00,1113.1,1113.13,1113.1,1113.1,0,0,0
2019-12-27 10:59:00-05:00,1113.1,1113.1,1112.79,1112.79,0,0,0
2019-12-27 11:00:00-05:00,1112.83,1112.93,1112.37,1112.44,0,0,0
2019-12-27 11:01:00-05:00,1112.37,1112.37,1112.13,1112.13,0,0,0
2019-12-27 11:02:00-05:00,1112.52,1112.83,1112.52,1112.83,0,0,0
2019-12-27 11:03:00-05:00,1112.83,1112.88,1112.83,1112.88,0,0,0
2019-12-27 11:04:00-05:00,1112.99,1112.99,1112.99,1112.99,0,0,0
2019-12-27 11:05:00-05:00,1112.99,1112.99,1112.99,1112.99,0,0,0
2019-12-27 11:07:00-05:00,1113.04,1113.04,1112.83,1112.99,0,0,0
2019-12-27 11:08:00-05:00,1112.99,1113.02,1112.99,1113.02,0,0,0
2019-12-27 11:09:00-05:00,1113.02,1113.05,1113.02,1113.05,0,0,0
2019-12-27 11:10:00-05:00,1113.05,1113.15,1113.05,1113.15,0,0,0
2019-12-27 11:11:00-05:00,1113.15,1113.32,1113.15,1113.32,0,0,0
2019-12-27 11:12:00-05:00,1113.32,1113.35,1113.32,1113.35,0,0,0
2019-12-27 11:13:00-05:00,1113.35,1113.36,1113.35,1113.36,0,0,0
2019-12-27 11:14:00-05:00,1113.36,1113.61,1113.36,1113.6,0,0,0
2019-12-27 11:15:00-05:00,1113.66,1113.74,1113.61,1113.61,0,0,0
2019-12-27 11:16:00-05:00,1113.61,1113.71,1113.38,1113.66,0,0,0
2019-12-27 11:17:00-05:00,1113.66,1113.68,1113.61,1113.61,0,0,0
2019-12-27 11:18:00-05:00,1113.71,1113.71,1113.61,1113.61,0,0,0
2019-12-27 11:19:00-05:00,1113.61,1113.78,1113.61,1113.78,0,0,0
2019-12-27 11:20:00-05:00,1113.87,1114.03,1113.87,1114.03,0,0,0
2019-12-27 11:21:00-05:00,1114.03,1114.03,1113.92,1113.92,0,0,0
2019-12-27 11:22:00-05:00,1113.92,1113.94,1113.77,1113.94,0,0,0
2019-12-27 11:23:00-05:00,1113.92,1113.94,1113.77,1113.94,0,0,0
2019-12-27 11:24:00-05:00,1113.97,1113.97,1113.96,1113.96,0,0,0
2019-12-27 11:25:00-05:00,1113.99,1114.02,1113.99,1114.02,0,0,0
2019-12-27 11:26:00-05:00,1114.02,1114.02,1114.01,1114.02,0,0,0
2019-12-27 11:27:00-05:00,1114.02,1114.03,1114.02,1114.03,0,0,0
2019-12-27 11:28:00-05:00,1114.03,1114.11,1113.92,1114.11,0,0,0
2019-12-27 11:29:00-05:00,1114.11,1114.11,1113.92,1113.92,0,0,0
2019-12-27 11:30:00-05:00,1113.92,1114.13,1113.92,1114.13,0,0,0
2019-12-27 11:31:00-05:00,1114.13,1114.13,1114.13,1114.13,0,0,0
2019-12-27 11:32:00-05:00,1114.13,1114.13,1114.07,1114.08,0,0,0
2019-12-27 11:33:00-05:00,1114.08,1114.08,1114.08,1114.08,0,0,0
2019-12-27 11:35:00-05:00,1114.06,1114.06,1114.06,1114.06,0,0,0
2019-12-27 11:36:00-05:00,1114.06,1114.06,1114.06,1114.06,0,0,0
2019-12-27 11:37:00-05:00,1114.06,1114.06,1114.05,1114.05,0,0,0
2019-12-27 11:38:00-05:00,1114.05,1114.05,1114.05,1114.05,0,0,0
2019-12-27 11:39:00-05:00,1114.05,1114.07,1114.05,1114.07,0,0,0
2019-12-27 11:40:00-05:00,1114.08,1114.08,1114.07,1114.08,0,0,0
2019-12-27 11:41:00-05:00,1114.08,1114.08,1114.08,1114.08,0,0,0
2019-12-27 11:42:00-05:00,1114.08,1114.31,1114.08,1114.24,0,0,0
2019-12-27 11:43:00-05:00,1114.24,1114.35,1114.24,1114.35,0,0,0
2019-12-27 11:44:00-05:00,1114.35,1114.35,1114.3,1114.3,0,0,0
2019-12-27 11:45:00-05:00,1115.84,1115.84,1115.84,1115.84,0,0,0
2019-12-27 11:46:00-05:00,1115.84,1115.84,1115.84,1115.84,0,0,0
2019-12-27 11:47:00-05:00,1115.84,1115.84,1115.84,1115.84,0,0,0
2019-12-27 11:48:00-05:00,1115.84,1115.84,1115.84,1115.84,0,0,0
2019-12-27 11:49:00-05:00,1115.84,1115.84,1115.84,1115.84,0,0,0
2019-12-27 11:50:00-05:00,1115.84,1115.84,1115.84,1115.84,0,0,0
2019-12-27 11:51:00-05:00,1115.84,1115.84,1115.84,1115.84,0,0,0
2019-12-27 11:52:00-05:00,1115.84,1115.84,1115.84,1115.84,0,0,0
2019-12-27 11:53:00-05:00,1115.84,1115.84,1115.84,1115.84,0,0,0
2019-12-27 11:54:00-05:00,1115.84,1115.84,1115.84,1115.84,0,0,0
2019-12-27 11:55:00-05:00,1115.84,1115.84,1115.84,1115.84,0,0,0
2019-12-27 11:56:00-05:00,1115.84,1115.84,1115.84,1115.84,0,0,0
2019-12-27 11:57:00-05:00,1115.84,1115.84,1115.84,1115.84,0,0,0
2019-12-27 11:58:00-05:00,1115.84,1115.84,1115.84,1115.84,0,0,0
2019-12-27 11:59:00-05:00,1115.84,1115.84,1115.84,1115.84,0,0,0
2019-12-30 09:30:00-05:00,1128.22,1128.22,1128.12,1128.16,0,0,0
2019-12-30 09:31:00-05:00,1128.16,1128.16,1128.05,1128.14,0,0,0
2019-12-30 09:32:00-05:00,1128.14,1128.14,1128.11,1128.11,0,0,0
2019-12-30 09:33:00-05:00,1128.13,1128.17,1128.13,1128.17,0,0,0
2019-12-30 09:34:00-05:00,1128.17,1128.17,1128.04,1128.14,0,0,0
2019-12-30 09:35:00-05:00,1128.13,1128.13,1127.9,1128.04,0,0,0
2019-12-30 09:36:00-05:00,1128.04,1128.11,1128.04,1128.11,0,0,0
2019-12-30 09:37:00-05:00,1128.1,1128.1,1128.05,1128.05,0,0,0
2019-12-30 09:38:00-05:00,1128.05,1128.07,1127.75,1127.91,0,0,0
2019-12-30 09:39:00-05:00,1127.91,1127.99,1127.91,1127.99,0,0,0
2019-12-30 09:40:00-05:00,1127.99,1127.99,1127.96,1127.96,0,0,0
2019-12-30 09:41:00-05:00,1127.96,1128.02,1127.9,1128.02,0,0,0
2019-12-30 09:42:00-05:00,1128.03,1128.05,1128.03,1128.04,0,0,0
2019-12-30 09:43:00-05:00,1128.04,1128.09,1128.04,1128.06,0,0,0
2019-12-30 09:44:00-05:00,1128.06,1128.06,1128.03,1128.03,0,0,0
2019-12-30 09:45:00-05:00,1128.06,1128.06,1128.04,1128.04,0,0,0
2019-12-30 09:46:00-05:00,1128.04,1128.05,1128.02,1128.05,0,0,0
2019-12-30 09:47:00-05:00,1128.05,1128.18,1128.05,1128.11,0,0,0
2019-12-30 09:48:00-05:00,1128.22,1128.26,1128.13,1128.18,0,0,0
2019-12-30 09:49:00-05:00,1128.18,1128.36,1128.18,1128.36,0,0,0
2019-12-30 09:50:00-05:00,1128.38,1128.38,1128.38,1128.38,0,0,0
2019-12-30 09:51:00-05:00,1128.38,1128.41,1128.27,1128.27,0,0,0
2019-12-30 09:52:00-05:00,1128.32,1128.35,1128.27,1128.27,0,0,0
2019-12-30 09:53:00-05:00,1128.3,1128.32,1128.27,1128.31,0,0,0
2019-12-30 09:54:00-05:00,1128.06,1128.14,1128.06,1128.13,0,0,0
2019-12-30 09:55:00-05:00,1128.25,1128.34,1128.2,1128.34,0,0,0
2019-12-30 09:56:00-05:00,1128.34,1128.34,1128.22,1128.28,0,0,0
2019-12-30 09:57:00-05:00,1127.98,1128.25,1127.98,1128.24,0,0,0
2019-12-30 09:58:00-05:00,1128.24,1128.24,1128.16,1128.16,0,0,0
2019-12-30 09:59:00-05:00,1128.16,1128.17,1128.11,1128.17,0,0,0
2019-12-30 10:00:00-05:00,1128.16,1128.22,1128.16,1128.16,0,0,0
2019-12-30 10:01:00-05:00,1128.16,1128.19,1128.16,1128.19,0,0,0
2019-12-30 10:02:00-05:00,1128.19,1128.19,1128.18,1128.18,0,0,0
2019-12-30 10:03:00-05:00,1128.18,1128.19,1128.18,1128.19,0,0,0
2019-12-30 10:04:00-05:00,1128.13,1128.21,1128.13,1128.21,0,0,0
2019-12-30 10:05:00-05:00,1128.17,1128.18,1128.16,1128.18,0,0,0
2019-12-30 10:06:00-05:00,1128.18,1128.18,1128.14,1128.14,0,0,0
2019-12-30 10:07:00-05:00,1128.14,1128.21,1127.82,1128.21,0,0,0
2019-12-30 10:08:00-05:00,1128.22,1128.22,1127.9,1128.22,0,0,0
2019-12-30 10:09:00-05:00,1128.22,1128.22,1128.14,1128.14,0,0,0
2019-12-30 10:10:00-05:00,1128.21,1128.21,1128.14,1128.18,0,0,0
2019-12-30 10:11:00-05:00,1128.22,1128.23,1128.2,1128.23,0,0,0
2019-12-30 10:12:00-05:00,1128.23,1128.23,1128.05,1128.16,0,0,0
2019-12-30 10:13:00-05:00,1128.07,1128.16,1127.75,1128.13,0,0,0
2019-12-30 10:14:00-05:00,1128.13,1128.21,1127.75,1127.9,0,0,0
2019-12-30 10:15:00-05:00,1128.07,1128.16,1128.06,1128.16,0,0,0
2019-12-30 10:16:00-05:00,1128.14,1128.3,1128.14,1128.22,0,0,0
2019-12-30 10:17:00-05:00,1128.22,1128.22,1128.15,1128.22,0,0,0
2019-12-30 10:18:00-05:00,1128.21,1128.21,1128.19,1128.19,0,0,0
2019-12-30 10:19:00-05:00,1128.25,1128.25,1127.9,1128.17,0,0,0
2019-12-30 10:20:00-05:00,1128.17,1128.18,1128.17,1128.18,0,0,0
2019-12-30 10:21:00-05:00,1128.18,1128.18,1128.15,1128.16,0,0,0
2019-12-30 10:22:00-05:00,1128.24,1128.24,1128.05,1128.14,0,0,0
2019-12-30 10:23:00-05:00,1128.08,1128.13,1127.75,1128.09,0,0,0
2019-12-30 10:24:00-05:00,1128.09,1128.09,1128.0,1128.06,0,0,0
2019-12-30 10:25:00-05:00,1128.07,1128.07,1128.07,1128.07,0,0,0
2019-12-30 10:26:00-05:00,1128.13,1128.17,1128.11,1128.12,0,0,0
2019-12-30 10:27:00-05:00,1128.06,1128.17,1128.06,1128.14,0,0,0
2019-12-30 10:28:00-05:00,1128.14,1128.14,1128.07,1128.13,0,0,0
2019-12-30 10:29:00-05:00,1128.13,1128.15,1128.12,1128.15,0,0,0
2019-12-30 10:30:00-05:00,1128.14,1128.16,1127.9,1127.9,0,0,0
2019-12-30 10:31:00-05:00,1127.9,1128.16,1127.9,1128.16,0,0,0
2019-12-30 10:32:00-05:00,1128.17,1128.17,1128.16,1128.17,0,0,0
2019-12-30 10:33:00-05:00,1128.27,1128.3,1128.06,1128.25,0,0,0
2019-12-30 10:34:00-05:00,1128.3,1128.3,1128.2,1128.23,0,0,0
2019-12-30 10:35:00-05:00,1128.28,1128.3,1128.27,1128.28,0,0,0
2019-12-30 10:36:00-05:00,1128.28,1128.3,1128.28,1128.29,0,0,0
2019-12-30 10:37:00-05:00,1128.26,1128.3,1128.26,1128.28,0,0,0
2019-12-30 10:38:00-05:00,1128.28,1128.28,1128.06,1128.21,0,0,0
2019-12-30 10:39:00-05:00,1128.19,1128.23,1128.19,1128.21,0,0,0
2019-12-30 10:40:00-05:00,1128.21,1128.23,1128.21,1128.23,0,0,0
2019-12-30 10:41:00-05:00,1128.23,1128.4,1128.23,1128.31,0,0,0
2019-12-30 10:42:00-05:00,1128.22,1128.31,1128.22,1128.26,0,0,0
2019-12-30 10:43:00-05:00,1128.26,1128.31,1128.06,1128.21,0,0,0
2019-12-30 10:44:00-05:00,1128.31,1128.31,1128.22,1128.22,0,0,0
2019-12-30 10:45:00-05:00,1128.29,1128.29,1128.22,1128.22,0,0,0
2019-12-30 10:46:00-05:00,1128.23,1128.23,1128.23,1128.23,0,0,0
2019-12-30 10:47:00-05:00,1128.23,1128.36,1128.23,1128.36,0,0,0
2019-12-30 10:48:00-05:00,1128.36,1128.36,1128.36,1128.36,0,0,0
2019-12-30 10:49:00-05:00,1128.36,1128.36,1128.36,1128.36,0,0,0
2019-12-30 10:50:00-05:00,1128.36,1128.36,1128.36,1128.36,0,0,0
2019-12-30 10:51:00-05:00,1128.36,1128.36,1128.36,1128.36,0,0,0
2019-12-30 10:52:00-05:00,1128.3,1128.3,1128.23,1128.26,0,0,0
2019-12-30 10:53:00-05:00,1128.06,1128.31,1128.06,1128.29,0,0,0
2019-12-30 10:54:00-05:00,1128.29,1128.29,1128.23,1128.23,0,0,0
2019-12-30 10:55:00-05:00,1128.23,1128.27,1128.23,1128.27,0,0,0
2019-12-30 10:56:00-05:00,1128.27,1128.27,1128.12,1128.2,0,0,0
2019-12-30 10:57:00-05:00,1128.19,1128.19,1128.13,1128.13,0,0,0
2019-12-30 10:58:00-05:00,1128.13,1128.24,1128.13,1128.18,0,0,0
2019-12-30 10:59:00-05:00,1128.18,1128.24,1128.18,1128.24,0,0,0
2019-12-30 11:00:00-05:00,1128.24,1128.24,1128.24,1128.24,0,0,0
2019-12-30 11:01:00-05:00,1128.44,1128.44,1128.26,1128.28,0,0,0
2019-12-30 11:02:00-05:00,1128.28,1128.44,1128.28,1128.43,0,0,0
2019-12-30 11:03:00-05:00,1128.41,1128.41,1128.41,1128.41,0,0,0
2019-12-30 11:04:00-05:00,1128.41,1128.42,1128.41,1128.42,0,0,0
2019-12-30 11:05:00-05:00,1128.43,1128.44,1128.43,1128.44,0,0,0
2019-12-30 11:06:00-05:00,1128.44,1128.44,1128.44,1128.44,0,0,0
2019-12-30 11:07:00-05:00,1128.44,1128.44,1128.41,1128.41,0,0,0
2019-12-30 11:08:00-05:00,1128.41,1128.41,1128.4,1128.4,0,0,0
2019-12-30 11:11:00-05:00,1128.4,1128.4,1128.22,1128.22,0,0,0
2019-12-30 11:12:00-05:00,1128.42,1128.44,1128.42,1128.44,0,0,0
2019-12-30 11:13:00-05:00,1128.44,1128.44,1128.44,1128.44,0,0,0
2019-12-30 11:14:00-05:00,1128.44,1128.44,1128.4,1128.4,0,0,0
2019-12-30 11:15:00-05:00,1128.4,1128.4,1128.4,1128.4,0,0,0
2019-12-30 11:16:00-05:00,1128.4,1128.4,1128.4,1128.4,0,0,0
2019-12-30 11:17:00-05:00,1128.4,1128.4,1128.4,1128.4,0,0,0
2019-12-30 11:18:00-05:00,1128.4,1128.41,1128.4,1128.41,0,0,0
2019-12-30 11:19:00-05:00,1128.41,1128.41,1128.22,1128.22,0,0,0
2019-12-30 11:20:00-05:00,1128.22,1128.41,1128.22,1128.41,0,0,0
2019-12-30 11:21:00-05:00,1128.41,1128.41,1128.4,1128.4,0,0,0
2019-12-30 11:22:00-05:00,1128.4,1128.46,1128.4,1128.46,0,0,0
2019-12-30 11:23:00-05:00,1128.47,1128.51,1128.47,1128.51,0,0,0
2019-12-30 11:24:00-05:00,1128.51,1128.6,1128.51,1128.6,0,0,0
2019-12-30 11:25:00-05:00,1128.6,1128.61,1128.6,1128.61,0,0,0
2019-12-30 11:26:00-05:00,1128.61,1128.61,1128.38,1128.38,0,0,0
2019-12-30 11:27:00-05:00,1128.38,1128.65,1128.38,1128.65,0,0,0
2019-12-30 11:28:00-05:00,1128.65,1128.66,1128.65,1128.66,0,0,0
2019-12-30 11:29:00-05:00,1128.68,1128.69,1128.22,1128.22,0,0,0
2019-12-30 11:30:00-05:00,1128.22,1128.66,1128.22,1128.65,0,0,0
2019-12-30 11:31:00-05:00,1128.65,1128.68,1128.22,1128.22,0,0,0
2019-12-30 11:32:00-05:00,1128.22,1128.68,1128.06,1128.55,0,0,0
2019-12-30 11:33:00-05:00,1128.52,1128.52,1128.51,1128.51,0,0,0
2019-12-30 11:34:00-05:00,1128.49,1128.49,1128.46,1128.46,0,0,0
2019-12-30 11:35:00-05:00,1128.44,1128.44,1128.41,1128.41,0,0,0
2019-12-30 11:36:00-05:00,1128.4,1128.43,1128.39,1128.43,0,0,0
2019-12-30 11:37:00-05:00,1128.43,1128.43,1128.43,1128.43,0,0,0
2019-12-30 11:38:00-05:00,1128.43,1128.43,1128.43,1128.43,0,0,0
2019-12-30 11:39:00-05:00,1128.43,1128.43,1128.43,1128.43,0,0,0
2019-12-30 11:40:00-05:00,1128.41,1128.43,1128.41,1128.43,0,0,0
2019-12-30 11:41:00-05:00,1128.44,1128.46,1128.44,1128.46,0,0,0
2019-12-30 11:42:00-05:00,1128.46,1128.47,1128.46,1128.47,0,0,0
2019-12-30 11:43:00-05:00,1128.47,1128.47,1128.47,1128.47,0,0,0
2019-12-30 11:44:00-05:00,1128.47,1128.51,1128.47,1128.51,0,0,0
2019-12-30 11:45:00-05:00,1128.48,1128.48,1128.48,1128.48,0,0,0
2019-12-30 11:46:00-05:00,1128.48,1128.48,1128.48,1128.48,0,0,0
2019-12-30 11:47:00-05:00,1128.48,1128.48,1128.48,1128.48,0,0,0
2019-12-30 11:48:00-05:00,1128.48,1128.48,1128.48,1128.48,0,0,0
2019-12-30 11:49:00-05:00,1128.48,1128.48,1128.48,1128.48,0,0,0
2019-12-30 11:50:00-05:00,1128.48,1128.48,1128.48,1128.48,0,0,0
2019-12-30 11:51:00-05:00,1128.48,1128.48,1128.48,1128.48,0,0,0
2019-12-30 11:52:00-05:00,1128.48,1128.48,1128.48,1128.48,0,0,0
2019-12-30 11:53:00-05:00,1128.48,1128.48,1128.48,1128.48,0,0,0
2019-12-30 11:54:00-05:00,1128.48,1128.48,1128.48,1128.48,0,0,0
2019-12-30 11:55:00-05:00,1128.48,1128.48,1128.48,1128.48,0,0,0
2019-12-30 11:56:00-05:00,1128.48,1128.48,1128.48,1128.48,0,0,0
2019-12-30 11:57:00-05:00,1128.48,1128.48,1128.48,1128.48,0,0,0
2019-12-30 11:58:00-05:00,1128.48,1128.48,1128.48,1128.48,0,0,0
2019-12-30 11:59:00-05:00,1128.48,1128.48,1128.48,1128.48,0,0,0
2019-12-31 09:30:00-05:00,1119.58,1119.58,1119.52,1119.52,0,0,0
2019-12-31 09:31:00-05:00,1119.52,1119.52,1119.47,1119.47,0,0,0
2019-12-31 09:32:00-05:00,1119.47,1119.47,1119.47,1119.47,0,0,0
2019-12-31 09:33:00-05:00,1119.47,1119.47,1119.47,1119.47,0,0,0
2019-12-31 09:34:00-05:00,1119.48,1119.5,1119.48,1119.5,0,0,0
2019-12-31 09:35:00-05:00,1119.5,1119.5,1119.5,1119.5,0,0,0
2019-12-31 09:36:00-05:00,1119.5,1119.5,1119.5,1119.5,0,0,0
2019-12-31 09:37:00-05:00,1119.5,1119.5,1119.5,1119.5,0,0,0
2019-12-31 09:38:00-05:00,1119.5,1119.5,1119.49,1119.49,0,0,0
2019-12-31 09:39:00-05:00,1119.49,1119.49,1119.48,1119.48,0,0,0
2019-12-31 09:40:00-05:00,1119.48,1119.49,1119.28,1119.28,0,0,0
2019-12-31 09:41:00-05:00,1119.28,1119.28,1119.27,1119.28,0,0,0
2019-12-31 09:42:00-05:00,1119.28,1119.29,1119.28,1119.28,0,0,0
2019-12-31 09:43:00-05:00,1119.28,1119.28,1119.28,1119.28,0,0,0
2019-12-31 09:44:00-05:00,1119.27,1119.27,1119.25,1119.25,0,0,0
2019-12-31 09:45:00-05:00,1119.25,1119.25,1119.24,1119.24,0,0,0
2019-12-31 09:46:00-05:00,1119.24,1119.24,1119.23,1119.23,0,0,0
2019-12-31 09:47:00-05:00,1119.23,1119.24,1119.2,1119.2,0,0,0
2019-12-31 09:48:00-05:00,1119.23,1119.8,1119.23,1119.39,0,0,0
2019-12-31 09:49:00-05:00,1119.41,1119.42,1119.41,1119.42,0,0,0
2019-12-31 09:50:00-05:00,1119.42,1119.44,1119.42,1119.44,0,0,0
2019-12-31 09:51:00-05:00,1119.44,1119.44,1119.44,1119.44,0,0,0
2019-12-31 09:52:00-05:00,1119.26,1119.26,1119.24,1119.24,0,0,0
2019-12-31 09:53:00-05:00,1119.24,1120.11,1119.24,1120.11,0,0,0
2019-12-31 09:54:00-05:00,1120.11,1120.27,1119.67,1120.27,0,0,0
2019-12-31 09:55:00-05:00,1120.27,1120.27,1119.72,1119.76,0,0,0
2019-12-31 09:56:00-05:00,1119.76,1119.84,1119.76,1119.84,0,0,0
2019-12-31 09:57:00-05:00,1119.84,1119.92,1119.84,1119.92,0,0,0
2019-12-31 09:58:00-05:00,1119.92,1119.94,1119.0,1119.0,0,0,0
2019-12-31 09:59:00-05:00,1118.14,1120.11,1118.14,1118.82,0,0,0
2019-12-31 10:00:00-05:00,1118.82,1119.96,1118.82,1119.96,0,0,0
2019-12-31 10:01:00-05:00,1119.96,1119.96,1119.73,1119.73,0,0,0
2019-12-31 10:02:00-05:00,1119.73,1119.73,1119.69,1119.69,0,0,0
2019-12-31 10:03:00-05:00,1119.69,1120.11,1119.67,1120.11,0,0,0
2019-12-31 10:04:00-05:00,1120.11,1120.11,1119.69,1119.72,0,0,0
2019-12-31 10:05:00-05:00,1119.72,1119.74,1119.72,1119.74,0,0,0
2019-12-31 10:06:00-05:00,1119.74,1119.76,1119.74,1119.76,0,0,0
2019-12-31 10:07:00-05:00,1119.76,1119.96,1119.73,1119.73,0,0,0
2019-12-31 10:08:00-05:00,1119.73,1120.11,1119.72,1119.74,0,0,0
2019-12-31 10:09:00-05:00,1119.74,1119.78,1119.74,1119.78,0,0,0
2019-12-31 10:10:00-05:00,1119.78,1119.81,1119.78,1119.81,0,0,0
2019-12-31 10:11:00-05:00,1119.81,1119.81,1119.81,1119.81,0,0,0
2019-12-31 10:12:00-05:00,1119.81,1119.82,1119.81,1119.82,0,0,0
2019-12-31 10:13:00-05:00,1119.82,1119.84,1119.82,1119.84,0,0,0
2019-12-31 10:14:00-05:00,1119.84,1119.84,1119.84,1119.84,0,0,0
2019-12-31 10:15:00-05:00,1119.84,1119.84,1119.8,1119.8,0,0,0
2019-12-31 10:16:00-05:00,1119.8,1119.8,1119.68,1119.68,0,0,0
2019-12-31 10:17:00-05:00,1120.11,1120.11,1119.69,1119.7,0,0,0
2019-12-31 10:18:00-05:00,1119.7,1119.71,1119.7,1119.71,0,0,0
2019-12-31 10:19:00-05:00,1119.71,1119.72,1119.71,1119.72,0,0,0
2019-12-31 10:20:00-05:00,1119.72,1119.73,1119.72,1119.73,0,0,0
2019-12-31 10:21:00-05:00,1119.73,1119.73,1119.73,1119.73,0,0,0
2019-12-31 10:22:00-05:00,1119.73,1120.11,1119.72,1120.11,0,0,0
2019-12-31 10:23:00-05:00,1120.11,1120.11,1119.75,1119.75,0,0,0
2019-12-31 10:24:00-05:00,1119.75,1119.8,1119.75,1119.8,0,0,0
2019-12-31 10:25:00-05:00,1119.8,1119.85,1119.8,1119.85,0,0,0
2019-12-31 10:26:00-05:00,1119.86,1119.88,1119.86,1119.88,0,0,0
2019-12-31 10:27:00-05:00,1119.88,1119.88,1119.88,1119.88,0,0,0
2019-12-31 10:28:00-05:00,1119.88,1119.88,1119.88,1119.88,0,0,0
2019-12-31 10:29:00-05:00,1119.88,1119.88,1119.88,1119.88,0,0,0
2019-12-31 10:30:00-05:00,1119.88,1119.88,1119.88,1119.88,0,0,0
2019-12-31 10:31:00-05:00,1119.88,1119.88,1119.88,1119.88,0,0,0
2019-12-31 10:32:00-05:00,1119.88,1119.88,1119.88,1119.88,0,0,0
2019-12-31 10:33:00-05:00,1119.88,1120.27,1119.88,1119.9,0,0,0
2019-12-31 10:34:00-05:00,1119.9,1119.97,1119.9,1119.97,0,0,0
2019-12-31 10:35:00-05:00,1119.97,1119.97,1119.97,1119.97,0,0,0
2019-12-31 10:36:00-05:00,1119.97,1119.97,1119.96,1119.96,0,0,0
2019-12-31 10:37:00-05:00,1119.97,1119.97,1119.97,1119.97,0,0,0
2019-12-31 10:38:00-05:00,1119.97,1119.97,1119.97,1119.97,0,0,0
2019-12-31 10:39:00-05:00,1119.97,1119.98,1119.97,1119.98,0,0,0
2019-12-31 10:40:00-05:00,1119.98,1120.03,1119.98,1120.03,0,0,0
2019-12-31 10:41:00-05:00,1120.35,1120.43,1120.11,1120.14,0,0,0
2019-12-31 10:42:00-05:00,1120.09,1120.09,1120.08,1120.08,0,0,0
2019-12-31 10:43:00-05:00,1120.59,1120.59,1120.11,1120.11,0,0,0
2019-12-31 10:44:00-05:00,1120.11,1120.11,1120.11,1120.11,0,0,0
2019-12-31 10:45:00-05:00,1120.11,1120.15,1120.11,1120.15,0,0,0
2019-12-31 10:46:00-05:00,1120.74,1120.74,1120.24,1120.51,0,0,0
2019-12-31 10:47:00-05:00,1120.51,1120.51,1120.51,1120.51,0,0,0
2019-12-31 10:48:00-05:00,1120.53,1120.58,1120.53,1120.58,0,0,0
2019-12-31 10:49:00-05:00,1120.6,1120.61,1120.54,1120.54,0,0,0
2019-12-31 10:50:00-05:00,1120.51,1120.51,1120.46,1120.46,0,0,0
2019-12-31 10:51:00-05:00,1120.45,1120.46,1120.45,1120.46,0,0,0
2019-12-31 10:52:00-05:00,1120.48,1120.48,1120.48,1120.48,0,0,0
2019-12-31 10:53:00-05:00,1120.58,1120.9,1120.58,1120.9,0,0,0
2019-12-31 10:54:00-05:00,1120.6,1121.06,1120.6,1121.06,0,0,0
2019-12-31 10:55:00-05:00,1120.66,1120.67,1120.66,1120.67,0,0,0
2019-12-31 10:56:00-05:00,1120.68,1120.69,1120.68,1120.69,0,0,0
2019-12-31 10:57:00-05:00,1120.69,1121.22,1120.69,1121.22,0,0,0
2019-12-31 10:58:00-05:00,1121.22,1121.22,1120.81,1120.82,0,0,0
2019-12-31 10:59:00-05:00,1120.82,1121.06,1120.67,1120.7,0,0,0
