Datetime,Open,High,Low,Close,Volume,Dividends,Stock Splits
2019-12-18 11:00:00-05:00,1553.47,1553.6,1553.42,1553.49,0,0,0
2019-12-18 11:01:00-05:00,1553.48,1553.48,1553.07,1553.18,0,0,0
2019-12-18 11:02:00-05:00,1553.2,1553.21,1552.74,1552.78,0,0,0
2019-12-18 11:03:00-05:00,1552.84,1553.25,1552.84,1553.17,0,0,0
2019-12-18 11:04:00-05:00,1553.12,1553.74,1553.12,1553.74,0,0,0
2019-12-18 11:05:00-05:00,1554.24,1554.35,1554.2,1554.25,0,0,0
2019-12-18 11:06:00-05:00,1553.94,1553.94,1553.61,1553.77,0,0,0
2019-12-18 11:07:00-05:00,1553.71,1553.71,1553.24,1553.24,0,0,0
2019-12-18 11:08:00-05:00,1553.23,1553.29,1552.76,1552.76,0,0,0
2019-12-18 11:09:00-05:00,1552.67,1552.67,1552.23,1552.48,0,0,0
2019-12-18 11:10:00-05:00,1552.51,1552.98,1552.51,1552.81,0,0,0
2019-12-18 11:11:00-05:00,1552.8,1552.8,1552.37,1552.54,0,0,0
2019-12-18 11:12:00-05:00,1552.47,1552.47,1552.06,1552.21,0,0,0
2019-12-18 11:13:00-05:00,1552.12,1552.6,1552.12,1552.54,0,0,0
2019-12-18 11:14:00-05:00,1552.42,1552.87,1552.42,1552.87,0,0,0
2019-12-18 11:15:00-05:00,1552.85,1553.59,1552.85,1553.59,0,0,0
2019-12-18 11:16:00-05:00,1553.62,1554.81,1553.62,1554.81,0,0,0
2019-12-18 11:17:00-05:00,1554.84,1555.3,1554.84,1555.13,0,0,0
2019-12-18 11:18:00-05:00,1555.09,1555.09,1554.74,1554.89,0,0,0
2019-12-18 11:19:00-05:00,1554.84,1555.0,1554.76,1555.0,0,0,0
2019-12-18 11:20:00-05:00,1554.84,1554.84,1554.82,1554.82,0,0,0
2019-12-18 11:21:00-05:00,1554.46,1554.62,1554.46,1554.62,0,0,0
2019-12-18 11:22:00-05:00,1554.62,1554.84,1554.62,1554.8,0,0,0
2019-12-18 11:23:00-05:00,1554.8,1554.8,1554.31,1554.31,0,0,0
2019-12-18 11:24:00-05:00,1554.37,1554.58,1554.19,1554.44,0,0,0
2019-12-18 11:25:00-05:00,1554.58,1554.58,1553.92,1553.92,0,0,0
2019-12-18 11:26:00-05:00,1553.82,1553.86,1553.71,1553.86,0,0,0
2019-12-18 11:27:00-05:00,1553.83,1554.27,1553.83,1554.27,0,0,0
2019-12-18 11:28:00-05:00,1554.25,1554.48,1554.19,1554.46,0,0,0
2019-12-18 11:29:00-05:00,1554.42,1554.44,1554.31,1554.41,0,0,0
2019-12-18 11:30:00-05:00,1554.39,1554.39,1554.11,1554.13,0,0,0
2019-12-18 11:31:00-05:00,1554.2,1554.22,1553.71,1553.76,0,0,0
2019-12-18 11:32:00-05:00,1553.76,1553.78,1553.59,1553.59,0,0,0
2019-12-18 11:33:00-05:00,1553.57,1553.57,1553.18,1553.3,0,0,0
2019-12-18 11:34:00-05:00,1553.31,1553.47,1553.31,1553.34,0,0,0
2019-12-18 11:35:00-05:00,1553.32,1553.37,1553.13,1553.37,0,0,0
2019-12-18 11:36:00-05:00,1553.53,1553.69,1553.53,1553.64,0,0,0
2019-12-18 11:37:00-05:00,1553.62,1553.62,1553.48,1553.49,0,0,0
2019-12-18 11:38:00-05:00,1553.49,1553.49,1553.44,1553.44,0,0,0
2019-12-18 11:39:00-05:00,1553.39,1553.39,1553.06,1553.06,0,0,0
2019-12-18 11:40:00-05:00,1553.11,1553.18,1553.11,1553.14,0,0,0
2019-12-18 11:41:00-05:00,1553.0,1553.0,1552.63,1552.7,0,0,0
2019-12-18 11:42:00-05:00,1552.71,1552.71,1552.61,1552.61,0,0,0
2019-12-18 11:43:00-05:00,1552.57,1552.78,1552.49,1552.49,0,0,0
2019-12-18 11:44:00-05:00,1552.52,1552.77,1552.4,1552.4,0,0,0
2019-12-18 11:45:00-05:00,1552.32,1552.52,1552.32,1552.44,0,0,0
2019-12-18 11:46:00-05:00,1552.43,1552.84,1552.39,1552.77,0,0,0
2019-12-18 11:47:00-05:00,1552.78,1552.87,1552.57,1552.57,0,0,0
2019-12-18 11:48:00-05:00,1552.59,1552.77,1552.59,1552.77,0,0,0
2019-12-18 11:49:00-05:00,1552.79,1552.85,1552.77,1552.85,0,0,0
2019-12-18 11:50:00-05:00,1552.86,1552.87,1552.69,1552.71,0,0,0
2019-12-18 11:51:00-05:00,1552.62,1552.62,1552.28,1552.32,0,0,0
2019-12-18 11:52:00-05:00,1552.32,1552.6,1552.31,1552.57,0,0,0
2019-12-18 11:53:00-05:00,1552.6,1552.79,1552.6,1552.75,0,0,0
2019-12-18 11:54:00-05:00,1552.75,1552.81,1552.6,1552.63,0,0,0
2019-12-18 11:55:00-05:00,1552.64,1552.89,1552.63,1552.89,0,0,0
2019-12-18 11:56:00-05:00,1552.88,1553.12,1552.88,1553.11,0,0,0
2019-12-18 11:57:00-05:00,1553.19,1553.3,1553.06,1553.15,0,0,0
2019-12-18 11:58:00-05:00,1553.16,1553.36,1553.11,1553.36,0,0,0
2019-12-18 11:59:00-05:00,1553.37,1553.4,1552.99,1553.01,0,0,0
2019-12-18 12:00:00-05:00,1553.22,1553.23,1553.13,1553.23,0,0,0
2019-12-18 12:01:00-05:00,1553.26,1553.48,1553.26,1553.4,0,0,0
2019-12-18 12:02:00-05:00,1553.42,1553.48,1553.33,1553.48,0,0,0
2019-12-18 12:03:00-05:00,1553.5,1553.5,1553.26,1553.4,0,0,0
2019-12-18 12:04:00-05:00,1553.39,1553.61,1553.39,1553.61,0,0,0
2019-12-18 12:05:00-05:00,1553.68,1553.68,1553.53,1553.66,0,0,0
2019-12-18 12:06:00-05:00,1553.67,1553.73,1553.57,1553.64,0,0,0
2019-12-18 12:07:00-05:00,1553.62,1553.92,1553.61,1553.92,0,0,0
2019-12-18 12:08:00-05:00,1553.94,1554.22,1553.92,1554.19,0,0,0
2019-12-18 12:09:00-05:00,1554.23,1554.84,1554.23,1554.79,0,0,0
2019-12-18 12:10:00-05:00,1554.81,1554.81,1554.52,1554.52,0,0,0
2019-12-18 12:11:00-05:00,1554.5,1554.5,1553.98,1553.98,0,0,0
2019-12-18 12:12:00-05:00,1553.99,1554.31,1553.91,1554.31,0,0,0
2019-12-18 12:13:00-05:00,1554.32,1554.35,1554.23,1554.33,0,0,0
2019-12-18 12:18:00-05:00,1553.9,1553.9,1553.42,1553.42,0,0,0
2019-12-18 12:19:00-05:00,1553.37,1553.37,1553.14,1553.14,0,0,0
2019-12-18 12:20:00-05:00,1553.12,1553.12,1552.46,1552.51,0,0,0
2019-12-18 12:21:00-05:00,1552.5,1552.68,1552.5,1552.68,0,0,0
2019-12-18 12:22:00-05:00,1552.89,1552.97,1552.62,1552.62,0,0,0
2019-12-18 12:23:00-05:00,1552.49,1552.75,1552.47,1552.75,0,0,0
2019-12-18 12:24:00-05:00,1552.71,1552.77,1552.65,1552.67,0,0,0
2019-12-18 12:25:00-05:00,1552.69,1553.35,1552.66,1553.35,0,0,0
2019-12-18 12:26:00-05:00,1553.39,1553.57,1553.39,1553.56,0,0,0
2019-12-18 12:27:00-05:00,1553.53,1553.57,1553.16,1553.16,0,0,0
2019-12-18 12:28:00-05:00,1553.04,1553.04,1552.86,1552.86,0,0,0
2019-12-18 12:29:00-05:00,1552.87,1552.87,1552.6,1552.61,0,0,0
2019-12-18 12:30:00-05:00,1552.62,1552.62,1552.34,1552.36,0,0,0
2019-12-18 12:31:00-05:00,1552.33,1552.55,1552.33,1552.37,0,0,0
2019-12-18 12:32:00-05:00,1552.38,1552.91,1552.34,1552.91,0,0,0
2019-12-18 12:33:00-05:00,1552.91,1553.06,1552.87,1552.87,0,0,0
2019-12-18 12:34:00-05:00,1552.87,1553.17,1552.87,1553.17,0,0,0
2019-12-18 12:35:00-05:00,1553.17,1553.26,1553.14,1553.14,0,0,0
2019-12-18 12:36:00-05:00,1553.13,1553.18,1553.04,1553.04,0,0,0
2019-12-18 12:37:00-05:00,1552.9,1552.9,1552.43,1552.44,0,0,0
2019-12-18 12:38:00-05:00,1552.44,1552.45,1552.21,1552.32,0,0,0
2019-12-18 12:39:00-05:00,1552.34,1552.53,1552.28,1552.28,0,0,0
2019-12-18 12:40:00-05:00,1552.29,1552.3,1552.06,1552.3,0,0,0
2019-12-18 12:41:00-05:00,1552.3,1552.3,1552.0,1552.04,0,0,0
2019-12-18 12:42:00-05:00,1552.06,1552.29,1552.06,1552.29,0,0,0
2019-12-18 12:43:00-05:00,1552.28,1552.49,1552.28,1552.49,0,0,0
2019-12-18 12:44:00-05:00,1552.49,1552.63,1552.49,1552.61,0,0,0
2019-12-18 12:45:00-05:00,1552.57,1552.81,1552.57,1552.81,0,0,0
2019-12-18 12:46:00-05:00,1552.8,1552.82,1552.49,1552.49,0,0,0
2019-12-18 12:47:00-05:00,1552.49,1552.53,1552.39,1552.53,0,0,0
2019-12-18 12:48:00-05:00,1552.53,1552.74,1552.53,1552.74,0,0,0
2019-12-18 12:49:00-05:00,1552.79,1552.79,1552.59,1552.61,0,0,0
2019-12-18 12:50:00-05:00,1552.6,1552.74,1552.57,1552.73,0,0,0
2019-12-18 12:51:00-05:00,1552.75,1552.75,1552.59,1552.59,0,0,0
2019-12-18 12:52:00-05:00,1552.53,1552.53,1552.3,1552.3,0,0,0
2019-12-18 12:53:00-05:00,1552.26,1552.26,1552.12,1552.21,0,0,0
2019-12-18 12:54:00-05:00,1552.21,1552.28,1552.2,1552.25,0,0,0
2019-12-18 12:55:00-05:00,1552.26,1552.29,1552.12,1552.12,0,0,0
2019-12-18 12:56:00-05:00,1552.13,1552.17,1552.12,1552.15,0,0,0
2019-12-18 12:57:00-05:00,1552.11,1552.11,1551.9,1551.96,0,0,0
2019-12-18 12:58:00-05:00,1551.74,1551.76,1551.5,1551.65,0,0,0
2019-12-18 12:59:00-05:00,1551.62,1551.77,1551.56,1551.77,0,0,0
2019-12-18 13:00:00-05:00,1551.81,1552.06,1551.43,1551.61,0,0,0
2019-12-18 13:01:00-05:00,1551.62,1551.94,1551.62,1551.94,0,0,0
2019-12-18 13:02:00-05:00,1551.99,1552.02,1551.94,1552.01,0,0,0
2019-12-18 13:03:00-05:00,1552.01,1552.06,1551.96,1552.0,0,0,0
2019-12-18 13:04:00-05:00,1552.0,1552.12,1551.87,1551.98,0,0,0
2019-12-18 13:05:00-05:00,1551.99,1552.16,1551.99,1552.15,0,0,0
2019-12-18 13:06:00-05:00,1552.17,1552.18,1552.07,1552.14,0,0,0
2019-12-18 13:07:00-05:00,1552.14,1552.18,1551.81,1551.81,0,0,0
2019-12-18 13:08:00-05:00,1551.8,1551.8,1551.62,1551.67,0,0,0
2019-12-18 13:09:00-05:00,1551.67,1551.78,1551.67,1551.76,0,0,0
2019-12-18 13:10:00-05:00,1551.76,1551.93,1551.76,1551.78,0,0,0
2019-12-18 13:11:00-05:00,1551.71,1552.14,1551.71,1552.14,0,0,0
2019-12-18 13:12:00-05:00,1552.11,1552.21,1552.11,1552.2,0,0,0
2019-12-18 13:13:00-05:00,1552.2,1552.23,1552.02,1552.02,0,0,0
2019-12-18 13:14:00-05:00,1552.02,1552.13,1552.02,1552.1,0,0,0
2019-12-18 13:15:00-05:00,1552.07,1552.16,1552.0,1552.16,0,0,0
2019-12-18 13:16:00-05:00,1552.2,1552.2,1552.04,1552.14,0,0,0
2019-12-18 13:17:00-05:00,1552.15,1552.15,1552.06,1552.14,0,0,0
2019-12-18 13:18:00-05:00,1552.18,1552.33,1552.18,1552.32,0,0,0
2019-12-18 13:19:00-05:00,1552.32,1552.37,1552.32,1552.36,0,0,0
2019-12-18 13:20:00-05:00,1552.39,1552.46,1552.27,1552.32,0,0,0
2019-12-18 13:21:00-05:00,1552.29,1552.34,1552.24,1552.24,0,0,0
2019-12-18 13:22:00-05:00,1552.24,1552.24,1552.1,1552.18,0,0,0
2019-12-18 13:23:00-05:00,1552.18,1552.46,1552.18,1552.46,0,0,0
2019-12-18 13:24:00-05:00,1552.44,1552.44,1552.33,1552.39,0,0,0
2019-12-18 13:25:00-05:00,1552.4,1552.44,1552.31,1552.44,0,0,0
2019-12-18 13:26:00-05:00,1552.44,1552.44,1552.4,1552.42,0,0,0
2019-12-18 13:27:00-05:00,1552.56,1552.56,1552.5,1552.51,0,0,0
2019-12-18 13:28:00-05:00,1552.51,1552.53,1552.38,1552.38,0,0,0
2019-12-18 13:29:00-05:00,1552.38,1552.47,1552.34,1552.45,0,0,0
2019-12-18 13:30:00-05:00,1552.45,1552.69,1552.45,1552.69,0,0,0
2019-12-18 13:31:00-05:00,1552.66,1552.66,1552.48,1552.52,0,0,0
2019-12-18 13:32:00-05:00,1552.52,1552.71,1552.5,1552.64,0,0,0
2019-12-18 13:33:00-05:00,1552.68,1552.76,1552.68,1552.75,0,0,0
2019-12-18 13:34:00-05:00,1552.75,1553.13,1552.75,1553.06,0,0,0
2019-12-18 13:35:00-05:00,1553.06,1553.3,1553.06,1553.3,0,0,0
2019-12-18 13:36:00-05:00,1553.32,1553.53,1553.32,1553.41,0,0,0
2019-12-18 13:37:00-05:00,1553.42,1553.42,1553.04,1553.04,0,0,0
2019-12-18 13:38:00-05:00,1553.04,1553.16,1553.02,1553.16,0,0,0
2019-12-18 13:39:00-05:00,1553.16,1553.47,1553.16,1553.35,0,0,0
2019-12-18 13:40:00-05:00,1553.28,1553.28,1552.98,1552.98,0,0,0
2019-12-18 13:41:00-05:00,1553.06,1553.08,1553.03,1553.08,0,0,0
2019-12-18 13:42:00-05:00,1553.1,1553.23,1553.1,1553.18,0,0,0
2019-12-18 13:43:00-05:00,1553.2,1553.31,1553.2,1553.31,0,0,0
2019-12-18 13:44:00-05:00,1553.31,1553.54,1553.31,1553.5,0,0,0
2019-12-18 13:45:00-05:00,1553.5,1553.57,1553.3,1553.35,0,0,0
2019-12-18 13:46:00-05:00,1553.36,1553.39,1553.33,1553.35,0,0,0
2019-12-18 13:47:00-05:00,1553.14,1553.15,1552.97,1552.97,0,0,0
2019-12-18 13:48:00-05:00,1552.97,1553.09,1552.94,1552.97,0,0,0
2019-12-18 13:49:00-05:00,1552.97,1552.97,1552.68,1552.72,0,0,0
2019-12-18 13:50:00-05:00,1552.76,1552.94,1552.76,1552.94,0,0,0
2019-12-18 13:51:00-05:00,1552.92,1552.93,1552.73,1552.8,0,0,0
2019-12-18 13:52:00-05:00,1552.79,1552.88,1552.79,1552.85,0,0,0
2019-12-18 13:53:00-05:00,1552.85,1552.85,1552.68,1552.73,0,0,0
2019-12-18 13:54:00-05:00,1552.75,1552.77,1552.53,1552.57,0,0,0
2019-12-18 13:55:00-05:00,1552.57,1552.78,1552.57,1552.63,0,0,0
2019-12-18 13:56:00-05:00,1552.63,1552.71,1552.58,1552.7,0,0,0
2019-12-18 13:57:00-05:00,1552.71,1552.75,1552.67,1552.71,0,0,0
2019-12-18 13:58:00-05:00,1552.7,1552.79,1552.59,1552.77,0,0,0
2019-12-18 13:59:00-05:00,1552.76,1552.79,1552.66,1552.79,0,0,0
2019-12-18 14:00:00-05:00,1552.79,1552.81,1552.55,1552.79,0,0,0
2019-12-18 14:01:00-05:00,1552.79,1552.8,1552.62,1552.62,0,0,0
2019-12-18 14:02:00-05:00,1552.47,1552.53,1552.27,1552.27,0,0,0
2019-12-18 14:03:00-05:00,1552.28,1552.38,1552.24,1552.24,0,0,0
2019-12-18 14:04:00-05:00,1552.24,1552.49,1552.17,1552.49,0,0,0
2019-12-18 14:05:00-05:00,1552.5,1552.5,1552.18,1552.32,0,0,0
2019-12-18 14:06:00-05:00,1552.3,1552.5,1552.3,1552.46,0,0,0
2019-12-18 14:07:00-05:00,1552.45,1553.13,1552.42,1553.13,0,0,0
2019-12-18 14:08:00-05:00,1553.15,1553.16,1552.74,1552.78,0,0,0
2019-12-18 14:09:00-05:00,1552.84,1553.02,1552.84,1552.95,0,0,0
2019-12-18 14:10:00-05:00,1552.92,1552.93,1552.81,1552.81,0,0,0
2019-12-18 14:11:00-05:00,1552.77,1552.79,1552.7,1552.73,0,0,0
2019-12-18 14:12:00-05:00,1552.73,1552.83,1552.59,1552.59,0,0,0
2019-12-18 14:13:00-05:00,1552.6,1552.9,1552.6,1552.86,0,0,0
2019-12-18 14:14:00-05:00,1552.86,1552.86,1552.55,1552.55,0,0,0
2019-12-18 14:15:00-05:00,1552.55,1552.63,1552.52,1552.57,0,0,0
2019-12-18 14:16:00-05:00,1552.61,1552.69,1552.6,1552.69,0,0,0
2019-12-18 14:17:00-05:00,1552.68,1552.94,1552.61,1552.92,0,0,0
2019-12-18 14:18:00-05:00,1552.95,1553.1,1552.83,1552.98,0,0,0
2019-12-18 14:19:00-05:00,1553.05,1553.05,1552.74,1552.74,0,0,0
2019-12-18 14:20:00-05:00,1552.73,1552.73,1552.49,1552.49,0,0,0
2019-12-18 14:21:00-05:00,1552.45,1552.59,1552.44,1552.51,0,0,0
2019-12-18 14:22:00-05:00,1552.51,1552.88,1552.51,1552.88,0,0,0
2019-12-18 14:23:00-05:00,1552.88,1552.88,1552.52,1552.52,0,0,0
2019-12-18 14:24:00-05:00,1552.52,1552.52,1552.36,1552.41,0,0,0
2019-12-18 14:25:00-05:00,1552.41,1552.41,1552.02,1552.03,0,0,0
2019-12-18 14:26:00-05:00,1552.01,1552.01,1551.64,1551.74,0,0,0
2019-12-18 14:27:00-05:00,1551.76,1552.06,1551.76,1552.06,0,0,0
2019-12-18 14:28:00-05:00,1552.06,1552.13,1551.93,1551.93,0,0,0
2019-12-18 14:29:00-05:00,1551.9,1552.02,1551.87,1551.99,0,0,0
2019-12-18 14:30:00-05:00,1552.02,1552.02,1551.9,1551.98,0,0,0
2019-12-18 14:31:00-05:00,1552.03,1552.04,1551.98,1552.04,0,0,0
2019-12-18 14:32:00-05:00,1552.06,1552.07,1551.86,1551.91,0,0,0
2019-12-18 14:33:00-05:00,1551.91,1552.16,1551.9,1552.15,0,0,0
2019-12-18 14:34:00-05:00,1552.15,1552.56,1552.15,1552.51,0,0,0
2019-12-18 14:35:00-05:00,1552.56,1552.84,1552.56,1552.71,0,0,0
2019-12-18 14:36:00-05:00,1552.61,1552.84,1552.61,1552.84,0,0,0
2019-12-18 14:37:00-05:00,1552.84,1552.86,1552.79,1552.85,0,0,0
2019-12-18 14:38:00-05:00,1552.83,1552.91,1552.69,1552.73,0,0,0
2019-12-18 14:39:00-05:00,1552.72,1552.92,1552.62,1552.92,0,0,0
2019-12-18 14:40:00-05:00,1552.91,1553.37,1552.91,1553.28,0,0,0
2019-12-18 14:41:00-05:00,1553.24,1553.43,1553.24,1553.43,0,0,0
2019-12-18 14:42:00-05:00,1553.36,1553.5,1553.36,1553.37,0,0,0
2019-12-18 14:43:00-05:00,1553.48,1553.55,1553.42,1553.54,0,0,0
2019-12-18 14:44:00-05:00,1553.51,1553.62,1553.5,1553.52,0,0,0
2019-12-18 14:45:00-05:00,1553.52,1553.52,1553.42,1553.44,0,0,0
2019-12-18 14:46:00-05:00,1553.45,1553.64,1553.28,1553.64,0,0,0
2019-12-18 14:47:00-05:00,1553.64,1553.86,1553.64,1553.86,0,0,0
2019-12-18 14:48:00-05:00,1553.88,1553.92,1553.82,1553.82,0,0,0
2019-12-18 14:49:00-05:00,1553.83,1553.86,1553.71,1553.74,0,0,0
2019-12-18 14:50:00-05:00,1553.74,1553.8,1553.74,1553.75,0,0,0
2019-12-18 14:51:00-05:00,1553.75,1553.78,1553.67,1553.78,0,0,0
2019-12-18 14:52:00-05:00,1553.88,1554.07,1553.88,1554.07,0,0,0
2019-12-18 14:53:00-05:00,1554.06,1554.29,1554.03,1554.29,0,0,0
2019-12-18 14:54:00-05:00,1554.28,1554.28,1554.1,1554.17,0,0,0
2019-12-18 14:55:00-05:00,1554.16,1554.16,1553.96,1553.98,0,0,0
2019-12-18 14:56:00-05:00,1553.98,1553.98,1553.74,1553.78,0,0,0
2019-12-18 14:57:00-05:00,1553.77,1553.91,1553.75,1553.9,0,0,0
2019-12-18 14:58:00-05:00,1553.88,1553.88,1553.71,1553.75,0,0,0
2019-12-18 14:59:00-05:00,1553.76,1553.77,1553.68,1553.68,0,0,0
2019-12-18 15:00:00-05:00,1553.69,1553.69,1553.53,1553.54,0,0,0
2019-12-18 15:01:00-05:00,1553.54,1553.59,1553.39,1553.39,0,0,0
2019-12-18 15:02:00-05:00,1553.39,1553.53,1553.32,1553.53,0,0,0
2019-12-18 15:03:00-05:00,1553.51,1553.53,1553.18,1553.21,0,0,0
2019-12-18 15:04:00-05:00,1553.21,1553.63,1553.21,1553.63,0,0,0
2019-12-18 15:05:00-05:00,1553.61,1553.61,1553.36,1553.36,0,0,0
2019-12-18 15:06:00-05:00,1553.36,1553.44,1553.36,1553.39,0,0,0
2019-12-18 15:07:00-05:00,1553.39,1553.74,1553.39,1553.71,0,0,0
2019-12-18 15:08:00-05:00,1553.69,1553.99,1553.59,1553.99,0,0,0
2019-12-18 15:09:00-05:00,1553.99,1554.17,1553.99,1554.09,0,0,0
2019-12-18 15:10:00-05:00,1554.08,1554.29,1554.06,1554.24,0,0,0
2019-12-18 15:11:00-05:00,1554.24,1554.28,1554.18,1554.18,0,0,0
2019-12-18 15:12:00-05:00,1554.18,1554.32,1554.11,1554.28,0,0,0
2019-12-18 15:13:00-05:00,1554.27,1554.27,1554.23,1554.27,0,0,0
2019-12-18 15:14:00-05:00,1554.26,1554.33,1554.24,1554.3,0,0,0
2019-12-18 15:15:00-05:00,1554.32,1554.32,1554.25,1554.25,0,0,0
2019-12-18 15:16:00-05:00,1554.25,1554.54,1554.24,1554.54,0,0,0
2019-12-18 15:17:00-05:00,1554.56,1554.71,1554.56,1554.64,0,0,0
2019-12-18 15:18:00-05:00,1554.64,1554.87,1554.63,1554.86,0,0,0
2019-12-18 15:19:00-05:00,1554.81,1555.28,1554.81,1555.28,0,0,0
2019-12-18 15:20:00-05:00,1555.31,1555.62,1555.31,1555.56,0,0,0
2019-12-18 15:21:00-05:00,1555.63,1555.63,1555.38,1555.49,0,0,0
2019-12-18 15:22:00-05:00,1555.49,1555.64,1555.48,1555.6,0,0,0
2019-12-18 15:23:00-05:00,1555.6,1555.77,1555.6,1555.68,0,0,0
2019-12-18 15:24:00-05:00,1555.69,1556.12,1555.67,1556.12,0,0,0
2019-12-18 15:25:00-05:00,1556.12,1556.24,1556.06,1556.06,0,0,0
2019-12-18 15:26:00-05:00,1556.07,1556.35,1556.05,1556.35,0,0,0
2019-12-18 15:27:00-05:00,1556.34,1556.38,1556.22,1556.25,0,0,0
2019-12-18 15:28:00-05:00,1556.24,1556.24,1555.8,1555.8,0,0,0
2019-12-18 15:29:00-05:00,1555.73,1555.73,1555.04,1555.04,0,0,0
2019-12-18 15:30:00-05:00,1554.88,1555.1,1554.88,1555.04,0,0,0
2019-12-18 15:31:00-05:00,1555.03,1555.15,1554.47,1554.47,0,0,0
2019-12-18 15:32:00-05:00,1554.46,1554.71,1554.43,1554.7,0,0,0
2019-12-18 15:33:00-05:00,1554.71,1554.88,1554.68,1554.68,0,0,0
2019-12-18 15:34:00-05:00,1554.69,1554.72,1554.61,1554.61,0,0,0
2019-12-18 15:35:00-05:00,1554.65,1554.97,1554.65,1554.94,0,0,0
2019-12-18 15:36:00-05:00,1554.93,1555.03,1554.8,1555.03,0,0,0
2019-12-18 15:37:00-05:00,1555.05,1555.2,1555.05,1555.2,0,0,0
2019-12-18 15:38:00-05:00,1555.22,1555.77,1555.2,1555.77,0,0,0
2019-12-18 15:39:00-05:00,1555.77,1555.98,1555.68,1555.71,0,0,0
2019-12-18 15:40:00-05:00,1555.68,1556.13,1555.6,1556.13,0,0,0
2019-12-18 15:41:00-05:00,1556.24,1556.52,1556.18,1556.52,0,0,0
2019-12-18 15:42:00-05:00,1556.54,1556.54,1556.17,1556.17,0,0,0
2019-12-18 15:43:00-05:00,1556.19,1556.19,1556.02,1556.09,0,0,0
2019-12-18 15:44:00-05:00,1556.1,1556.28,1556.1,1556.28,0,0,0
2019-12-18 15:45:00-05:00,1556.25,1556.26,1555.81,1555.81,0,0,0
2019-12-18 15:46:00-05:00,1555.67,1555.97,1555.66,1555.85,0,0,0
2019-12-18 15:47:00-05:00,1555.87,1555.87,1555.73,1555.82,0,0,0
2019-12-18 15:48:00-05:00,1555.8,1555.8,1555.46,1555.46,0,0,0
2019-12-18 15:49:00-05:00,1555.48,1555.72,1555.48,1555.72,0,0,0
2019-12-18 15:50:00-05:00,1555.82,1556.07,1555.62,1555.62,0,0,0
2019-12-18 15:51:00-05:00,1555.61,1555.66,1555.49,1555.51,0,0,0
2019-12-18 15:52:00-05:00,1555.63,1555.81,1555.53,1555.81,0,0,0
2019-12-18 15:53:00-05:00,1555.83,1555.93,1555.69,1555.86,0,0,0
2019-12-18 15:54:00-05:00,1556.23,1556.23,1555.71,1555.93,0,0,0
2019-12-18 15:55:00-05:00,1555.97,1556.28,1555.88,1555.88,0,0,0
2019-12-18 15:56:00-05:00,1555.87,1555.9,1555.57,1555.65,0,0,0
2019-12-18 15:57:00-05:00,1555.61,1556.16,1555.48,1556.11,0,0,0
2019-12-18 15:58:00-05:00,1556.08,1556.12,1555.68,1555.87,0,0,0
2019-12-18 15:59:00-05:00,1555.93,1555.98,1554.16,1554.16,0,0,0
2019-12-19 09:30:00-05:00,1556.51,1557.39,1556.21,1557.39,0,0,0
2019-12-19 09:31:00-05:00,1557.59,1558.07,1556.85,1557.98,0,0,0
2019-12-19 09:32:00-05:00,1557.7,1559.23,1557.7,1559.23,0,0,0
2019-12-19 09:33:00-05:00,1558.88,1559.13,1558.05,1558.25,0,0,0
2019-12-19 09:34:00-05:00,1558.58,1559.2,1558.03,1558.03,0,0,0
2019-12-19 09:35:00-05:00,1558.12,1558.12,1557.39,1557.71,0,0,0
2019-12-19 09:36:00-05:00,1557.45,1557.46,1556.85,1557.16,0,0,0
2019-12-19 09:37:00-05:00,1557.25,1557.28,1555.93,1555.93,0,0,0
2019-12-19 09:38:00-05:00,1556.3,1557.27,1556.3,1557.21,0,0,0
2019-12-19 09:39:00-05:00,1556.98,1557.43,1556.97,1557.21,0,0,0
2019-12-19 09:40:00-05:00,1556.9,1556.9,1556.19,1556.84,0,0,0
2019-12-19 09:41:00-05:00,1557.31,1558.9,1557.31,1558.9,0,0,0
2019-12-19 09:42:00-05:00,1558.92,1558.92,1558.06,1558.13,0,0,0
2019-12-19 09:43:00-05:00,1558.54,1559.08,1558.39,1558.47,0,0,0
2019-12-19 09:44:00-05:00,1558.21,1558.51,1558.13,1558.31,0,0,0
2019-12-19 09:45:00-05:00,1558.19,1558.19,1556.56,1556.56,0,0,0
2019-12-19 09:46:00-05:00,1556.82,1557.24,1556.43,1556.59,0,0,0
2019-12-19 09:47:00-05:00,1556.45,1556.54,1556.24,1556.5,0,0,0
2019-12-19 09:48:00-05:00,1556.51,1557.1,1556.51,1557.01,0,0,0
2019-12-19 09:49:00-05:00,1556.94,1556.94,1555.64,1556.24,0,0,0
2019-12-19 09:50:00-05:00,1556.41,1556.94,1556.41,1556.52,0,0,0
2019-12-19 09:51:00-05:00,1556.63,1557.13,1556.43,1556.43,0,0,0
2019-12-19 09:52:00-05:00,1556.32,1556.6,1556.25,1556.6,0,0,0
2019-12-19 09:53:00-05:00,1556.3,1556.3,1555.78,1555.84,0,0,0
2019-12-19 09:54:00-05:00,1555.74,1555.74,1555.06,1555.06,0,0,0
2019-12-19 09:55:00-05:00,1555.06,1555.3,1555.03,1555.27,0,0,0
2019-12-19 09:56:00-05:00,1555.33,1555.79,1555.32,1555.76,0,0,0
2019-12-19 09:57:00-05:00,1555.81,1556.23,1555.79,1556.1,0,0,0
2019-12-19 09:58:00-05:00,1556.13,1556.5,1556.0,1556.44,0,0,0
2019-12-19 09:59:00-05:00,1556.44,1556.49,1556.19,1556.19,0,0,0
2019-12-19 10:00:00-05:00,1555.85,1556.08,1555.77,1556.08,0,0,0
2019-12-19 10:01:00-05:00,1555.99,1555.99,1554.95,1554.99,0,0,0
2019-12-19 10:02:00-05:00,1554.86,1555.79,1554.86,1555.66,0,0,0
2019-12-19 10:03:00-05:00,1555.56,1556.25,1555.56,1556.19,0,0,0
2019-12-19 10:04:00-05:00,1556.04,1556.14,1555.78,1555.78,0,0,0
2019-12-19 10:05:00-05:00,1555.82,1556.47,1555.75,1556.13,0,0,0
2019-12-19 10:06:00-05:00,1556.08,1556.08,1555.74,1555.76,0,0,0
2019-12-19 10:07:00-05:00,1555.75,1556.16,1555.75,1556.1,0,0,0
2019-12-19 10:08:00-05:00,1556.04,1556.54,1556.04,1556.54,0,0,0
2019-12-19 10:09:00-05:00,1556.51,1556.6,1556.45,1556.6,0,0,0
2019-12-19 10:10:00-05:00,1556.61,1556.64,1555.93,1555.93,0,0,0
2019-12-19 10:11:00-05:00,1555.82,1556.39,1555.81,1556.17,0,0,0
2019-12-19 10:12:00-05:00,1556.16,1556.52,1556.09,1556.09,0,0,0
2019-12-19 10:13:00-05:00,1556.06,1556.54,1556.06,1556.54,0,0,0
2019-12-19 10:14:00-05:00,1556.53,1556.77,1556.5,1556.59,0,0,0
2019-12-19 10:15:00-05:00,1556.51,1556.57,1556.41,1556.48,0,0,0
2019-12-19 10:16:00-05:00,1556.47,1556.47,1556.07,1556.08,0,0,0
2019-12-19 10:17:00-05:00,1556.09,1556.31,1556.05,1556.1,0,0,0
2019-12-19 10:18:00-05:00,1556.13,1556.26,1555.86,1555.86,0,0,0
2019-12-19 10:19:00-05:00,1555.74,1555.74,1555.36,1555.37,0,0,0
2019-12-19 10:20:00-05:00,1555.38,1555.43,1555.32,1555.36,0,0,0
2019-12-19 10:21:00-05:00,1555.34,1555.55,1555.34,1555.46,0,0,0
2019-12-19 10:22:00-05:00,1555.48,1555.59,1555.44,1555.49,0,0,0
2019-12-19 10:23:00-05:00,1555.45,1555.51,1555.31,1555.31,0,0,0
2019-12-19 10:24:00-05:00,1555.17,1555.17,1554.82,1554.92,0,0,0
2019-12-19 10:25:00-05:00,1554.87,1555.08,1554.77,1555.04,0,0,0
2019-12-19 10:26:00-05:00,1555.06,1555.62,1554.98,1555.61,0,0,0
2019-12-19 10:27:00-05:00,1555.59,1556.18,1555.59,1556.18,0,0,0
2019-12-19 10:28:00-05:00,1556.07,1556.63,1556.07,1556.63,0,0,0
2019-12-19 10:29:00-05:00,1556.62,1557.5,1556.62,1557.19,0,0,0
2019-12-19 10:30:00-05:00,1557.17,1557.17,1556.45,1556.56,0,0,0
2019-12-19 10:31:00-05:00,1556.56,1556.69,1556.03,1556.03,0,0,0
2019-12-19 10:32:00-05:00,1556.11,1556.29,1556.1,1556.12,0,0,0
2019-12-19 10:33:00-05:00,1556.17,1556.33,1556.16,1556.16,0,0,0
2019-12-19 10:34:00-05:00,1555.94,1555.99,1555.71,1555.71,0,0,0
2019-12-19 10:35:00-05:00,1555.69,1555.85,1555.67,1555.84,0,0,0
2019-12-19 10:36:00-05:00,1555.81,1556.56,1555.76,1556.56,0,0,0
2019-12-19 10:37:00-05:00,1556.59,1556.68,1556.26,1556.26,0,0,0
2019-12-19 10:38:00-05:00,1556.27,1556.39,1556.17,1556.39,0,0,0
2019-12-19 10:39:00-05:00,1556.3,1556.36,1556.13,1556.13,0,0,0
2019-12-19 10:40:00-05:00,1556.14,1556.17,1555.88,1555.93,0,0,0
2019-12-19 10:41:00-05:00,1555.98,1556.57,1555.98,1556.57,0,0,0
2019-12-19 10:42:00-05:00,1556.64,1557.4,1556.64,1557.31,0,0,0
2019-12-19 10:43:00-05:00,1557.28,1558.08,1557.28,1558.01,0,0,0
2019-12-19 10:44:00-05:00,1557.97,1558.01,1557.67,1557.68,0,0,0
2019-12-19 10:45:00-05:00,1557.58,1557.58,1557.22,1557.22,0,0,0
2019-12-19 10:46:00-05:00,1557.23,1557.32,1557.22,1557.25,0,0,0
2019-12-19 10:47:00-05:00,1557.25,1557.33,1557.2,1557.3,0,0,0
2019-12-19 10:48:00-05:00,1557.29,1557.74,1557.27,1557.74,0,0,0
2019-12-19 10:49:00-05:00,1557.78,1557.78,1557.37,1557.37,0,0,0
2019-12-19 10:50:00-05:00,1557.39,1557.63,1557.33,1557.63,0,0,0
2019-12-19 10:51:00-05:00,1557.66,1557.82,1557.65,1557.74,0,0,0
2019-12-19 10:52:00-05:00,1557.79,1557.88,1557.53,1557.55,0,0,0
2019-12-19 10:53:00-05:00,1557.57,1557.57,1557.39,1557.42,0,0,0
2019-12-19 10:54:00-05:00,1557.41,1557.43,1557.31,1557.31,0,0,0
2019-12-19 10:55:00-05:00,1557.29,1557.4,1557.25,1557.4,0,0,0
2019-12-19 10:56:00-05:00,1557.43,1557.53,1557.42,1557.5,0,0,0
2019-12-19 10:57:00-05:00,1557.44,1557.8,1557.44,1557.8,0,0,0
2019-12-19 10:58:00-05:00,1557.86,1557.97,1557.5,1557.5,0,0,0
2019-12-19 10:59:00-05:00,1557.36,1557.53,1557.32,1557.38,0,0,0
2019-12-19 11:00:00-05:00,1557.43,1557.79,1557.43,1557.79,0,0,0
2019-12-19 11:01:00-05:00,1557.83,1558.11,1557.83,1558.1,0,0,0
2019-12-19 11:02:00-05:00,1558.11,1558.11,1557.67,1557.69,0,0,0
2019-12-19 11:03:00-05:00,1557.71,1557.71,1557.49,1557.5,0,0,0
2019-12-19 11:04:00-05:00,1557.58,1558.33,1557.58,1558.24,0,0,0
2019-12-19 11:05:00-05:00,1558.21,1558.29,1558.13,1558.26,0,0,0
2019-12-19 11:06:00-05:00,1558.15,1558.15,1557.9,1557.95,0,0,0
2019-12-19 11:07:00-05:00,1557.97,1558.01,1557.59,1558.01,0,0,0
2019-12-19 11:08:00-05:00,1558.0,1558.12,1557.99,1558.12,0,0,0
2019-12-19 11:09:00-05:00,1558.21,1558.45,1558.21,1558.43,0,0,0
2019-12-19 11:10:00-05:00,1558.45,1558.76,1558.45,1558.56,0,0,0
2019-12-19 11:11:00-05:00,1558.52,1558.55,1558.48,1558.53,0,0,0
2019-12-19 11:12:00-05:00,1558.61,1558.78,1558.54,1558.78,0,0,0
2019-12-19 11:13:00-05:00,1558.81,1558.81,1558.57,1558.66,0,0,0
2019-12-19 11:14:00-05:00,1558.71,1558.71,1558.51,1558.52,0,0,0
2019-12-19 11:15:00-05:00,1558.56,1558.89,1558.56,1558.87,0,0,0
2019-12-19 11:16:00-05:00,1558.82,1559.01,1558.81,1559.01,0,0,0
2019-12-19 11:17:00-05:00,1558.98,1559.07,1558.93,1558.93,0,0,0
2019-12-19 11:18:00-05:00,1558.9,1558.99,1558.87,1558.9,0,0,0
2019-12-19 11:19:00-05:00,1558.88,1558.95,1558.79,1558.81,0,0,0
2019-12-19 11:20:00-05:00,1558.81,1559.85,1558.81,1559.67,0,0,0
2019-12-19 11:21:00-05:00,1559.67,1559.67,1559.54,1559.54,0,0,0
2019-12-19 11:22:00-05:00,1559.55,1559.8,1559.55,1559.78,0,0,0
2019-12-19 11:23:00-05:00,1560.15,1560.15,1559.95,1559.95,0,0,0
2019-12-19 11:24:00-05:00,1559.98,1559.98,1559.35,1559.35,0,0,0
2019-12-19 11:25:00-05:00,1559.31,1559.75,1559.04,1559.75,0,0,0
2019-12-19 11:26:00-05:00,1559.78,1559.78,1559.66,1559.74,0,0,0
2019-12-19 11:27:00-05:00,1559.78,1559.82,1559.54,1559.62,0,0,0
2019-12-19 11:28:00-05:00,1559.72,1559.72,1559.58,1559.67,0,0,0
2019-12-19 11:29:00-05:00,1559.65,1559.65,1559.49,1559.49,0,0,0
2019-12-19 11:30:00-05:00,1559.49,1559.5,1559.47,1559.5,0,0,0
2019-12-19 11:31:00-05:00,1559.32,1559.38,1559.23,1559.35,0,0,0
2019-12-19 11:32:00-05:00,1559.38,1559.58,1559.38,1559.53,0,0,0
2019-12-19 11:33:00-05:00,1559.7,1560.11,1559.7,1560.07,0,0,0
2019-12-19 11:34:00-05:00,1560.03,1560.03,1559.79,1559.91,0,0,0
2019-12-19 11:35:00-05:00,1559.94,1559.94,1559.75,1559.75,0,0,0
2019-12-19 11:36:00-05:00,1559.83,1559.93,1559.77,1559.79,0,0,0
2019-12-19 11:37:00-05:00,1559.94,1560.29,1559.94,1560.29,0,0,0
2019-12-19 11:38:00-05:00,1560.3,1560.3,1560.03,1560.14,0,0,0
2019-12-19 11:39:00-05:00,1560.14,1560.31,1560.12,1560.21,0,0,0
2019-12-19 11:40:00-05:00,1560.2,1560.21,1559.95,1560.0,0,0,0
2019-12-19 11:41:00-05:00,1559.98,1560.24,1559.98,1560.24,0,0,0
2019-12-19 11:42:00-05:00,1560.2,1560.24,1560.19,1560.22,0,0,0
2019-12-19 11:43:00-05:00,1560.22,1560.24,1560.14,1560.24,0,0,0
2019-12-19 11:44:00-05:00,1560.24,1560.24,1559.95,1560.01,0,0,0
2019-12-19 11:45:00-05:00,1560.06,1560.24,1560.06,1560.12,0,0,0
2019-12-19 11:46:00-05:00,1560.19,1560.19,1559.88,1559.92,0,0,0
2019-12-19 11:47:00-05:00,1559.96,1560.04,1559.96,1559.98,0,0,0
2019-12-19 11:48:00-05:00,1560.0,1560.08,1559.97,1559.97,0,0,0
2019-12-19 11:49:00-05:00,1559.94,1560.19,1559.94,1560.14,0,0,0
2019-12-19 11:50:00-05:00,1560.12,1560.41,1560.12,1560.41,0,0,0
2019-12-19 11:51:00-05:00,1560.41,1560.41,1560.08,1560.08,0,0,0
2019-12-19 11:52:00-05:00,1560.01,1560.09,1559.91,1559.91,0,0,0
2019-12-19 11:53:00-05:00,1560.0,1560.39,1560.0,1560.39,0,0,0
2019-12-19 11:54:00-05:00,1560.54,1560.58,1560.37,1560.39,0,0,0
2019-12-19 11:55:00-05:00,1560.39,1560.39,1560.23,1560.31,0,0,0
2019-12-19 11:56:00-05:00,1560.39,1560.77,1560.39,1560.77,0,0,0
2019-12-19 11:57:00-05:00,1560.8,1560.81,1560.62,1560.65,0,0,0
2019-12-19 11:58:00-05:00,1560.65,1560.67,1560.61,1560.61,0,0,0
2019-12-19 12:00:00-05:00,1560.53,1560.53,1560.43,1560.48,0,0,0
2019-12-19 12:01:00-05:00,1560.49,1560.74,1560.49,1560.74,0,0,0
2019-12-19 12:02:00-05:00,1560.76,1561.11,1560.76,1561.11,0,0,0
2019-12-19 12:03:00-05:00,1561.09,1561.11,1561.05,1561.05,0,0,0
2019-12-19 12:04:00-05:00,1561.14,1561.27,1561.14,1561.22,0,0,0
2019-12-19 12:05:00-05:00,1561.19,1561.19,1560.8,1560.82,0,0,0
2019-12-19 12:06:00-05:00,1560.83,1560.83,1560.6,1560.6,0,0,0
2019-12-19 12:07:00-05:00,1560.6,1560.9,1560.45,1560.9,0,0,0
2019-12-19 12:08:00-05:00,1560.88,1561.01,1560.85,1560.93,0,0,0
2019-12-19 12:09:00-05:00,1560.93,1560.93,1560.57,1560.57,0,0,0
2019-12-19 12:10:00-05:00,1560.57,1560.6,1560.43,1560.6,0,0,0
2019-12-19 12:11:00-05:00,1560.63,1560.69,1560.61,1560.66,0,0,0
2019-12-19 12:12:00-05:00,1560.67,1561.24,1560.67,1561.24,0,0,0
2019-12-19 12:13:00-05:00,1561.11,1561.24,1561.11,1561.2,0,0,0
2019-12-19 12:14:00-05:00,1561.17,1561.31,1561.14,1561.31,0,0,0
2019-12-19 12:15:00-05:00,1561.26,1561.46,1561.26,1561.28,0,0,0
2019-12-19 12:16:00-05:00,1561.26,1561.26,1561.18,1561.19,0,0,0
2019-12-19 12:17:00-05:00,1561.19,1561.26,1561.18,1561.23,0,0,0
2019-12-19 12:18:00-05:00,1561.23,1562.0,1561.2,1562.0,0,0,0
2019-12-19 12:19:00-05:00,1562.02,1562.3,1562.0,1562.27,0,0,0
2019-12-19 12:20:00-05:00,1562.2,1562.36,1562.19,1562.3,0,0,0
2019-12-19 12:21:00-05:00,1562.25,1562.25,1561.94,1561.96,0,0,0
2019-12-19 12:22:00-05:00,1561.94,1561.95,1561.7,1561.7,0,0,0
2019-12-19 12:23:00-05:00,1561.69,1561.69,1561.39,1561.42,0,0,0
2019-12-19 12:24:00-05:00,1561.42,1561.44,1561.24,1561.32,0,0,0
2019-12-19 12:25:00-05:00,1561.32,1561.34,1561.26,1561.33,0,0,0
2019-12-19 12:26:00-05:00,1561.33,1561.54,1561.23,1561.53,0,0,0
2019-12-19 12:27:00-05:00,1561.53,1561.6,1561.41,1561.43,0,0,0
2019-12-19 12:28:00-05:00,1561.51,1561.7,1561.51,1561.52,0,0,0
2019-12-19 12:29:00-05:00,1561.52,1561.58,1561.37,1561.37,0,0,0
2019-12-19 12:30:00-05:00,1561.37,1561.42,1561.36,1561.41,0,0,0
2019-12-19 12:31:00-05:00,1561.42,1561.42,1561.35,1561.35,0,0,0
2019-12-19 12:32:00-05:00,1561.32,1561.35,1560.93,1560.93,0,0,0
2019-12-19 12:33:00-05:00,1560.93,1560.94,1560.79,1560.83,0,0,0
2019-12-19 12:34:00-05:00,1560.83,1561.05,1560.83,1560.99,0,0,0
2019-12-19 12:35:00-05:00,1560.99,1561.27,1560.99,1561.11,0,0,0
2019-12-19 12:36:00-05:00,1561.11,1561.12,1561.05,1561.12,0,0,0
2019-12-19 12:37:00-05:00,1561.16,1561.22,1560.88,1560.88,0,0,0
2019-12-19 12:38:00-05:00,1560.87,1560.88,1560.74,1560.84,0,0,0
2019-12-19 12:39:00-05:00,1560.79,1560.81,1560.77,1560.81,0,0,0
2019-12-19 12:40:00-05:00,1560.86,1561.02,1560.69,1560.69,0,0,0
2019-12-19 12:41:00-05:00,1560.68,1560.77,1560.67,1560.77,0,0,0
2019-12-19 12:42:00-05:00,1560.77,1560.86,1560.77,1560.82,0,0,0
2019-12-19 12:43:00-05:00,1560.83,1560.83,1560.68,1560.69,0,0,0
2019-12-19 12:44:00-05:00,1560.71,1561.09,1560.64,1560.92,0,0,0
2019-12-19 12:45:00-05:00,1560.92,1560.95,1560.84,1560.95,0,0,0
2019-12-19 12:46:00-05:00,1561.02,1561.13,1560.95,1561.13,0,0,0
2019-12-19 12:47:00-05:00,1561.13,1561.31,1561.1,1561.31,0,0,0
2019-12-19 12:48:00-05:00,1561.31,1561.63,1561.29,1561.63,0,0,0
2019-12-19 12:49:00-05:00,1561.64,1561.86,1561.64,1561.77,0,0,0
2019-12-19 12:50:00-05:00,1561.77,1561.79,1561.7,1561.79,0,0,0
2019-12-19 12:51:00-05:00,1561.79,1561.88,1561.79,1561.87,0,0,0
2019-12-19 12:52:00-05:00,1561.87,1561.87,1561.11,1561.11,0,0,0
2019-12-19 12:53:00-05:00,1561.08,1561.09,1560.82,1561.09,0,0,0
2019-12-19 12:54:00-05:00,1561.11,1561.31,1561.11,1561.29,0,0,0
2019-12-19 12:55:00-05:00,1561.29,1561.33,1561.18,1561.2,0,0,0
2019-12-19 12:56:00-05:00,1561.11,1561.12,1561.04,1561.12,0,0,0
2019-12-19 12:57:00-05:00,1561.12,1561.21,1561.01,1561.14,0,0,0
2019-12-19 12:58:00-05:00,1561.15,1561.27,1561.13,1561.24,0,0,0
2019-12-19 12:59:00-05:00,1561.24,1561.63,1561.08,1561.63,0,0,0
2019-12-19 13:00:00-05:00,1561.64,1561.73,1561.6,1561.63,0,0,0
2019-12-19 13:01:00-05:00,1561.64,1561.67,1561.54,1561.54,0,0,0
2019-12-19 13:02:00-05:00,1561.52,1561.61,1561.42,1561.42,0,0,0
2019-12-19 13:03:00-05:00,1561.33,1561.42,1561.31,1561.34,0,0,0
2019-12-19 13:04:00-05:00,1561.34,1561.5,1561.09,1561.09,0,0,0
2019-12-19 13:05:00-05:00,1561.08,1561.13,1560.91,1560.92,0,0,0
2019-12-19 13:06:00-05:00,1560.92,1561.05,1560.92,1561.0,0,0,0
2019-12-19 13:07:00-05:00,1561.0,1561.02,1560.92,1560.96,0,0,0
2019-12-19 13:08:00-05:00,1561.01,1561.2,1560.98,1561.19,0,0,0
2019-12-19 13:09:00-05:00,1561.2,1561.76,1561.2,1561.74,0,0,0
2019-12-19 13:10:00-05:00,1561.74,1561.78,1561.57,1561.57,0,0,0
2019-12-19 13:11:00-05:00,1561.59,1561.59,1561.38,1561.41,0,0,0
2019-12-19 13:12:00-05:00,1561.35,1561.35,1561.23,1561.23,0,0,0
2019-12-19 13:13:00-05:00,1561.23,1561.3,1561.03,1561.03,0,0,0
2019-12-19 13:14:00-05:00,1561.03,1561.2,1561.03,1561.19,0,0,0
2019-12-19 13:15:00-05:00,1561.19,1561.8,1561.19,1561.77,0,0,0
2019-12-19 13:16:00-05:00,1561.77,1561.99,1561.77,1561.99,0,0,0
2019-12-19 13:17:00-05:00,1561.99,1562.0,1561.95,1562.0,0,0,0
2019-12-19 13:18:00-05:00,1562.06,1562.13,1561.97,1562.13,0,0,0
2019-12-19 13:19:00-05:00,1562.17,1562.3,1561.82,1561.83,0,0,0
2019-12-19 13:20:00-05:00,1561.81,1561.82,1561.76,1561.76,0,0,0
2019-12-19 13:21:00-05:00,1561.78,1561.8,1561.76,1561.78,0,0,0
2019-12-19 13:22:00-05:00,1561.78,1561.78,1561.51,1561.54,0,0,0
2019-12-19 13:23:00-05:00,1561.54,1561.66,1561.46,1561.47,0,0,0
2019-12-19 13:24:00-05:00,1561.46,1561.62,1561.43,1561.59,0,0,0
2019-12-19 13:25:00-05:00,1561.59,1561.61,1561.58,1561.59,0,0,0
2019-12-19 13:26:00-05:00,1561.59,1561.6,1561.54,1561.55,0,0,0
2019-12-19 13:27:00-05:00,1561.52,1561.61,1561.52,1561.53,0,0,0
2019-12-19 13:28:00-05:00,1561.54,1561.54,1561.34,1561.34,0,0,0
2019-12-19 13:29:00-05:00,1561.35,1561.48,1561.35,1561.48,0,0,0
2019-12-19 13:30:00-05:00,1561.48,1561.48,1561.29,1561.36,0,0,0
2019-12-19 13:31:00-05:00,1561.37,1561.4,1561.27,1561.35,0,0,0
2019-12-19 13:32:00-05:00,1561.37,1561.38,1561.34,1561.35,0,0,0
2019-12-19 13:33:00-05:00,1561.61,1561.66,1561.59,1561.66,0,0,0
2019-12-19 13:34:00-05:00,1561.66,1562.0,1561.66,1562.0,0,0,0
2019-12-19 13:35:00-05:00,1562.02,1562.19,1562.02,1562.17,0,0,0
2019-12-19 13:36:00-05:00,1562.13,1562.15,1561.99,1562.15,0,0,0
2019-12-19 13:37:00-05:00,1562.14,1562.25,1562.14,1562.16,0,0,0
2019-12-19 13:38:00-05:00,1562.14,1562.19,1562.07,1562.11,0,0,0
2019-12-19 13:39:00-05:00,1562.13,1562.47,1562.11,1562.45,0,0,0
2019-12-19 13:40:00-05:00,1562.45,1562.63,1562.45,1562.63,0,0,0
2019-12-19 13:41:00-05:00,1562.67,1562.78,1562.67,1562.71,0,0,0
2019-12-19 13:42:00-05:00,1562.68,1562.68,1562.55,1562.62,0,0,0
2019-12-19 13:43:00-05:00,1562.62,1562.62,1562.2,1562.22,0,0,0
2019-12-19 13:44:00-05:00,1562.22,1562.32,1562.12,1562.32,0,0,0
2019-12-19 13:45:00-05:00,1562.3,1562.68,1562.29,1562.68,0,0,0
2019-12-19 13:46:00-05:00,1562.67,1562.68,1562.65,1562.65,0,0,0
2019-12-19 13:47:00-05:00,1562.65,1562.65,1562.59,1562.62,0,0,0
2019-12-19 13:48:00-05:00,1562.63,1562.63,1562.51,1562.53,0,0,0
2019-12-19 13:49:00-05:00,1562.53,1562.57,1562.46,1562.57,0,0,0
2019-12-19 13:50:00-05:00,1562.62,1562.69,1562.58,1562.65,0,0,0
2019-12-19 13:51:00-05:00,1562.64,1562.69,1562.6,1562.69,0,0,0
2019-12-19 13:52:00-05:00,1562.69,1562.73,1562.61,1562.61,0,0,0
2019-12-19 13:53:00-05:00,1562.61,1562.77,1562.59,1562.77,0,0,0
2019-12-19 13:54:00-05:00,1562.77,1562.93,1562.77,1562.93,0,0,0
2019-12-19 13:55:00-05:00,1562.95,1562.98,1562.91,1562.92,0,0,0
2019-12-19 13:56:00-05:00,1562.92,1562.92,1562.8,1562.8,0,0,0
2019-12-19 13:57:00-05:00,1562.78,1562.98,1562.78,1562.96,0,0,0
2019-12-19 13:58:00-05:00,1562.96,1563.01,1562.96,1563.01,0,0,0
2019-12-19 13:59:00-05:00,1563.01,1563.15,1562.98,1563.15,0,0,0
2019-12-19 14:00:00-05:00,1563.23,1563.23,1563.02,1563.02,0,0,0
2019-12-19 14:01:00-05:00,1563.02,1563.02,1562.91,1562.91,0,0,0
2019-12-19 14:02:00-05:00,1562.99,1563.19,1562.95,1563.19,0,0,0
2019-12-19 14:03:00-05:00,1563.17,1563.25,1563.17,1563.25,0,0,0
2019-12-19 14:04:00-05:00,1563.3,1563.36,1563.25,1563.31,0,0,0
2019-12-19 14:05:00-05:00,1563.31,1563.57,1563.31,1563.57,0,0,0
2019-12-19 14:06:00-05:00,1563.59,1563.69,1563.58,1563.61,0,0,0
2019-12-19 14:07:00-05:00,1563.61,1563.69,1563.55,1563.56,0,0,0
2019-12-19 14:08:00-05:00,1563.54,1563.71,1563.54,1563.71,0,0,0
2019-12-19 14:09:00-05:00,1563.7,1564.0,1563.44,1563.92,0,0,0
2019-12-19 14:10:00-05:00,1563.9,1563.93,1563.67,1563.69,0,0,0
2019-12-19 14:11:00-05:00,1563.68,1563.69,1563.65,1563.69,0,0,0
2019-12-19 14:12:00-05:00,1563.69,1564.13,1563.69,1564.01,0,0,0
2019-12-19 14:13:00-05:00,1564.0,1564.14,1563.94,1564.14,0,0,0
2019-12-19 14:14:00-05:00,1564.14,1564.55,1564.13,1564.55,0,0,0
2019-12-19 14:15:00-05:00,1564.5,1564.62,1564.5,1564.59,0,0,0
2019-12-19 14:16:00-05:00,1564.54,1564.54,1564.29,1564.3,0,0,0
2019-12-19 14:17:00-05:00,1564.31,1564.31,1564.19,1564.31,0,0,0
2019-12-19 14:18:00-05:00,1564.31,1564.32,1564.23,1564.32,0,0,0
2019-12-19 14:19:00-05:00,1564.32,1564.36,1564.27,1564.35,0,0,0
2019-12-19 14:20:00-05:00,1564.46,1564.6,1564.46,1564.5,0,0,0
2019-12-19 14:21:00-05:00,1564.45,1564.55,1564.44,1564.44,0,0,0
2019-12-19 14:22:00-05:00,1564.35,1564.4,1564.26,1564.26,0,0,0
2019-12-19 14:23:00-05:00,1564.26,1564.37,1564.2,1564.2,0,0,0
2019-12-19 14:24:00-05:00,1564.27,1564.33,1564.26,1564.32,0,0,0
2019-12-19 14:25:00-05:00,1564.32,1564.54,1564.32,1564.48,0,0,0
2019-12-19 14:26:00-05:00,1564.48,1564.55,1564.38,1564.49,0,0,0
2019-12-19 14:27:00-05:00,1564.52,1564.67,1564.43,1564.67,0,0,0
2019-12-19 14:28:00-05:00,1564.73,1564.8,1564.72,1564.73,0,0,0
2019-12-19 14:29:00-05:00,1564.73,1564.79,1564.69,1564.69,0,0,0
2019-12-19 14:30:00-05:00,1564.64,1564.72,1564.64,1564.72,0,0,0
2019-12-19 14:31:00-05:00,1564.7,1564.72,1564.66,1564.7,0,0,0
2019-12-19 14:32:00-05:00,1564.67,1564.72,1564.56,1564.58,0,0,0
2019-12-19 14:33:00-05:00,1564.59,1564.65,1564.44,1564.46,0,0,0
2019-12-19 14:34:00-05:00,1564.48,1565.06,1564.47,1565.06,0,0,0
2019-12-19 14:35:00-05:00,1565.13,1565.66,1565.13,1565.61,0,0,0
2019-12-19 14:36:00-05:00,1565.6,1565.6,1565.35,1565.36,0,0,0
2019-12-19 14:37:00-05:00,1565.36,1565.47,1565.33,1565.47,0,0,0
2019-12-19 14:38:00-05:00,1565.46,1565.58,1565.45,1565.58,0,0,0
2019-12-19 14:39:00-05:00,1565.58,1565.63,1565.48,1565.61,0,0,0
2019-12-19 14:40:00-05:00,1565.61,1565.71,1565.61,1565.71,0,0,0
2019-12-19 14:41:00-05:00,1565.73,1565.9,1565.73,1565.87,0,0,0
2019-12-19 14:42:00-05:00,1565.87,1566.07,1565.87,1566.07,0,0,0
2019-12-19 14:43:00-05:00,1565.98,1566.01,1565.8,1565.86,0,0,0
2019-12-19 14:44:00-05:00,1565.84,1566.62,1565.84,1566.62,0,0,0
2019-12-19 14:45:00-05:00,1566.67,1566.84,1566.67,1566.81,0,0,0
2019-12-19 14:46:00-05:00,1566.77,1566.77,1566.43,1566.55,0,0,0
2019-12-19 14:47:00-05:00,1566.55,1566.65,1566.5,1566.61,0,0,0
2019-12-19 14:48:00-05:00,1566.61,1566.76,1566.59,1566.76,0,0,0
2019-12-19 14:49:00-05:00,1566.81,1567.13,1566.81,1567.13,0,0,0
2019-12-19 14:50:00-05:00,1567.1,1567.15,1566.89,1566.96,0,0,0
2019-12-19 14:51:00-05:00,1566.97,1567.25,1566.97,1567.25,0,0,0
2019-12-19 14:52:00-05:00,1567.25,1567.25,1567.06,1567.06,0,0,0
2019-12-19 14:53:00-05:00,1567.05,1567.07,1566.43,1566.72,0,0,0
2019-12-19 14:54:00-05:00,1566.75,1567.12,1566.71,1566.83,0,0,0
2019-12-19 14:55:00-05:00,1566.83,1566.84,1566.35,1566.35,0,0,0
2019-12-19 14:56:00-05:00,1566.39,1566.39,1566.17,1566.29,0,0,0
2019-12-19 14:57:00-05:00,1566.3,1566.3,1565.8,1565.8,0,0,0
2019-12-19 14:58:00-05:00,1565.79,1565.79,1565.51,1565.64,0,0,0
2019-12-19 14:59:00-05:00,1565.64,1565.8,1565.2,1565.23,0,0,0
2019-12-19 15:00:00-05:00,1565.25,1565.35,1565.23,1565.33,0,0,0
2019-12-19 15:01:00-05:00,1565.33,1565.56,1565.33,1565.56,0,0,0
2019-12-19 15:02:00-05:00,1565.53,1565.56,1565.46,1565.56,0,0,0
2019-12-19 15:03:00-05:00,1565.56,1565.66,1565.56,1565.61,0,0,0
2019-12-19 15:04:00-05:00,1565.61,1566.16,1565.61,1566.16,0,0,0
2019-12-19 15:05:00-05:00,1566.16,1566.34,1566.16,1566.28,0,0,0
2019-12-19 15:06:00-05:00,1566.26,1566.47,1566.26,1566.44,0,0,0
2019-12-19 15:07:00-05:00,1566.39,1566.39,1566.12,1566.12,0,0,0
2019-12-19 15:08:00-05:00,1566.09,1566.09,1565.98,1565.99,0,0,0
2019-12-19 15:09:00-05:00,1565.92,1565.99,1565.65,1565.65,0,0,0
2019-12-19 15:10:00-05:00,1565.57,1565.57,1565.12,1565.12,0,0,0
2019-12-19 15:11:00-05:00,1565.12,1565.12,1564.73,1564.73,0,0,0
2019-12-19 15:12:00-05:00,1564.73,1564.9,1564.72,1564.78,0,0,0
2019-12-19 15:13:00-05:00,1564.78,1564.78,1564.59,1564.66,0,0,0
2019-12-19 15:14:00-05:00,1564.6,1564.6,1564.47,1564.49,0,0,0
2019-12-19 15:15:00-05:00,1564.46,1564.6,1564.45,1564.45,0,0,0
2019-12-19 15:16:00-05:00,1564.42,1564.42,1564.35,1564.37,0,0,0
2019-12-19 15:17:00-05:00,1564.37,1564.37,1564.04,1564.04,0,0,0
2019-12-19 15:18:00-05:00,1564.01,1564.13,1564.0,1564.03,0,0,0
2019-12-19 15:19:00-05:00,1564.16,1564.34,1564.15,1564.32,0,0,0
2019-12-19 15:20:00-05:00,1564.32,1564.41,1564.27,1564.38,0,0,0
2019-12-19 15:21:00-05:00,1564.38,1564.38,1563.87,1563.89,0,0,0
2019-12-19 15:22:00-05:00,1563.89,1563.93,1563.73,1563.73,0,0,0
2019-12-19 15:23:00-05:00,1563.73,1563.73,1563.65,1563.65,0,0,0
2019-12-19 15:24:00-05:00,1563.65,1563.71,1563.19,1563.22,0,0,0
2019-12-19 15:25:00-05:00,1563.22,1563.22,1562.91,1563.0,0,0,0
2019-12-19 15:26:00-05:00,1563.01,1563.06,1562.77,1562.77,0,0,0
2019-12-19 15:27:00-05:00,1562.81,1563.09,1562.78,1562.78,0,0,0
2019-12-19 15:28:00-05:00,1562.78,1562.91,1562.76,1562.91,0,0,0
2019-12-19 15:29:00-05:00,1562.91,1563.0,1562.87,1563.0,0,0,0
2019-12-19 15:30:00-05:00,1563.04,1563.33,1563.04,1563.16,0,0,0
2019-12-19 15:31:00-05:00,1563.15,1563.47,1563.07,1563.27,0,0,0
2019-12-19 15:32:00-05:00,1563.27,1563.51,1563.27,1563.37,0,0,0
2019-12-19 15:33:00-05:00,1563.38,1563.43,1563.15,1563.15,0,0,0
2019-12-19 15:34:00-05:00,1563.2,1563.28,1562.93,1562.93,0,0,0
2019-12-19 15:35:00-05:00,1562.87,1562.87,1562.15,1562.15,0,0,0
2019-12-19 15:36:00-05:00,1562.12,1562.12,1561.64,1561.64,0,0,0
2019-12-19 15:37:00-05:00,1561.64,1561.74,1561.51,1561.51,0,0,0
2019-12-19 15:38:00-05:00,1561.48,1561.48,1561.12,1561.15,0,0,0
2019-12-19 15:39:00-05:00,1561.11,1561.37,1561.04,1561.37,0,0,0
2019-12-19 15:40:00-05:00,1561.37,1561.55,1561.24,1561.55,0,0,0
2019-12-19 15:41:00-05:00,1561.59,1562.01,1561.57,1562.01,0,0,0
2019-12-19 15:42:00-05:00,1562.07,1562.15,1561.99,1561.99,0,0,0
2019-12-19 15:43:00-05:00,1561.99,1562.06,1561.96,1562.05,0,0,0
2019-12-19 15:44:00-05:00,1562.07,1562.34,1562.07,1562.34,0,0,0
2019-12-19 15:45:00-05:00,1562.35,1562.62,1562.23,1562.61,0,0,0
2019-12-19 15:46:00-05:00,1562.62,1562.88,1562.58,1562.58,0,0,0
2019-12-19 15:47:00-05:00,1562.56,1562.72,1562.2,1562.2,0,0,0
2019-12-19 15:48:00-05:00,1562.2,1562.28,1562.1,1562.1,0,0,0
2019-12-19 15:49:00-05:00,1562.1,1562.73,1562.1,1562.11,0,0,0
2019-12-19 15:50:00-05:00,1561.66,1562.0,1561.47,1562.0,0,0,0
2019-12-19 15:51:00-05:00,1562.0,1562.39,1561.88,1562.31,0,0,0
2019-12-19 15:52:00-05:00,1562.33,1562.93,1562.33,1562.93,0,0,0
2019-12-19 15:53:00-05:00,1562.84,1562.97,1562.82,1562.9,0,0,0
2019-12-19 15:54:00-05:00,1563.16,1563.19,1562.67,1562.7,0,0,0
2019-12-19 15:55:00-05:00,1562.81,1563.48,1562.68,1563.35,0,0,0
2019-12-19 15:56:00-05:00,1563.34,1563.62,1562.91,1563.62,0,0,0
2019-12-19 15:57:00-05:00,1563.49,1563.58,1563.22,1563.25,0,0,0
2019-12-19 15:58:00-05:00,1563.25,1563.66,1563.15,1563.66,0,0,0
2019-12-19 15:59:00-05:00,1564.01,1564.66,1563.84,1564.4,0,0,0
2019-12-20 09:30:00-05:00,1564.59,1571.35,1564.59,1571.35,0,0,0
2019-12-20 09:31:00-05:00,1568.94,1577.99,1568.94,1577.13,0,0,0
2019-12-20 09:32:00-05:00,1575.67,1580.08,1575.67,1579.98,0,0,0
2019-12-20 09:33:00-05:00,1579.98,1579.98,1578.39,1579.11,0,0,0
2019-12-20 09:34:00-05:00,1579.78,1579.78,1578.09,1579.37,0,0,0
2019-12-20 09:35:00-05:00,1580.27,1580.52,1579.43,1579.43,0,0,0
2019-12-20 09:36:00-05:00,1579.55,1580.38,1579.55,1580.33,0,0,0
2019-12-20 09:37:00-05:00,1580.11,1580.33,1579.86,1580.04,0,0,0
2019-12-20 09:38:00-05:00,1580.43,1581.65,1580.43,1581.44,0,0,0
2019-12-20 09:39:00-05:00,1581.29,1581.58,1581.07,1581.58,0,0,0
2019-12-20 09:40:00-05:00,1581.46,1581.46,1579.33,1579.33,0,0,0
2019-12-20 09:41:00-05:00,1579.23,1580.08,1578.89,1578.97,0,0,0
2019-12-20 09:42:00-05:00,1578.71,1578.71,1576.88,1576.88,0,0,0
2019-12-20 09:43:00-05:00,1576.58,1577.2,1576.47,1577.06,0,0,0
2019-12-20 09:44:00-05:00,1577.38,1577.73,1577.16,1577.16,0,0,0
2019-12-20 09:45:00-05:00,1577.42,1577.42,1576.41,1576.43,0,0,0
2019-12-20 09:46:00-05:00,1576.21,1576.21,1575.6,1575.6,0,0,0
2019-12-20 09:47:00-05:00,1575.55,1576.95,1575.37,1576.95,0,0,0
2019-12-20 09:48:00-05:00,1577.02,1577.72,1577.02,1577.59,0,0,0
2019-12-20 09:49:00-05:00,1577.74,1577.74,1576.42,1576.42,0,0,0
2019-12-20 09:50:00-05:00,1576.37,1576.74,1576.29,1576.54,0,0,0
2019-12-20 09:51:00-05:00,1576.39,1576.39,1576.01,1576.01,0,0,0
2019-12-20 09:52:00-05:00,1576.02,1576.18,1575.62,1575.95,0,0,0
2019-12-20 09:53:00-05:00,1575.98,1576.84,1575.98,1576.5,0,0,0
2019-12-20 09:54:00-05:00,1576.68,1577.09,1576.55,1577.09,0,0,0
2019-12-20 09:55:00-05:00,1577.03,1577.03,1576.49,1576.55,0,0,0
2019-12-20 09:56:00-05:00,1576.63,1577.75,1576.63,1577.75,0,0,0
2019-12-20 09:57:00-05:00,1577.81,1578.13,1577.81,1578.05,0,0,0
2019-12-20 09:58:00-05:00,1578.15,1578.15,1577.78,1577.78,0,0,0
2019-12-20 09:59:00-05:00,1577.85,1578.0,1577.62,1577.81,0,0,0
2019-12-20 10:00:00-05:00,1577.77,1577.77,1576.39,1576.46,0,0,0
2019-12-20 10:01:00-05:00,1576.0,1576.27,1575.7,1576.0,0,0,0
2019-12-20 10:02:00-05:00,1576.19,1577.42,1576.19,1577.4,0,0,0
2019-12-20 10:03:00-05:00,1577.44,1577.77,1577.41,1577.77,0,0,0
2019-12-20 10:04:00-05:00,1577.85,1578.85,1577.85,1578.85,0,0,0
2019-12-20 10:05:00-05:00,1579.1,1580.28,1579.1,1580.28,0,0,0
2019-12-20 10:06:00-05:00,1579.86,1580.37,1579.86,1580.37,0,0,0
2019-12-20 10:07:00-05:00,1580.58,1580.84,1580.55,1580.55,0,0,0
2019-12-20 10:08:00-05:00,1580.35,1580.35,1579.18,1579.18,0,0,0
2019-12-20 10:09:00-05:00,1579.29,1579.29,1578.68,1578.68,0,0,0
2019-12-20 10:10:00-05:00,1578.67,1578.8,1578.56,1578.67,0,0,0
2019-12-20 10:11:00-05:00,1578.85,1579.6,1578.85,1579.6,0,0,0
2019-12-20 10:12:00-05:00,1579.71,1579.76,1579.47,1579.65,0,0,0
2019-12-20 10:13:00-05:00,1579.5,1579.78,1579.49,1579.51,0,0,0
2019-12-20 10:14:00-05:00,1579.33,1579.64,1579.33,1579.33,0,0,0
2019-12-20 10:15:00-05:00,1579.45,1579.66,1579.41,1579.41,0,0,0
2019-12-20 10:16:00-05:00,1579.74,1580.62,1579.74,1580.54,0,0,0
2019-12-20 10:17:00-05:00,1580.61,1581.3,1580.61,1581.21,0,0,0
2019-12-20 10:18:00-05:00,1581.23,1581.46,1581.03,1581.03,0,0,0
2019-12-20 10:19:00-05:00,1580.96,1581.85,1580.96,1581.85,0,0,0
2019-12-20 10:20:00-05:00,1581.97,1581.97,1581.11,1581.11,0,0,0
2019-12-20 10:21:00-05:00,1580.87,1581.71,1580.87,1581.71,0,0,0
2019-12-20 10:22:00-05:00,1581.75,1581.93,1581.74,1581.83,0,0,0
2019-12-20 10:23:00-05:00,1581.98,1582.25,1581.98,1582.11,0,0,0
2019-12-20 10:24:00-05:00,1582.09,1582.4,1581.92,1581.98,0,0,0
2019-12-20 10:25:00-05:00,1581.89,1582.21,1581.89,1581.97,0,0,0
2019-12-20 10:26:00-05:00,1582.02,1582.1,1581.73,1581.76,0,0,0
2019-12-20 10:27:00-05:00,1581.76,1581.81,1581.33,1581.33,0,0,0
2019-12-20 10:28:00-05:00,1581.4,1581.55,1580.88,1581.03,0,0,0
2019-12-20 10:29:00-05:00,1580.76,1581.55,1580.71,1581.37,0,0,0
2019-12-20 10:30:00-05:00,1581.07,1581.77,1581.03,1581.77,0,0,0
2019-12-20 10:31:00-05:00,1581.78,1582.64,1581.74,1582.42,0,0,0
2019-12-20 10:32:00-05:00,1582.38,1582.65,1582.38,1582.53,0,0,0
2019-12-20 10:33:00-05:00,1582.41,1582.41,1582.13,1582.13,0,0,0
2019-12-20 10:34:00-05:00,1582.16,1582.58,1582.04,1582.04,0,0,0
2019-12-20 10:35:00-05:00,1582.25,1582.59,1582.25,1582.45,0,0,0
2019-12-20 10:36:00-05:00,1582.43,1582.54,1582.25,1582.54,0,0,0
2019-12-20 10:37:00-05:00,1582.6,1582.81,1582.44,1582.79,0,0,0
2019-12-20 10:38:00-05:00,1582.66,1582.66,1582.2,1582.2,0,0,0
2019-12-20 10:39:00-05:00,1582.1,1582.13,1581.98,1582.11,0,0,0
2019-12-20 10:40:00-05:00,1582.09,1582.59,1582.09,1582.56,0,0,0
2019-12-20 10:41:00-05:00,1582.67,1583.05,1582.63,1582.88,0,0,0
2019-12-20 10:42:00-05:00,1582.94,1583.07,1582.74,1583.07,0,0,0
2019-12-20 10:43:00-05:00,1583.04,1583.46,1582.92,1583.28,0,0,0
2019-12-20 10:44:00-05:00,1583.24,1583.35,1583.12,1583.12,0,0,0
2019-12-20 10:45:00-05:00,1583.1,1583.38,1582.95,1582.95,0,0,0
2019-12-20 10:46:00-05:00,1582.94,1582.94,1582.44,1582.53,0,0,0
2019-12-20 10:47:00-05:00,1582.6,1583.23,1582.6,1583.19,0,0,0
2019-12-20 10:48:00-05:00,1583.22,1583.76,1583.22,1583.55,0,0,0
2019-12-20 10:49:00-05:00,1583.27,1583.27,1582.59,1582.66,0,0,0
2019-12-20 10:50:00-05:00,1582.74,1582.87,1582.57,1582.75,0,0,0
2019-12-20 10:51:00-05:00,1582.59,1583.0,1582.58,1582.7,0,0,0
2019-12-20 10:52:00-05:00,1582.66,1582.84,1582.49,1582.49,0,0,0
2019-12-20 10:53:00-05:00,1582.46,1582.71,1582.37,1582.54,0,0,0
2019-12-20 10:54:00-05:00,1582.58,1582.58,1582.15,1582.15,0,0,0
2019-12-20 10:55:00-05:00,1582.0,1582.3,1581.82,1582.3,0,0,0
2019-12-20 10:56:00-05:00,1582.26,1582.67,1582.04,1582.05,0,0,0
2019-12-20 10:57:00-05:00,1581.98,1581.98,1581.64,1581.7,0,0,0
2019-12-20 10:58:00-05:00,1581.67,1582.25,1581.67,1582.25,0,0,0
2019-12-20 10:59:00-05:00,1582.47,1582.49,1581.72,1581.72,0,0,0
2019-12-20 11:00:00-05:00,1581.76,1581.81,1581.41,1581.41,0,0,0
2019-12-20 11:01:00-05:00,1581.67,1581.93,1581.52,1581.86,0,0,0
2019-12-20 11:02:00-05:00,1581.83,1581.83,1581.59,1581.61,0,0,0
2019-12-20 11:03:00-05:00,1581.61,1582.0,1581.61,1581.82,0,0,0
2019-12-20 11:04:00-05:00,1581.96,1581.96,1581.7,1581.7,0,0,0
2019-12-20 11:05:00-05:00,1581.69,1581.71,1581.31,1581.31,0,0,0
2019-12-20 11:06:00-05:00,1581.3,1581.42,1581.17,1581.17,0,0,0
2019-12-20 11:07:00-05:00,1581.09,1581.42,1581.04,1581.36,0,0,0
2019-12-20 11:08:00-05:00,1581.47,1581.87,1581.44,1581.87,0,0,0
2019-12-20 11:09:00-05:00,1582.04,1582.2,1581.8,1581.8,0,0,0
2019-12-20 11:10:00-05:00,1581.85,1581.96,1581.76,1581.96,0,0,0
2019-12-20 11:11:00-05:00,1582.09,1582.2,1581.9,1581.91,0,0,0
2019-12-20 11:12:00-05:00,1581.86,1582.14,1581.86,1582.07,0,0,0
2019-12-20 11:13:00-05:00,1582.44,1583.02,1582.44,1583.02,0,0,0
2019-12-20 11:14:00-05:00,1583.01,1583.32,1583.01,1583.2,0,0,0
2019-12-20 11:15:00-05:00,1582.96,1583.11,1582.83,1583.11,0,0,0
2019-12-20 11:16:00-05:00,1582.99,1583.19,1582.99,1583.12,0,0,0
2019-12-20 11:17:00-05:00,1583.17,1583.85,1583.17,1583.85,0,0,0
2019-12-20 11:18:00-05:00,1583.88,1584.17,1583.8,1584.03,0,0,0
2019-12-20 11:19:00-05:00,1583.96,1584.29,1583.96,1584.09,0,0,0
2019-12-20 11:20:00-05:00,1584.06,1584.61,1584.06,1584.11,0,0,0
2019-12-20 11:21:00-05:00,1584.17,1584.29,1583.71,1583.71,0,0,0
2019-12-20 11:22:00-05:00,1583.59,1583.61,1583.31,1583.56,0,0,0
2019-12-20 11:23:00-05:00,1583.57,1583.57,1583.07,1583.24,0,0,0
2019-12-20 11:24:00-05:00,1583.23,1583.73,1583.23,1583.73,0,0,0
2019-12-20 11:25:00-05:00,1583.77,1583.77,1583.33,1583.47,0,0,0
2019-12-20 11:26:00-05:00,1583.42,1583.42,1583.18,1583.21,0,0,0
2019-12-20 11:27:00-05:00,1583.19,1583.25,1583.11,1583.25,0,0,0
2019-12-20 11:28:00-05:00,1583.36,1583.59,1583.36,1583.55,0,0,0
2019-12-20 11:29:00-05:00,1583.61,1583.68,1583.43,1583.49,0,0,0
2019-12-20 11:30:00-05:00,1583.93,1584.91,1583.93,1584.82,0,0,0
2019-12-20 11:31:00-05:00,1584.79,1584.79,1584.44,1584.57,0,0,0
2019-12-20 11:32:00-05:00,1584.57,1584.67,1584.46,1584.67,0,0,0
2019-12-20 11:33:00-05:00,1584.87,1584.87,1584.54,1584.71,0,0,0
2019-12-20 11:34:00-05:00,1584.78,1584.9,1584.71,1584.8,0,0,0
2019-12-20 11:35:00-05:00,1584.65,1584.65,1584.28,1584.28,0,0,0
2019-12-20 11:36:00-05:00,1584.26,1584.32,1584.04,1584.11,0,0,0
2019-12-20 11:37:00-05:00,1584.51,1584.93,1584.51,1584.93,0,0,0
2019-12-20 11:38:00-05:00,1585.1,1585.29,1584.89,1584.93,0,0,0
2019-12-20 11:39:00-05:00,1584.93,1584.94,1584.43,1584.43,0,0,0
2019-12-20 11:40:00-05:00,1584.42,1584.59,1584.17,1584.59,0,0,0
2019-12-20 11:41:00-05:00,1584.79,1584.9,1584.79,1584.81,0,0,0
2019-12-20 11:42:00-05:00,1585.44,1585.59,1585.44,1585.53,0,0,0
2019-12-20 11:43:00-05:00,1585.51,1585.51,1584.99,1584.99,0,0,0
2019-12-20 11:44:00-05:00,1584.98,1584.98,1584.77,1584.77,0,0,0
2019-12-20 11:45:00-05:00,1584.87,1584.87,1584.46,1584.46,0,0,0
2019-12-20 11:46:00-05:00,1584.5,1584.53,1584.34,1584.36,0,0,0
2019-12-20 11:47:00-05:00,1584.31,1584.31,1583.86,1583.86,0,0,0
2019-12-20 11:48:00-05:00,1583.8,1584.13,1583.8,1584.01,0,0,0
2019-12-20 11:49:00-05:00,1583.93,1583.93,1583.69,1583.85,0,0,0
2019-12-20 11:50:00-05:00,1583.97,1584.13,1583.91,1584.06,0,0,0
2019-12-20 11:51:00-05:00,1584.17,1584.2,1584.02,1584.07,0,0,0
2019-12-20 11:52:00-05:00,1584.08,1584.1,1583.98,1584.1,0,0,0
2019-12-20 11:53:00-05:00,1584.04,1584.16,1584.01,1584.01,0,0,0
2019-12-20 11:54:00-05:00,1583.9,1583.9,1583.51,1583.51,0,0,0
2019-12-20 11:55:00-05:00,1583.49,1583.49,1583.02,1583.02,0,0,0
2019-12-20 11:56:00-05:00,1583.01,1583.01,1582.58,1582.6,0,0,0
2019-12-20 11:57:00-05:00,1582.47,1582.47,1581.67,1581.67,0,0,0
2019-12-20 11:58:00-05:00,1581.72,1581.76,1581.49,1581.49,0,0,0
2019-12-20 11:59:00-05:00,1581.37,1581.56,1581.18,1581.56,0,0,0
2019-12-20 12:00:00-05:00,1581.53,1581.77,1581.48,1581.76,0,0,0
2019-12-20 12:01:00-05:00,1581.76,1581.76,1581.58,1581.6,0,0,0
2019-12-20 12:02:00-05:00,1581.59,1581.77,1581.49,1581.68,0,0,0
2019-12-20 12:03:00-05:00,1581.71,1581.72,1581.56,1581.65,0,0,0
2019-12-20 12:04:00-05:00,1581.64,1581.71,1581.59,1581.65,0,0,0
2019-12-20 12:05:00-05:00,1581.62,1581.62,1581.37,1581.37,0,0,0
2019-12-20 12:06:00-05:00,1581.35,1581.43,1581.11,1581.11,0,0,0
2019-12-20 12:07:00-05:00,1581.11,1581.28,1581.03,1581.28,0,0,0
2019-12-20 12:08:00-05:00,1581.4,1581.49,1581.2,1581.47,0,0,0
2019-12-20 12:09:00-05:00,1581.49,1581.7,1581.38,1581.7,0,0,0
2019-12-20 12:10:00-05:00,1581.71,1581.83,1581.62,1581.74,0,0,0
2019-12-20 12:11:00-05:00,1581.77,1581.77,1581.52,1581.64,0,0,0
2019-12-20 12:12:00-05:00,1581.64,1581.83,1581.64,1581.81,0,0,0
2019-12-20 12:15:00-05:00,1581.37,1581.39,1581.29,1581.29,0,0,0
2019-12-20 12:16:00-05:00,1581.32,1581.7,1581.32,1581.52,0,0,0
2019-12-20 12:17:00-05:00,1581.55,1581.82,1581.45,1581.74,0,0,0
2019-12-20 12:18:00-05:00,1581.68,1581.68,1581.16,1581.16,0,0,0
2019-12-20 12:19:00-05:00,1581.15,1581.15,1580.7,1580.72,0,0,0
2019-12-20 12:20:00-05:00,1580.66,1580.69,1580.49,1580.49,0,0,0
2019-12-20 12:21:00-05:00,1580.58,1580.67,1580.45,1580.47,0,0,0
2019-12-20 12:22:00-05:00,1580.47,1580.49,1580.27,1580.46,0,0,0
2019-12-20 12:23:00-05:00,1580.42,1580.42,1580.28,1580.32,0,0,0
2019-12-20 12:24:00-05:00,1580.41,1580.81,1580.39,1580.81,0,0,0
2019-12-20 12:25:00-05:00,1580.84,1581.03,1580.83,1580.97,0,0,0
2019-12-20 12:26:00-05:00,1580.97,1581.01,1580.92,1581.01,0,0,0
2019-12-20 12:27:00-05:00,1581.04,1581.06,1580.84,1580.9,0,0,0
2019-12-20 12:28:00-05:00,1580.93,1581.05,1580.71,1580.78,0,0,0
2019-12-20 12:29:00-05:00,1580.81,1581.12,1580.81,1580.93,0,0,0
2019-12-20 12:30:00-05:00,1580.93,1580.93,1580.69,1580.71,0,0,0
2019-12-20 12:31:00-05:00,1580.71,1580.83,1580.69,1580.75,0,0,0
2019-12-20 12:32:00-05:00,1580.71,1580.74,1580.61,1580.74,0,0,0
2019-12-20 12:33:00-05:00,1580.76,1580.76,1580.2,1580.26,0,0,0
2019-12-20 12:34:00-05:00,1580.21,1580.33,1580.12,1580.33,0,0,0
2019-12-20 12:35:00-05:00,1580.48,1580.9,1580.48,1580.87,0,0,0
2019-12-20 12:36:00-05:00,1580.88,1581.0,1580.79,1580.79,0,0,0
2019-12-20 12:37:00-05:00,1580.81,1580.93,1580.56,1580.56,0,0,0
2019-12-20 12:38:00-05:00,1580.52,1580.95,1580.46,1580.95,0,0,0
2019-12-20 12:39:00-05:00,1580.99,1581.13,1580.98,1581.13,0,0,0
2019-12-20 12:40:00-05:00,1581.15,1581.15,1580.93,1580.93,0,0,0
2019-12-20 12:41:00-05:00,1580.93,1580.93,1580.8,1580.87,0,0,0
2019-12-20 12:42:00-05:00,1580.87,1581.35,1580.87,1581.35,0,0,0
2019-12-20 12:43:00-05:00,1581.4,1581.74,1581.28,1581.31,0,0,0
2019-12-20 12:44:00-05:00,1581.25,1581.53,1581.25,1581.45,0,0,0
2019-12-20 12:45:00-05:00,1581.44,1581.44,1581.13,1581.13,0,0,0
2019-12-20 12:46:00-05:00,1581.07,1581.28,1580.96,1581.15,0,0,0
2019-12-20 12:47:00-05:00,1581.13,1581.13,1580.8,1580.8,0,0,0
2019-12-20 12:48:00-05:00,1580.75,1580.75,1580.66,1580.75,0,0,0
2019-12-20 12:49:00-05:00,1580.73,1580.85,1580.55,1580.66,0,0,0
2019-12-20 12:50:00-05:00,1580.61,1580.61,1580.26,1580.4,0,0,0
2019-12-20 12:51:00-05:00,1580.34,1580.45,1580.33,1580.33,0,0,0
2019-12-20 12:52:00-05:00,1580.3,1580.36,1580.21,1580.28,0,0,0
2019-12-20 12:53:00-05:00,1580.31,1580.56,1580.31,1580.55,0,0,0
2019-12-20 12:54:00-05:00,1580.45,1580.45,1580.16,1580.32,0,0,0
2019-12-20 12:55:00-05:00,1580.29,1580.3,1580.02,1580.09,0,0,0
2019-12-20 12:56:00-05:00,1580.14,1580.2,1579.89,1579.89,0,0,0
2019-12-20 12:57:00-05:00,1579.88,1580.07,1579.88,1580.01,0,0,0
2019-12-20 12:58:00-05:00,1579.95,1579.97,1579.73,1579.73,0,0,0
2019-12-20 12:59:00-05:00,1579.73,1579.83,1579.59,1579.59,0,0,0
2019-12-20 13:00:00-05:00,1579.56,1579.73,1579.56,1579.61,0,0,0
2019-12-20 13:01:00-05:00,1579.58,1579.65,1579.58,1579.61,0,0,0
2019-12-20 13:02:00-05:00,1579.58,1579.58,1579.41,1579.47,0,0,0
2019-12-20 13:03:00-05:00,1579.49,1579.91,1579.48,1579.9,0,0,0
2019-12-20 13:04:00-05:00,1579.9,1579.92,1579.51,1579.51,0,0,0
2019-12-20 13:05:00-05:00,1579.5,1579.51,1579.24,1579.43,0,0,0
2019-12-20 13:06:00-05:00,1579.39,1579.56,1579.37,1579.45,0,0,0
2019-12-20 13:07:00-05:00,1579.45,1579.74,1579.43,1579.74,0,0,0
2019-12-20 13:08:00-05:00,1579.86,1580.01,1579.86,1579.96,0,0,0
2019-12-20 13:09:00-05:00,1579.93,1580.12,1579.81,1579.81,0,0,0
2019-12-20 13:10:00-05:00,1579.81,1579.88,1579.81,1579.82,0,0,0
2019-12-20 13:11:00-05:00,1579.8,1579.8,1579.68,1579.7,0,0,0
2019-12-20 13:12:00-05:00,1579.72,1580.04,1579.72,1579.83,0,0,0
2019-12-20 13:13:00-05:00,1579.83,1579.83,1579.63,1579.75,0,0,0
2019-12-20 13:14:00-05:00,1579.76,1579.87,1579.33,1579.33,0,0,0
2019-12-20 13:15:00-05:00,1579.35,1579.47,1579.35,1579.47,0,0,0
2019-12-20 13:16:00-05:00,1579.51,1579.68,1579.51,1579.68,0,0,0
2019-12-20 13:17:00-05:00,1579.68,1579.83,1579.64,1579.83,0,0,0
2019-12-20 13:18:00-05:00,1579.85,1579.92,1579.72,1579.77,0,0,0
2019-12-20 13:19:00-05:00,1579.9,1580.04,1579.87,1580.03,0,0,0
2019-12-20 13:20:00-05:00,1580.05,1580.38,1580.05,1580.36,0,0,0
2019-12-20 13:21:00-05:00,1580.42,1580.45,1580.28,1580.28,0,0,0
2019-12-20 13:22:00-05:00,1580.31,1580.65,1580.3,1580.63,0,0,0
2019-12-20 13:23:00-05:00,1580.62,1580.88,1580.55,1580.83,0,0,0
2019-12-20 13:24:00-05:00,1580.88,1581.06,1580.88,1580.96,0,0,0
2019-12-20 13:25:00-05:00,1580.94,1580.94,1580.54,1580.54,0,0,0
2019-12-20 13:26:00-05:00,1580.52,1580.52,1580.12,1580.15,0,0,0
2019-12-20 13:27:00-05:00,1580.12,1580.12,1579.95,1580.03,0,0,0
2019-12-20 13:28:00-05:00,1580.05,1580.05,1579.78,1579.78,0,0,0
2019-12-20 13:29:00-05:00,1579.78,1579.93,1579.72,1579.93,0,0,0
2019-12-20 13:30:00-05:00,1579.96,1580.11,1579.93,1580.05,0,0,0
2019-12-20 13:31:00-05:00,1580.05,1580.32,1580.05,1580.16,0,0,0
2019-12-20 13:32:00-05:00,1580.04,1580.08,1579.81,1579.81,0,0,0
2019-12-20 13:33:00-05:00,1579.76,1579.9,1579.76,1579.82,0,0,0
2019-12-20 13:34:00-05:00,1579.84,1580.02,1579.83,1579.98,0,0,0
2019-12-20 13:35:00-05:00,1580.01,1580.17,1580.01,1580.14,0,0,0
2019-12-20 13:36:00-05:00,1580.27,1580.27,1580.01,1580.06,0,0,0
2019-12-20 13:37:00-05:00,1580.15,1580.15,1579.96,1580.0,0,0,0
2019-12-20 13:38:00-05:00,1579.95,1579.95,1579.73,1579.74,0,0,0
2019-12-20 13:39:00-05:00,1579.74,1579.77,1579.72,1579.73,0,0,0
2019-12-20 13:40:00-05:00,1579.7,1579.7,1579.39,1579.39,0,0,0
2019-12-20 13:41:00-05:00,1579.39,1579.85,1579.37,1579.85,0,0,0
2019-12-20 13:42:00-05:00,1579.86,1579.96,1579.8,1579.96,0,0,0
2019-12-20 13:43:00-05:00,1579.96,1580.09,1579.96,1580.08,0,0,0
2019-12-20 13:44:00-05:00,1580.08,1580.12,1579.93,1579.96,0,0,0
2019-12-20 13:45:00-05:00,1579.9,1579.91,1579.5,1579.5,0,0,0
2019-12-20 13:46:00-05:00,1579.5,1579.55,1579.4,1579.41,0,0,0
2019-12-20 13:47:00-05:00,1579.41,1579.83,1579.26,1579.83,0,0,0
2019-12-20 13:48:00-05:00,1579.83,1580.15,1579.79,1580.14,0,0,0
2019-12-20 13:49:00-05:00,1580.14,1580.26,1579.98,1580.25,0,0,0
2019-12-20 13:50:00-05:00,1580.28,1580.38,1580.25,1580.38,0,0,0
2019-12-20 13:51:00-05:00,1580.39,1580.39,1580.09,1580.17,0,0,0
2019-12-20 13:52:00-05:00,1580.17,1580.21,1580.13,1580.17,0,0,0
2019-12-20 13:53:00-05:00,1580.16,1580.16,1579.97,1580.0,0,0,0
2019-12-20 13:54:00-05:00,1580.0,1580.12,1579.9,1580.12,0,0,0
2019-12-20 13:55:00-05:00,1580.12,1580.14,1580.09,1580.13,0,0,0
2019-12-20 13:56:00-05:00,1580.12,1580.23,1580.0,1580.01,0,0,0
2019-12-20 13:57:00-05:00,1580.01,1580.25,1579.96,1580.21,0,0,0
2019-12-20 13:58:00-05:00,1580.21,1580.27,1579.88,1579.89,0,0,0
2019-12-20 13:59:00-05:00,1579.89,1580.13,1579.89,1580.1,0,0,0
2019-12-20 14:00:00-05:00,1580.1,1580.3,1580.09,1580.24,0,0,0
2019-12-20 14:01:00-05:00,1580.24,1580.28,1579.67,1579.67,0,0,0
2019-12-20 14:02:00-05:00,1579.69,1579.71,1579.59,1579.71,0,0,0
2019-12-20 14:03:00-05:00,1579.66,1579.68,1579.57,1579.57,0,0,0
2019-12-20 14:04:00-05:00,1579.58,1579.64,1579.53,1579.64,0,0,0
2019-12-20 14:05:00-05:00,1579.63,1579.65,1579.39,1579.46,0,0,0
2019-12-20 14:06:00-05:00,1579.52,1579.64,1579.45,1579.58,0,0,0
2019-12-20 14:07:00-05:00,1579.66,1579.72,1579.59,1579.69,0,0,0
2019-12-20 14:08:00-05:00,1579.69,1579.72,1579.59,1579.72,0,0,0
2019-12-20 14:09:00-05:00,1579.76,1579.76,1579.64,1579.64,0,0,0
2019-12-20 14:10:00-05:00,1579.66,1579.66,1579.54,1579.66,0,0,0
2019-12-20 14:11:00-05:00,1579.64,1579.66,1579.4,1579.4,0,0,0
2019-12-20 14:12:00-05:00,1579.4,1579.45,1579.21,1579.21,0,0,0
2019-12-20 14:13:00-05:00,1579.19,1579.2,1579.1,1579.1,0,0,0
2019-12-20 14:14:00-05:00,1579.08,1579.22,1578.98,1579.18,0,0,0
2019-12-20 14:15:00-05:00,1579.19,1579.25,1579.18,1579.24,0,0,0
2019-12-20 14:16:00-05:00,1579.23,1579.34,1579.23,1579.33,0,0,0
2019-12-20 14:17:00-05:00,1579.35,1579.51,1579.35,1579.51,0,0,0
2019-12-20 14:18:00-05:00,1579.55,1579.56,1579.35,1579.35,0,0,0
2019-12-20 14:19:00-05:00,1579.35,1579.4,1579.31,1579.4,0,0,0
2019-12-20 14:20:00-05:00,1579.43,1579.55,1579.43,1579.55,0,0,0
2019-12-20 14:21:00-05:00,1579.55,1579.63,1579.53,1579.56,0,0,0
2019-12-20 14:22:00-05:00,1579.56,1579.59,1579.39,1579.4,0,0,0
2019-12-20 14:23:00-05:00,1579.45,1579.54,1579.36,1579.46,0,0,0
2019-12-20 14:24:00-05:00,1579.46,1579.61,1579.46,1579.48,0,0,0
2019-12-20 14:25:00-05:00,1579.48,1579.58,1579.33,1579.33,0,0,0
2019-12-20 14:26:00-05:00,1579.29,1579.29,1578.93,1579.08,0,0,0
2019-12-20 14:27:00-05:00,1579.16,1579.16,1579.03,1579.07,0,0,0
2019-12-20 14:28:00-05:00,1579.06,1579.06,1578.9,1578.92,0,0,0
2019-12-20 14:29:00-05:00,1578.89,1579.27,1578.89,1579.06,0,0,0
2019-12-20 14:30:00-05:00,1579.07,1579.11,1579.04,1579.1,0,0,0
2019-12-20 14:31:00-05:00,1579.07,1579.25,1579.07,1579.11,0,0,0
2019-12-20 14:32:00-05:00,1579.15,1579.25,1579.13,1579.19,0,0,0
2019-12-20 14:33:00-05:00,1579.18,1579.2,1578.84,1579.04,0,0,0
2019-12-20 14:34:00-05:00,1579.11,1579.31,1579.03,1579.31,0,0,0
2019-12-20 14:35:00-05:00,1579.34,1579.36,1579.24,1579.24,0,0,0
2019-12-20 14:36:00-05:00,1579.34,1579.55,1579.22,1579.23,0,0,0
2019-12-20 14:37:00-05:00,1579.25,1579.4,1579.22,1579.24,0,0,0
2019-12-20 14:38:00-05:00,1579.17,1579.31,1579.17,1579.27,0,0,0
2019-12-20 14:39:00-05:00,1579.35,1579.63,1579.34,1579.63,0,0,0
2019-12-20 14:40:00-05:00,1579.63,1579.64,1579.56,1579.56,0,0,0
2019-12-20 14:41:00-05:00,1579.56,1580.02,1579.56,1580.01,0,0,0
2019-12-20 14:42:00-05:00,1580.0,1580.2,1580.0,1580.16,0,0,0
2019-12-20 14:43:00-05:00,1580.25,1580.41,1580.19,1580.35,0,0,0
2019-12-20 14:44:00-05:00,1580.41,1581.1,1580.41,1581.1,0,0,0
2019-12-20 14:45:00-05:00,1581.08,1581.16,1581.02,1581.14,0,0,0
2019-12-20 14:46:00-05:00,1581.26,1581.42,1581.2,1581.34,0,0,0
2019-12-20 14:47:00-05:00,1581.34,1581.38,1581.24,1581.32,0,0,0
2019-12-20 14:48:00-05:00,1581.29,1581.44,1581.25,1581.43,0,0,0
2019-12-20 14:49:00-05:00,1581.44,1581.44,1581.14,1581.18,0,0,0
2019-12-20 14:50:00-05:00,1581.22,1581.82,1581.15,1581.82,0,0,0
2019-12-20 14:51:00-05:00,1581.89,1581.89,1581.73,1581.8,0,0,0
2019-12-20 14:52:00-05:00,1581.91,1582.13,1581.9,1582.13,0,0,0
2019-12-20 14:53:00-05:00,1582.11,1582.27,1582.11,1582.23,0,0,0
2019-12-20 14:54:00-05:00,1582.23,1582.37,1582.23,1582.37,0,0,0
2019-12-20 14:55:00-05:00,1582.4,1582.49,1582.26,1582.26,0,0,0
2019-12-20 14:56:00-05:00,1582.26,1582.49,1582.18,1582.46,0,0,0
2019-12-20 14:57:00-05:00,1582.44,1582.44,1582.14,1582.42,0,0,0
2019-12-20 14:58:00-05:00,1582.41,1582.56,1582.41,1582.45,0,0,0
2019-12-20 14:59:00-05:00,1582.36,1582.59,1582.34,1582.34,0,0,0
2019-12-20 15:00:00-05:00,1582.21,1582.22,1581.69,1581.69,0,0,0
2019-12-20 15:01:00-05:00,1581.77,1581.86,1581.73,1581.76,0,0,0
2019-12-20 15:02:00-05:00,1581.83,1581.93,1581.76,1581.86,0,0,0
2019-12-20 15:03:00-05:00,1581.9,1581.9,1581.42,1581.42,0,0,0
2019-12-20 15:04:00-05:00,1581.39,1581.4,1580.52,1580.53,0,0,0
2019-12-20 15:05:00-05:00,1580.57,1580.57,1580.46,1580.56,0,0,0
2019-12-20 15:06:00-05:00,1580.56,1580.56,1580.31,1580.34,0,0,0
2019-12-20 15:07:00-05:00,1580.27,1580.28,1579.94,1579.94,0,0,0
2019-12-20 15:08:00-05:00,1579.92,1580.23,1579.91,1580.22,0,0,0
2019-12-20 15:09:00-05:00,1580.22,1580.22,1580.14,1580.21,0,0,0
2019-12-20 15:10:00-05:00,1580.22,1580.5,1580.22,1580.47,0,0,0
2019-12-20 15:11:00-05:00,1580.54,1580.81,1580.54,1580.54,0,0,0
2019-12-20 15:12:00-05:00,1580.54,1580.64,1580.48,1580.61,0,0,0
2019-12-20 15:13:00-05:00,1580.66,1580.75,1580.37,1580.38,0,0,0
2019-12-20 15:14:00-05:00,1580.35,1580.73,1580.3,1580.71,0,0,0
2019-12-20 15:15:00-05:00,1580.71,1580.73,1580.41,1580.41,0,0,0
2019-12-20 15:16:00-05:00,1580.54,1580.64,1580.34,1580.36,0,0,0
2019-12-20 15:17:00-05:00,1580.31,1580.55,1580.29,1580.55,0,0,0
2019-12-20 15:18:00-05:00,1580.57,1581.11,1580.57,1581.04,0,0,0
2019-12-20 15:19:00-05:00,1581.05,1581.11,1580.89,1580.89,0,0,0
2019-12-20 15:20:00-05:00,1580.88,1581.21,1580.82,1581.1,0,0,0
2019-12-20 15:21:00-05:00,1581.08,1581.16,1581.07,1581.09,0,0,0
2019-12-20 15:22:00-05:00,1581.07,1581.35,1581.07,1581.34,0,0,0
2019-12-20 15:23:00-05:00,1581.34,1581.48,1581.31,1581.47,0,0,0
2019-12-20 15:24:00-05:00,1581.47,1581.49,1580.8,1580.8,0,0,0
2019-12-20 15:25:00-05:00,1580.8,1581.06,1580.74,1581.06,0,0,0
2019-12-20 15:26:00-05:00,1581.07,1581.07,1580.82,1580.82,0,0,0
2019-12-20 15:27:00-05:00,1580.82,1581.14,1580.82,1581.12,0,0,0
2019-12-20 15:28:00-05:00,1581.17,1581.32,1581.13,1581.29,0,0,0
2019-12-20 15:29:00-05:00,1581.29,1581.42,1581.15,1581.38,0,0,0
2019-12-20 15:30:00-05:00,1581.32,1581.48,1581.31,1581.31,0,0,0
2019-12-20 15:31:00-05:00,1581.31,1581.33,1580.92,1581.0,0,0,0
2019-12-20 15:32:00-05:00,1581.22,1581.66,1581.22,1581.46,0,0,0
2019-12-20 15:33:00-05:00,1581.35,1581.42,1581.31,1581.36,0,0,0
2019-12-20 15:34:00-05:00,1581.37,1581.44,1581.15,1581.15,0,0,0
2019-12-20 15:35:00-05:00,1581.11,1581.82,1581.06,1581.8,0,0,0
2019-12-20 15:36:00-05:00,1581.71,1581.71,1581.48,1581.48,0,0,0
2019-12-20 15:37:00-05:00,1581.54,1581.55,1581.2,1581.22,0,0,0
2019-12-20 15:38:00-05:00,1581.17,1581.49,1581.14,1581.34,0,0,0
2019-12-20 15:39:00-05:00,1581.19,1581.19,1580.63,1580.95,0,0,0
2019-12-20 15:40:00-05:00,1581.02,1581.25,1581.02,1581.05,0,0,0
2019-12-20 15:41:00-05:00,1581.05,1581.47,1580.95,1581.47,0,0,0
2019-12-20 15:42:00-05:00,1581.51,1581.63,1581.43,1581.49,0,0,0
2019-12-20 15:43:00-05:00,1581.45,1581.69,1581.3,1581.63,0,0,0
2019-12-20 15:44:00-05:00,1581.67,1581.85,1581.49,1581.84,0,0,0
2019-12-20 15:45:00-05:00,1581.85,1582.11,1581.85,1582.02,0,0,0
2019-12-20 15:46:00-05:00,1581.91,1581.99,1581.9,1581.98,0,0,0
2019-12-20 15:47:00-05:00,1581.76,1581.76,1581.38,1581.38,0,0,0
2019-12-20 15:48:00-05:00,1581.36,1581.47,1581.21,1581.23,0,0,0
2019-12-20 15:49:00-05:00,1581.23,1581.23,1580.97,1580.97,0,0,0
2019-12-20 15:50:00-05:00,1580.89,1581.05,1580.07,1580.22,0,0,0
2019-12-20 15:51:00-05:00,1580.09,1580.21,1579.34,1579.4,0,0,0
2019-12-20 15:52:00-05:00,1579.29,1579.33,1578.57,1578.57,0,0,0
2019-12-20 15:53:00-05:00,1578.56,1578.65,1578.3,1578.34,0,0,0
2019-12-20 15:54:00-05:00,1578.63,1578.67,1578.01,1578.38,0,0,0
2019-12-20 15:55:00-05:00,1578.43,1578.98,1578.05,1578.4,0,0,0
2019-12-20 15:56:00-05:00,1578.37,1579.04,1578.32,1578.64,0,0,0
2019-12-20 15:57:00-05:00,1578.77,1579.55,1578.77,1579.38,0,0,0
2019-12-20 15:58:00-05:00,1579.35,1579.49,1578.78,1578.78,0,0,0
2019-12-20 15:59:00-05:00,1578.77,1578.77,1577.26,1577.26,0,0,0
2019-12-23 09:30:00-05:00,1576.92,1577.7,1576.59,1576.59,0,0,0
2019-12-23 09:31:00-05:00,1577.02,1577.02,1576.22,1576.22,0,0,0
2019-12-23 09:32:00-05:00,1576.0,1576.64,1575.45,1575.64,0,0,0
2019-12-23 09:33:00-05:00,1575.32,1577.22,1575.32,1577.08,0,0,0
2019-12-23 09:34:00-05:00,1577.13,1577.41,1577.1,1577.3,0,0,0
2019-12-23 09:35:00-05:00,1577.42,1577.52,1575.98,1575.98,0,0,0
2019-12-23 09:36:00-05:00,1576.12,1577.17,1576.12,1577.17,0,0,0
2019-12-23 09:37:00-05:00,1577.3,1578.07,1577.3,1577.87,0,0,0
2019-12-23 09:38:00-05:00,1577.88,1578.45,1577.88,1578.27,0,0,0
2019-12-23 09:39:00-05:00,1577.92,1578.27,1577.92,1578.27,0,0,0
2019-12-23 09:40:00-05:00,1578.29,1578.33,1578.13,1578.26,0,0,0
2019-12-23 09:41:00-05:00,1578.42,1578.83,1578.0,1578.0,0,0,0
2019-12-23 09:42:00-05:00,1578.1,1578.6,1578.08,1578.6,0,0,0
2019-12-23 09:43:00-05:00,1578.7,1579.42,1578.65,1579.42,0,0,0
2019-12-23 09:44:00-05:00,1579.39,1579.72,1578.99,1578.99,0,0,0
2019-12-23 09:45:00-05:00,1578.74,1579.15,1578.67,1578.8,0,0,0
2019-12-23 09:46:00-05:00,1578.78,1578.84,1578.59,1578.73,0,0,0
2019-12-23 09:47:00-05:00,1578.8,1579.0,1578.67,1578.95,0,0,0
2019-12-23 09:48:00-05:00,1578.96,1579.44,1578.9,1579.33,0,0,0
2019-12-23 09:49:00-05:00,1579.3,1579.52,1579.13,1579.21,0,0,0
2019-12-23 09:50:00-05:00,1579.27,1579.65,1579.12,1579.65,0,0,0
2019-12-23 09:51:00-05:00,1579.73,1580.4,1579.67,1580.35,0,0,0
2019-12-23 09:52:00-05:00,1580.25,1580.28,1580.1,1580.16,0,0,0
2019-12-23 09:53:00-05:00,1580.25,1580.25,1579.57,1579.6,0,0,0
2019-12-23 09:54:00-05:00,1579.69,1580.27,1579.69,1579.98,0,0,0
2019-12-23 09:55:00-05:00,1579.93,1579.93,1579.71,1579.8,0,0,0
2019-12-23 09:56:00-05:00,1579.84,1579.84,1579.24,1579.24,0,0,0
2019-12-23 09:57:00-05:00,1579.18,1579.57,1579.18,1579.49,0,0,0
2019-12-23 09:58:00-05:00,1579.35,1579.35,1578.27,1578.3,0,0,0
2019-12-23 09:59:00-05:00,1578.4,1578.45,1578.23,1578.27,0,0,0
2019-12-23 10:00:00-05:00,1578.53,1579.28,1578.53,1579.28,0,0,0
2019-12-23 10:01:00-05:00,1579.23,1579.47,1579.04,1579.04,0,0,0
2019-12-23 10:02:00-05:00,1579.1,1579.25,1579.01,1579.23,0,0,0
2019-12-23 10:03:00-05:00,1579.31,1579.36,1579.28,1579.34,0,0,0
2019-12-23 10:04:00-05:00,1579.29,1579.63,1579.29,1579.29,0,0,0
2019-12-23 10:05:00-05:00,1579.29,1579.29,1579.02,1579.25,0,0,0
2019-12-23 10:06:00-05:00,1579.22,1579.26,1578.95,1579.26,0,0,0
2019-12-23 10:07:00-05:00,1579.05,1579.05,1578.62,1578.63,0,0,0
2019-12-23 10:08:00-05:00,1578.62,1578.72,1578.56,1578.66,0,0,0
2019-12-23 10:09:00-05:00,1578.65,1579.04,1578.65,1578.84,0,0,0
2019-12-23 10:10:00-05:00,1578.85,1579.24,1578.83,1579.24,0,0,0
2019-12-23 10:11:00-05:00,1579.28,1579.63,1579.27,1579.63,0,0,0
2019-12-23 10:12:00-05:00,1579.65,1579.65,1579.19,1579.19,0,0,0
2019-12-23 10:13:00-05:00,1579.1,1579.1,1578.83,1578.91,0,0,0
2019-12-23 10:14:00-05:00,1579.01,1579.01,1578.59,1578.84,0,0,0
2019-12-23 10:15:00-05:00,1578.81,1579.17,1578.81,1579.13,0,0,0
2019-12-23 10:16:00-05:00,1579.16,1579.35,1579.06,1579.12,0,0,0
2019-12-23 10:17:00-05:00,1579.09,1579.22,1579.04,1579.17,0,0,0
2019-12-23 10:18:00-05:00,1579.16,1579.16,1578.67,1578.67,0,0,0
2019-12-23 10:19:00-05:00,1578.66,1578.66,1578.34,1578.55,0,0,0
2019-12-23 10:20:00-05:00,1578.53,1578.59,1578.2,1578.2,0,0,0
2019-12-23 10:21:00-05:00,1578.15,1578.46,1578.15,1578.46,0,0,0
2019-12-23 10:22:00-05:00,1578.67,1579.3,1578.52,1579.15,0,0,0
2019-12-23 10:23:00-05:00,1578.95,1578.95,1578.46,1578.64,0,0,0
2019-12-23 10:24:00-05:00,1578.83,1578.83,1578.52,1578.52,0,0,0
2019-12-23 10:25:00-05:00,1578.59,1578.87,1578.59,1578.83,0,0,0
2019-12-23 10:26:00-05:00,1578.87,1578.87,1578.66,1578.66,0,0,0
2019-12-23 10:27:00-05:00,1578.63,1578.63,1578.29,1578.42,0,0,0
2019-12-23 10:28:00-05:00,1578.48,1578.57,1578.43,1578.43,0,0,0
2019-12-23 10:29:00-05:00,1578.41,1578.41,1577.92,1577.92,0,0,0
2019-12-23 10:30:00-05:00,1577.92,1577.97,1577.9,1577.92,0,0,0
2019-12-23 10:31:00-05:00,1577.92,1577.92,1577.8,1577.81,0,0,0
2019-12-23 10:32:00-05:00,1577.83,1577.83,1577.65,1577.71,0,0,0
2019-12-23 10:33:00-05:00,1577.56,1577.64,1577.48,1577.48,0,0,0
2019-12-23 10:34:00-05:00,1577.52,1577.63,1577.32,1577.38,0,0,0
2019-12-23 10:35:00-05:00,1577.3,1577.32,1576.98,1577.02,0,0,0
2019-12-23 10:36:00-05:00,1577.05,1577.11,1576.98,1577.02,0,0,0
2019-12-23 10:37:00-05:00,1577.01,1577.12,1576.8,1576.8,0,0,0
2019-12-23 10:38:00-05:00,1576.82,1576.84,1576.63,1576.79,0,0,0
2019-12-23 10:39:00-05:00,1576.83,1576.85,1576.58,1576.58,0,0,0
2019-12-23 10:40:00-05:00,1576.57,1577.38,1576.57,1577.33,0,0,0
2019-12-23 10:41:00-05:00,1577.54,1577.6,1577.45,1577.6,0,0,0
2019-12-23 10:42:00-05:00,1577.6,1577.79,1577.38,1577.38,0,0,0
2019-12-23 10:43:00-05:00,1577.29,1577.31,1577.01,1577.08,0,0,0
2019-12-23 10:44:00-05:00,1577.13,1577.13,1576.64,1576.64,0,0,0
2019-12-23 10:45:00-05:00,1576.61,1576.75,1576.61,1576.67,0,0,0
2019-12-23 10:46:00-05:00,1576.53,1576.93,1576.53,1576.84,0,0,0
2019-12-23 10:47:00-05:00,1576.93,1577.22,1576.93,1577.22,0,0,0
2019-12-23 10:48:00-05:00,1577.19,1577.19,1576.73,1576.73,0,0,0
2019-12-23 10:49:00-05:00,1577.1,1577.17,1577.01,1577.15,0,0,0
2019-12-23 10:50:00-05:00,1577.05,1577.34,1577.05,1577.14,0,0,0
2019-12-23 10:51:00-05:00,1577.13,1577.13,1576.67,1576.67,0,0,0
2019-12-23 10:52:00-05:00,1576.67,1576.93,1576.67,1576.68,0,0,0
2019-12-23 10:53:00-05:00,1576.79,1577.5,1576.79,1577.5,0,0,0
2019-12-23 10:54:00-05:00,1577.46,1577.46,1577.32,1577.44,0,0,0
2019-12-23 10:55:00-05:00,1577.57,1577.66,1577.39,1577.41,0,0,0
2019-12-23 10:56:00-05:00,1577.41,1577.51,1577.41,1577.51,0,0,0
2019-12-23 10:57:00-05:00,1577.57,1577.73,1577.47,1577.71,0,0,0
2019-12-23 10:58:00-05:00,1577.72,1577.83,1577.69,1577.83,0,0,0
2019-12-23 10:59:00-05:00,1577.91,1578.25,1577.8,1577.8,0,0,0
2019-12-23 11:00:00-05:00,1577.82,1578.56,1577.82,1578.56,0,0,0
2019-12-23 11:01:00-05:00,1578.64,1578.93,1578.64,1578.76,0,0,0
2019-12-23 11:02:00-05:00,1578.73,1578.75,1578.3,1578.33,0,0,0
2019-12-23 11:03:00-05:00,1578.31,1578.43,1578.29,1578.43,0,0,0
2019-12-23 11:04:00-05:00,1578.35,1578.37,1578.13,1578.13,0,0,0
2019-12-23 11:05:00-05:00,1578.07,1578.33,1578.07,1578.18,0,0,0
2019-12-23 11:06:00-05:00,1578.3,1578.32,1578.27,1578.27,0,0,0
2019-12-23 11:07:00-05:00,1577.82,1577.82,1577.82,1577.82,0,0,0
2019-12-23 11:08:00-05:00,1577.79,1578.07,1577.72,1578.07,0,0,0
2019-12-23 11:09:00-05:00,1578.13,1578.16,1578.07,1578.07,0,0,0
2019-12-23 11:10:00-05:00,1578.05,1578.05,1577.62,1577.62,0,0,0
2019-12-23 11:11:00-05:00,1577.62,1577.71,1577.39,1577.4,0,0,0
2019-12-23 11:12:00-05:00,1577.38,1577.53,1577.33,1577.52,0,0,0
2019-12-23 11:13:00-05:00,1577.53,1577.69,1577.37,1577.61,0,0,0
2019-12-23 11:14:00-05:00,1577.58,1577.63,1577.36,1577.36,0,0,0
2019-12-23 11:15:00-05:00,1577.26,1577.67,1577.26,1577.44,0,0,0
2019-12-23 11:16:00-05:00,1577.45,1577.47,1577.21,1577.21,0,0,0
2019-12-23 11:17:00-05:00,1577.21,1577.3,1577.18,1577.28,0,0,0
2019-12-23 11:18:00-05:00,1577.3,1577.39,1577.29,1577.29,0,0,0
2019-12-23 11:19:00-05:00,1577.34,1577.44,1577.32,1577.32,0,0,0
2019-12-23 11:20:00-05:00,1577.33,1577.66,1577.29,1577.65,0,0,0
2019-12-23 11:21:00-05:00,1577.57,1577.6,1577.49,1577.6,0,0,0
2019-12-23 11:22:00-05:00,1577.63,1577.63,1577.53,1577.53,0,0,0
2019-12-23 11:23:00-05:00,1577.56,1578.01,1577.56,1578.01,0,0,0
2019-12-23 11:24:00-05:00,1578.09,1578.61,1578.09,1578.61,0,0,0
2019-12-23 11:25:00-05:00,1578.73,1578.77,1578.6,1578.66,0,0,0
2019-12-23 11:26:00-05:00,1578.65,1578.78,1578.65,1578.76,0,0,0
2019-12-23 11:27:00-05:00,1578.72,1578.99,1578.72,1578.86,0,0,0
2019-12-23 11:28:00-05:00,1578.82,1579.14,1578.8,1579.14,0,0,0
2019-12-23 11:29:00-05:00,1579.19,1579.19,1579.01,1579.01,0,0,0
2019-12-23 11:30:00-05:00,1578.99,1578.99,1578.84,1578.85,0,0,0
2019-12-23 11:31:00-05:00,1578.84,1578.92,1578.84,1578.92,0,0,0
2019-12-23 11:32:00-05:00,1578.39,1578.39,1578.34,1578.34,0,0,0
2019-12-23 11:33:00-05:00,1578.41,1578.51,1578.25,1578.25,0,0,0
2019-12-23 11:36:00-05:00,1578.23,1578.23,1577.96,1578.04,0,0,0
2019-12-23 11:37:00-05:00,1578.08,1578.63,1578.07,1578.61,0,0,0
2019-12-23 11:38:00-05:00,1578.61,1578.85,1578.58,1578.79,0,0,0
2019-12-23 11:39:00-05:00,1578.79,1578.79,1578.6,1578.73,0,0,0
2019-12-23 11:40:00-05:00,1578.73,1578.95,1578.67,1578.67,0,0,0
2019-12-23 11:41:00-05:00,1578.57,1578.69,1578.57,1578.57,0,0,0
2019-12-23 11:42:00-05:00,1578.57,1578.97,1578.57,1578.97,0,0,0
2019-12-23 11:43:00-05:00,1579.03,1579.1,1578.6,1578.6,0,0,0
2019-12-23 11:44:00-05:00,1578.58,1578.74,1578.58,1578.67,0,0,0
2019-12-23 11:45:00-05:00,1578.63,1578.68,1578.56,1578.68,0,0,0
2019-12-23 11:46:00-05:00,1578.69,1578.97,1578.69,1578.97,0,0,0
2019-12-23 11:47:00-05:00,1579.0,1579.5,1579.0,1579.46,0,0,0
2019-12-23 11:48:00-05:00,1579.52,1579.59,1579.45,1579.5,0,0,0
2019-12-23 11:49:00-05:00,1579.47,1579.47,1579.02,1579.24,0,0,0
2019-12-23 11:50:00-05:00,1579.23,1579.43,1579.19,1579.43,0,0,0
2019-12-23 11:51:00-05:00,1579.49,1579.76,1579.49,1579.7,0,0,0
2019-12-23 11:52:00-05:00,1579.77,1579.77,1579.36,1579.41,0,0,0
2019-12-23 11:53:00-05:00,1579.4,1579.4,1578.97,1578.97,0,0,0
2019-12-23 11:54:00-05:00,1578.99,1579.31,1578.99,1579.08,0,0,0
2019-12-23 11:55:00-05:00,1579.08,1579.17,1578.9,1578.9,0,0,0
2019-12-23 11:56:00-05:00,1578.88,1579.19,1578.88,1579.16,0,0,0
2019-12-23 11:57:00-05:00,1579.3,1579.46,1579.2,1579.46,0,0,0
2019-12-23 11:58:00-05:00,1579.46,1579.5,1579.46,1579.46,0,0,0
2019-12-23 12:01:00-05:00,1579.26,1579.43,1579.2,1579.43,0,0,0
2019-12-23 12:02:00-05:00,1579.42,1579.57,1579.36,1579.55,0,0,0
2019-12-23 12:03:00-05:00,1579.58,1579.69,1579.39,1579.41,0,0,0
2019-12-23 12:04:00-05:00,1579.41,1579.5,1579.19,1579.27,0,0,0
2019-12-23 12:05:00-05:00,1579.27,1579.42,1579.26,1579.35,0,0,0
2019-12-23 12:06:00-05:00,1579.39,1579.44,1579.1,1579.2,0,0,0
2019-12-23 12:07:00-05:00,1579.2,1579.29,1579.07,1579.07,0,0,0
2019-12-23 12:08:00-05:00,1579.07,1579.14,1579.02,1579.06,0,0,0
2019-12-23 12:09:00-05:00,1579.08,1579.31,1579.07,1579.31,0,0,0
2019-12-23 12:10:00-05:00,1579.35,1579.44,1579.27,1579.42,0,0,0
2019-12-23 12:11:00-05:00,1579.42,1579.42,1579.18,1579.22,0,0,0
2019-12-23 12:12:00-05:00,1579.26,1579.49,1579.25,1579.33,0,0,0
2019-12-23 12:13:00-05:00,1579.3,1579.42,1579.3,1579.34,0,0,0
2019-12-23 12:14:00-05:00,1579.34,1579.51,1579.25,1579.25,0,0,0
2019-12-23 12:15:00-05:00,1579.26,1579.48,1579.19,1579.19,0,0,0
2019-12-23 12:16:00-05:00,1579.19,1579.33,1579.18,1579.32,0,0,0
2019-12-23 12:17:00-05:00,1579.33,1579.38,1579.02,1579.05,0,0,0
2019-12-23 12:18:00-05:00,1579.03,1579.24,1579.02,1579.07,0,0,0
2019-12-23 12:19:00-05:00,1579.07,1579.28,1579.06,1579.23,0,0,0
2019-12-23 12:20:00-05:00,1579.19,1579.19,1579.02,1579.09,0,0,0
2019-12-23 12:21:00-05:00,1579.09,1579.22,1579.07,1579.22,0,0,0
2019-12-23 12:22:00-05:00,1579.3,1579.46,1579.3,1579.46,0,0,0
2019-12-23 12:23:00-05:00,1579.51,1579.72,1579.51,1579.72,0,0,0
2019-12-23 12:24:00-05:00,1579.69,1579.89,1579.67,1579.88,0,0,0
2019-12-23 12:25:00-05:00,1579.89,1579.89,1579.57,1579.57,0,0,0
2019-12-23 12:26:00-05:00,1579.55,1579.75,1579.26,1579.75,0,0,0
2019-12-23 12:27:00-05:00,1579.66,1579.84,1579.64,1579.84,0,0,0
2019-12-23 12:28:00-05:00,1579.84,1579.93,1579.82,1579.82,0,0,0
2019-12-23 12:29:00-05:00,1579.8,1579.8,1579.45,1579.47,0,0,0
2019-12-23 12:30:00-05:00,1579.47,1579.94,1579.47,1579.94,0,0,0
2019-12-23 12:31:00-05:00,1579.95,1580.22,1579.95,1580.22,0,0,0
2019-12-23 12:32:00-05:00,1580.22,1580.39,1580.22,1580.39,0,0,0
2019-12-23 12:33:00-05:00,1580.4,1580.72,1580.4,1580.66,0,0,0
2019-12-23 12:34:00-05:00,1580.6,1580.6,1580.48,1580.5,0,0,0
2019-12-23 12:35:00-05:00,1580.52,1580.63,1580.38,1580.52,0,0,0
2019-12-23 12:36:00-05:00,1580.55,1580.55,1580.18,1580.23,0,0,0
2019-12-23 12:37:00-05:00,1580.23,1580.75,1580.23,1580.66,0,0,0
2019-12-23 12:38:00-05:00,1580.64,1580.83,1580.64,1580.83,0,0,0
2019-12-23 12:39:00-05:00,1580.85,1580.85,1580.66,1580.73,0,0,0
2019-12-23 12:40:00-05:00,1580.71,1580.73,1580.68,1580.68,0,0,0
2019-12-23 12:41:00-05:00,1580.7,1581.16,1580.7,1581.09,0,0,0
2019-12-23 12:42:00-05:00,1581.08,1581.08,1580.72,1580.72,0,0,0
2019-12-23 12:43:00-05:00,1580.72,1580.77,1580.62,1580.66,0,0,0
2019-12-23 12:44:00-05:00,1580.7,1580.89,1580.7,1580.76,0,0,0
2019-12-23 12:45:00-05:00,1580.76,1580.87,1580.69,1580.85,0,0,0
2019-12-23 12:46:00-05:00,1580.81,1580.96,1580.75,1580.75,0,0,0
2019-12-23 12:47:00-05:00,1580.62,1580.75,1580.44,1580.5,0,0,0
2019-12-23 12:48:00-05:00,1580.48,1580.49,1580.39,1580.39,0,0,0
2019-12-23 12:49:00-05:00,1580.39,1580.44,1580.33,1580.34,0,0,0
2019-12-23 12:50:00-05:00,1580.31,1580.31,1580.04,1580.04,0,0,0
2019-12-23 12:51:00-05:00,1580.02,1580.09,1579.97,1580.04,0,0,0
2019-12-23 12:52:00-05:00,1580.02,1580.02,1579.84,1579.93,0,0,0
2019-12-23 12:53:00-05:00,1579.93,1580.07,1579.93,1580.07,0,0,0
2019-12-23 12:54:00-05:00,1580.06,1580.07,1579.99,1580.06,0,0,0
2019-12-23 12:55:00-05:00,1580.07,1580.09,1579.98,1580.0,0,0,0
2019-12-23 12:56:00-05:00,1580.04,1580.23,1580.04,1580.2,0,0,0
2019-12-23 12:57:00-05:00,1580.17,1580.33,1580.17,1580.26,0,0,0
2019-12-23 12:58:00-05:00,1580.2,1580.2,1580.03,1580.04,0,0,0
2019-12-23 12:59:00-05:00,1580.02,1580.02,1579.51,1579.51,0,0,0
2019-12-23 13:00:00-05:00,1579.51,1579.54,1579.34,1579.34,0,0,0
2019-12-23 13:01:00-05:00,1579.33,1579.6,1579.33,1579.6,0,0,0
2019-12-23 13:02:00-05:00,1579.57,1579.77,1579.5,1579.7,0,0,0
2019-12-23 13:03:00-05:00,1579.68,1579.68,1579.47,1579.6,0,0,0
2019-12-23 13:04:00-05:00,1579.6,1579.88,1579.6,1579.79,0,0,0
2019-12-23 13:05:00-05:00,1579.75,1579.76,1579.7,1579.71,0,0,0
2019-12-23 13:06:00-05:00,1579.7,1579.7,1579.42,1579.43,0,0,0
2019-12-23 13:07:00-05:00,1579.46,1579.66,1579.41,1579.6,0,0,0
2019-12-23 13:08:00-05:00,1579.6,1579.62,1579.57,1579.59,0,0,0
2019-12-23 13:09:00-05:00,1579.59,1579.62,1579.36,1579.36,0,0,0
2019-12-23 13:10:00-05:00,1579.36,1579.4,1579.29,1579.4,0,0,0
2019-12-23 13:11:00-05:00,1579.4,1579.41,1579.26,1579.33,0,0,0
2019-12-23 13:12:00-05:00,1579.33,1579.45,1579.33,1579.42,0,0,0
2019-12-23 13:13:00-05:00,1579.34,1579.41,1579.31,1579.32,0,0,0
2019-12-23 13:14:00-05:00,1579.29,1579.41,1579.23,1579.41,0,0,0
2019-12-23 13:15:00-05:00,1579.44,1579.58,1579.43,1579.58,0,0,0
2019-12-23 13:16:00-05:00,1579.58,1579.58,1579.17,1579.17,0,0,0
2019-12-23 13:17:00-05:00,1579.18,1579.5,1579.18,1579.48,0,0,0
2019-12-23 13:18:00-05:00,1579.48,1579.48,1579.27,1579.36,0,0,0
2019-12-23 13:19:00-05:00,1579.38,1579.44,1579.32,1579.39,0,0,0
2019-12-23 13:20:00-05:00,1579.4,1579.47,1579.4,1579.47,0,0,0
2019-12-23 13:21:00-05:00,1579.49,1579.65,1579.49,1579.51,0,0,0
2019-12-23 13:22:00-05:00,1579.48,1579.6,1579.47,1579.52,0,0,0
2019-12-23 13:23:00-05:00,1579.52,1579.65,1579.5,1579.64,0,0,0
2019-12-23 13:24:00-05:00,1579.64,1579.82,1579.54,1579.82,0,0,0
2019-12-23 13:25:00-05:00,1579.85,1579.88,1579.82,1579.83,0,0,0
2019-12-23 13:26:00-05:00,1579.83,1579.83,1579.7,1579.7,0,0,0
2019-12-23 13:27:00-05:00,1579.73,1579.77,1579.67,1579.75,0,0,0
2019-12-23 13:28:00-05:00,1579.76,1579.97,1579.76,1579.97,0,0,0
2019-12-23 13:29:00-05:00,1579.97,1579.98,1579.65,1579.85,0,0,0
2019-12-23 13:30:00-05:00,1579.86,1579.87,1579.6,1579.61,0,0,0
2019-12-23 13:31:00-05:00,1579.61,1579.7,1579.5,1579.5,0,0,0
2019-12-23 13:32:00-05:00,1579.45,1579.45,1579.34,1579.35,0,0,0
2019-12-23 13:33:00-05:00,1579.35,1579.35,1579.12,1579.19,0,0,0
2019-12-23 13:34:00-05:00,1579.18,1579.43,1579.18,1579.4,0,0,0
2019-12-23 13:35:00-05:00,1579.4,1579.46,1579.15,1579.43,0,0,0
2019-12-23 13:36:00-05:00,1579.37,1579.38,1579.3,1579.33,0,0,0
2019-12-23 13:37:00-05:00,1579.33,1579.72,1579.33,1579.72,0,0,0
2019-12-23 13:38:00-05:00,1579.68,1579.68,1579.39,1579.39,0,0,0
2019-12-23 13:39:00-05:00,1579.32,1579.38,1579.26,1579.38,0,0,0
2019-12-23 13:40:00-05:00,1579.38,1579.62,1579.38,1579.62,0,0,0
2019-12-23 13:41:00-05:00,1579.62,1579.83,1579.62,1579.77,0,0,0
2019-12-23 13:42:00-05:00,1579.74,1579.81,1579.69,1579.79,0,0,0
2019-12-23 13:43:00-05:00,1579.79,1579.81,1579.56,1579.57,0,0,0
2019-12-23 13:44:00-05:00,1579.57,1579.57,1579.25,1579.25,0,0,0
2019-12-23 13:45:00-05:00,1579.18,1579.22,1579.15,1579.17,0,0,0
2019-12-23 13:46:00-05:00,1579.23,1579.3,1579.21,1579.21,0,0,0
2019-12-23 13:47:00-05:00,1579.19,1579.35,1579.11,1579.11,0,0,0
2019-12-23 13:48:00-05:00,1579.11,1579.31,1579.08,1579.25,0,0,0
2019-12-23 13:49:00-05:00,1579.27,1579.36,1579.25,1579.27,0,0,0
2019-12-23 13:50:00-05:00,1579.27,1579.55,1579.23,1579.49,0,0,0
2019-12-23 13:51:00-05:00,1579.46,1579.72,1579.43,1579.71,0,0,0
2019-12-23 13:52:00-05:00,1579.62,1580.16,1579.61,1580.16,0,0,0
2019-12-23 13:53:00-05:00,1580.15,1580.23,1580.14,1580.18,0,0,0
2019-12-23 13:54:00-05:00,1580.19,1580.3,1580.17,1580.3,0,0,0
2019-12-23 13:55:00-05:00,1580.3,1580.52,1580.3,1580.48,0,0,0
2019-12-23 13:56:00-05:00,1580.48,1580.57,1580.46,1580.57,0,0,0
2019-12-23 13:57:00-05:00,1580.57,1580.57,1580.24,1580.24,0,0,0
2019-12-23 13:58:00-05:00,1580.24,1580.24,1579.99,1579.99,0,0,0
2019-12-23 13:59:00-05:00,1579.98,1579.98,1579.66,1579.7,0,0,0
2019-12-23 14:00:00-05:00,1579.74,1580.1,1579.7,1580.1,0,0,0
2019-12-23 14:01:00-05:00,1580.1,1580.16,1580.06,1580.15,0,0,0
2019-12-23 14:02:00-05:00,1580.18,1580.43,1580.1,1580.4,0,0,0
2019-12-23 14:03:00-05:00,1580.46,1580.46,1580.31,1580.31,0,0,0
2019-12-23 14:04:00-05:00,1580.31,1580.31,1580.08,1580.08,0,0,0
2019-12-23 14:05:00-05:00,1580.08,1580.14,1579.99,1580.04,0,0,0
2019-12-23 14:06:00-05:00,1580.05,1580.15,1579.85,1579.85,0,0,0
2019-12-23 14:07:00-05:00,1579.85,1580.08,1579.85,1580.06,0,0,0
2019-12-23 14:08:00-05:00,1580.07,1580.26,1579.94,1580.26,0,0,0
2019-12-23 14:09:00-05:00,1580.26,1580.55,1580.26,1580.54,0,0,0
2019-12-23 14:10:00-05:00,1580.54,1580.73,1580.44,1580.73,0,0,0
2019-12-23 14:11:00-05:00,1580.73,1581.16,1580.73,1581.16,0,0,0
2019-12-23 14:12:00-05:00,1581.22,1581.28,1581.19,1581.19,0,0,0
2019-12-23 14:13:00-05:00,1581.19,1581.25,1581.19,1581.25,0,0,0
2019-12-23 14:14:00-05:00,1581.16,1581.24,1581.16,1581.21,0,0,0
2019-12-23 14:15:00-05:00,1581.14,1581.17,1580.77,1580.77,0,0,0
2019-12-23 14:16:00-05:00,1580.75,1580.75,1580.59,1580.59,0,0,0
2019-12-23 14:17:00-05:00,1580.64,1580.64,1580.31,1580.31,0,0,0
2019-12-23 14:18:00-05:00,1580.36,1580.86,1580.36,1580.83,0,0,0
2019-12-23 14:19:00-05:00,1580.71,1580.82,1580.7,1580.82,0,0,0
2019-12-23 14:20:00-05:00,1580.82,1580.88,1580.76,1580.85,0,0,0
2019-12-23 14:21:00-05:00,1580.84,1580.87,1580.75,1580.75,0,0,0
2019-12-23 14:22:00-05:00,1580.69,1580.69,1580.61,1580.69,0,0,0
2019-12-23 14:23:00-05:00,1580.72,1580.72,1580.62,1580.67,0,0,0
2019-12-23 14:24:00-05:00,1580.66,1580.68,1580.5,1580.62,0,0,0
2019-12-23 14:25:00-05:00,1580.62,1580.74,1580.46,1580.72,0,0,0
2019-12-23 14:26:00-05:00,1580.72,1580.73,1580.56,1580.56,0,0,0
2019-12-23 14:27:00-05:00,1580.55,1580.58,1580.34,1580.36,0,0,0
2019-12-23 14:28:00-05:00,1580.38,1580.66,1580.38,1580.64,0,0,0
2019-12-23 14:29:00-05:00,1580.69,1580.91,1580.66,1580.88,0,0,0
2019-12-23 14:30:00-05:00,1580.93,1581.05,1580.82,1581.05,0,0,0
2019-12-23 14:31:00-05:00,1581.02,1581.02,1580.82,1580.87,0,0,0
2019-12-23 14:32:00-05:00,1580.77,1580.81,1580.74,1580.8,0,0,0
2019-12-23 14:33:00-05:00,1580.79,1580.85,1580.53,1580.53,0,0,0
2019-12-23 14:34:00-05:00,1580.49,1580.71,1580.49,1580.68,0,0,0
2019-12-23 14:35:00-05:00,1580.69,1580.74,1580.42,1580.74,0,0,0
2019-12-23 14:36:00-05:00,1580.73,1581.01,1580.73,1580.99,0,0,0
2019-12-23 14:37:00-05:00,1580.96,1581.18,1580.87,1581.12,0,0,0
2019-12-23 14:38:00-05:00,1581.12,1581.16,1581.02,1581.16,0,0,0
2019-12-23 14:39:00-05:00,1581.22,1581.37,1581.19,1581.37,0,0,0
2019-12-23 14:40:00-05:00,1581.38,1581.52,1581.31,1581.39,0,0,0
2019-12-23 14:41:00-05:00,1581.36,1581.51,1581.36,1581.5,0,0,0
2019-12-23 14:42:00-05:00,1581.55,1581.64,1581.47,1581.47,0,0,0
2019-12-23 14:43:00-05:00,1581.47,1581.47,1581.32,1581.32,0,0,0
2019-12-23 14:44:00-05:00,1581.32,1581.32,1581.11,1581.31,0,0,0
2019-12-23 14:45:00-05:00,1581.33,1581.47,1581.33,1581.44,0,0,0
2019-12-23 14:46:00-05:00,1581.41,1581.41,1581.22,1581.27,0,0,0
2019-12-23 14:47:00-05:00,1581.38,1581.51,1581.25,1581.47,0,0,0
2019-12-23 14:48:00-05:00,1581.4,1581.83,1581.4,1581.83,0,0,0
2019-12-23 14:49:00-05:00,1581.83,1581.83,1581.57,1581.64,0,0,0
2019-12-23 14:50:00-05:00,1581.64,1581.64,1581.47,1581.48,0,0,0
2019-12-23 14:51:00-05:00,1581.47,1581.64,1581.42,1581.61,0,0,0
2019-12-23 14:52:00-05:00,1581.59,1582.11,1581.59,1582.11,0,0,0
2019-12-23 14:53:00-05:00,1582.14,1582.23,1581.95,1581.95,0,0,0
2019-12-23 14:54:00-05:00,1582.0,1582.05,1581.98,1582.0,0,0,0
2019-12-23 14:55:00-05:00,1581.99,1581.99,1581.86,1581.86,0,0,0
2019-12-23 14:56:00-05:00,1581.82,1581.84,1581.58,1581.58,0,0,0
2019-12-23 14:57:00-05:00,1581.6,1581.66,1581.6,1581.66,0,0,0
2019-12-23 14:58:00-05:00,1581.65,1581.84,1581.64,1581.84,0,0,0
2019-12-23 14:59:00-05:00,1581.87,1581.87,1581.64,1581.65,0,0,0
2019-12-23 15:00:00-05:00,1581.47,1581.58,1581.43,1581.44,0,0,0
2019-12-23 15:01:00-05:00,1581.45,1581.58,1581.45,1581.49,0,0,0
2019-12-23 15:02:00-05:00,1581.53,1581.76,1581.53,1581.65,0,0,0
2019-12-23 15:03:00-05:00,1581.61,1581.65,1581.3,1581.36,0,0,0
2019-12-23 15:04:00-05:00,1581.33,1581.33,1580.97,1581.1,0,0,0
2019-12-23 15:05:00-05:00,1581.1,1581.45,1581.03,1581.45,0,0,0
2019-12-23 15:06:00-05:00,1581.47,1581.47,1581.29,1581.33,0,0,0
2019-12-23 15:07:00-05:00,1581.33,1581.43,1581.33,1581.43,0,0,0
2019-12-23 15:08:00-05:00,1581.43,1581.59,1581.38,1581.53,0,0,0
2019-12-23 15:09:00-05:00,1581.52,1581.53,1581.31,1581.31,0,0,0
2019-12-23 15:10:00-05:00,1581.36,1581.57,1581.36,1581.53,0,0,0
2019-12-23 15:11:00-05:00,1581.5,1581.65,1581.5,1581.55,0,0,0
2019-12-23 15:12:00-05:00,1581.52,1581.76,1581.52,1581.57,0,0,0
2019-12-23 15:13:00-05:00,1581.57,1581.59,1581.37,1581.39,0,0,0
2019-12-23 15:14:00-05:00,1581.34,1581.41,1581.29,1581.34,0,0,0
2019-12-23 15:15:00-05:00,1581.34,1581.38,1581.3,1581.31,0,0,0
2019-12-23 15:16:00-05:00,1581.3,1581.55,1581.29,1581.55,0,0,0
2019-12-23 15:17:00-05:00,1581.55,1581.56,1581.28,1581.3,0,0,0
2019-12-23 15:18:00-05:00,1581.36,1581.36,1581.08,1581.31,0,0,0
2019-12-23 15:19:00-05:00,1581.32,1581.36,1581.07,1581.08,0,0,0
2019-12-23 15:20:00-05:00,1581.08,1581.17,1581.05,1581.15,0,0,0
2019-12-23 15:21:00-05:00,1581.15,1581.16,1580.51,1580.51,0,0,0
2019-12-23 15:22:00-05:00,1580.49,1580.63,1580.42,1580.63,0,0,0
2019-12-23 15:23:00-05:00,1580.64,1580.77,1580.57,1580.59,0,0,0
2019-12-23 15:24:00-05:00,1580.59,1580.6,1580.25,1580.3,0,0,0
2019-12-23 15:25:00-05:00,1580.33,1580.66,1580.26,1580.66,0,0,0
2019-12-23 15:26:00-05:00,1580.96,1581.02,1580.74,1580.76,0,0,0
2019-12-23 15:27:00-05:00,1580.89,1580.99,1580.84,1580.92,0,0,0
2019-12-23 15:28:00-05:00,1580.98,1581.06,1580.92,1580.92,0,0,0
2019-12-23 15:29:00-05:00,1580.95,1581.08,1580.92,1581.02,0,0,0
2019-12-23 15:30:00-05:00,1580.98,1581.49,1580.98,1581.49,0,0,0
2019-12-23 15:31:00-05:00,1581.5,1581.51,1581.36,1581.36,0,0,0
2019-12-23 15:32:00-05:00,1581.39,1581.61,1581.39,1581.5,0,0,0
2019-12-23 15:33:00-05:00,1581.59,1581.93,1581.59,1581.69,0,0,0
2019-12-23 15:34:00-05:00,1581.69,1581.69,1581.29,1581.29,0,0,0
2019-12-23 15:35:00-05:00,1581.35,1581.35,1581.0,1581.16,0,0,0
2019-12-23 15:36:00-05:00,1581.11,1581.14,1580.75,1580.75,0,0,0
2019-12-23 15:37:00-05:00,1580.81,1580.83,1580.64,1580.64,0,0,0
2019-12-23 15:38:00-05:00,1580.54,1580.8,1580.47,1580.78,0,0,0
2019-12-23 15:39:00-05:00,1580.78,1580.78,1580.36,1580.39,0,0,0
2019-12-23 15:40:00-05:00,1580.38,1580.53,1580.31,1580.49,0,0,0
2019-12-23 15:41:00-05:00,1580.48,1580.53,1580.46,1580.52,0,0,0
2019-12-23 15:42:00-05:00,1580.53,1580.59,1580.31,1580.32,0,0,0
2019-12-23 15:43:00-05:00,1580.31,1580.37,1580.2,1580.2,0,0,0
2019-12-23 15:44:00-05:00,1580.2,1580.23,1580.09,1580.23,0,0,0
2019-12-23 15:45:00-05:00,1580.15,1580.41,1580.08,1580.38,0,0,0
2019-12-23 15:46:00-05:00,1580.34,1580.49,1580.28,1580.41,0,0,0
2019-12-23 15:47:00-05:00,1580.36,1580.36,1579.79,1579.79,0,0,0
2019-12-23 15:48:00-05:00,1579.82,1580.02,1579.82,1579.94,0,0,0
2019-12-23 15:49:00-05:00,1579.96,1580.01,1579.6,1579.6,0,0,0
2019-12-23 15:50:00-05:00,1579.65,1579.86,1579.65,1579.73,0,0,0
2019-12-23 15:51:00-05:00,1579.72,1579.88,1579.71,1579.84,0,0,0
2019-12-23 15:52:00-05:00,1579.97,1580.09,1579.87,1580.04,0,0,0
2019-12-23 15:53:00-05:00,1580.02,1580.13,1579.65,1579.66,0,0,0
2019-12-23 15:54:00-05:00,1579.92,1579.95,1579.62,1579.66,0,0,0
2019-12-23 15:55:00-05:00,1579.89,1579.99,1579.66,1579.69,0,0,0
2019-12-23 15:56:00-05:00,1579.71,1579.92,1579.52,1579.52,0,0,0
2019-12-23 15:57:00-05:00,1579.54,1579.84,1579.27,1579.84,0,0,0
2019-12-23 15:58:00-05:00,1579.94,1579.94,1579.56,1579.7,0,0,0
2019-12-23 15:59:00-05:00,1579.95,1580.66,1579.91,1580.55,0,0,0
2019-12-24 09:30:00-05:00,1579.58,1579.58,1578.68,1578.79,0,0,0
2019-12-24 09:31:00-05:00,1578.34,1578.39,1577.38,1577.38,0,0,0
2019-12-24 09:32:00-05:00,1577.18,1578.1,1576.95,1576.95,0,0,0
2019-12-24 09:33:00-05:00,1576.91,1577.06,1576.37,1576.92,0,0,0
2019-12-24 09:34:00-05:00,1576.01,1576.01,1575.11,1575.21,0,0,0
2019-12-24 09:35:00-05:00,1574.65,1574.65,1573.47,1573.47,0,0,0
2019-12-24 09:36:00-05:00,1573.53,1574.58,1573.45,1574.21,0,0,0
2019-12-24 09:37:00-05:00,1574.14,1575.52,1574.14,1575.52,0,0,0
2019-12-24 09:38:00-05:00,1575.6,1575.63,1575.44,1575.52,0,0,0
2019-12-24 09:39:00-05:00,1575.58,1575.83,1575.33,1575.33,0,0,0
2019-12-24 09:40:00-05:00,1575.24,1575.81,1575.24,1575.75,0,0,0
2019-12-24 09:41:00-05:00,1575.67,1577.02,1575.67,1577.02,0,0,0
2019-12-24 09:42:00-05:00,1577.02,1577.05,1576.58,1576.58,0,0,0
2019-12-24 09:43:00-05:00,1576.59,1576.59,1575.54,1575.54,0,0,0
2019-12-24 09:44:00-05:00,1575.45,1575.51,1574.93,1574.93,0,0,0
2019-12-24 09:45:00-05:00,1574.92,1575.52,1574.92,1575.17,0,0,0
2019-12-24 09:46:00-05:00,1574.82,1575.83,1574.82,1575.75,0,0,0
2019-12-24 09:47:00-05:00,1575.89,1576.16,1575.84,1576.01,0,0,0
2019-12-24 09:48:00-05:00,1575.98,1576.38,1575.98,1576.38,0,0,0
2019-12-24 09:49:00-05:00,1576.66,1576.8,1576.12,1576.12,0,0,0
2019-12-24 09:50:00-05:00,1576.13,1576.2,1575.85,1575.85,0,0,0
2019-12-24 09:51:00-05:00,1575.71,1575.76,1575.38,1575.76,0,0,0
2019-12-24 09:52:00-05:00,1575.84,1576.19,1575.78,1576.19,0,0,0
2019-12-24 09:53:00-05:00,1576.23,1576.5,1576.23,1576.43,0,0,0
2019-12-24 09:54:00-05:00,1576.43,1576.44,1575.73,1575.73,0,0,0
2019-12-24 09:55:00-05:00,1575.74,1576.2,1575.69,1576.2,0,0,0
2019-12-24 09:56:00-05:00,1576.28,1576.4,1576.17,1576.21,0,0,0
2019-12-24 09:57:00-05:00,1576.21,1576.68,1576.17,1576.68,0,0,0
2019-12-24 09:58:00-05:00,1576.63,1576.63,1575.89,1575.89,0,0,0
2019-12-24 09:59:00-05:00,1575.65,1576.32,1575.58,1576.27,0,0,0
2019-12-24 10:00:00-05:00,1576.13,1576.35,1576.04,1576.09,0,0,0
2019-12-24 10:01:00-05:00,1576.07,1576.28,1575.89,1575.89,0,0,0
2019-12-24 10:02:00-05:00,1575.79,1576.17,1575.78,1575.97,0,0,0
2019-12-24 10:03:00-05:00,1575.86,1575.86,1575.73,1575.73,0,0,0
2019-12-24 10:04:00-05:00,1575.68,1575.89,1575.57,1575.89,0,0,0
2019-12-24 10:05:00-05:00,1575.94,1576.34,1575.94,1576.25,0,0,0
2019-12-24 10:06:00-05:00,1576.17,1576.17,1575.8,1576.1,0,0,0
2019-12-24 10:07:00-05:00,1576.12,1576.14,1575.91,1575.91,0,0,0
2019-12-24 10:08:00-05:00,1575.79,1576.15,1575.72,1576.15,0,0,0
2019-12-24 10:09:00-05:00,1576.07,1576.14,1575.88,1575.89,0,0,0
2019-12-24 10:10:00-05:00,1575.96,1576.18,1575.91,1575.91,0,0,0
2019-12-24 10:11:00-05:00,1575.68,1575.8,1575.43,1575.43,0,0,0
2019-12-24 10:12:00-05:00,1575.35,1575.78,1575.35,1575.65,0,0,0
2019-12-24 10:13:00-05:00,1575.67,1575.67,1575.35,1575.35,0,0,0
2019-12-24 10:14:00-05:00,1575.39,1575.39,1575.17,1575.21,0,0,0
2019-12-24 10:15:00-05:00,1575.46,1575.99,1575.46,1575.99,0,0,0
2019-12-24 10:16:00-05:00,1576.02,1576.05,1575.74,1575.78,0,0,0
2019-12-24 10:17:00-05:00,1575.84,1575.84,1575.42,1575.42,0,0,0
2019-12-24 10:18:00-05:00,1575.4,1575.61,1575.4,1575.59,0,0,0
2019-12-24 10:19:00-05:00,1575.59,1575.84,1575.59,1575.79,0,0,0
2019-12-24 10:20:00-05:00,1575.85,1576.27,1575.85,1576.24,0,0,0
2019-12-24 10:21:00-05:00,1576.15,1576.15,1575.94,1576.02,0,0,0
2019-12-24 10:22:00-05:00,1576.02,1576.04,1575.82,1575.84,0,0,0
2019-12-24 10:23:00-05:00,1575.87,1576.21,1575.81,1576.15,0,0,0
2019-12-24 10:24:00-05:00,1576.28,1576.79,1576.28,1576.79,0,0,0
2019-12-24 10:25:00-05:00,1576.72,1576.98,1576.7,1576.78,0,0,0
2019-12-24 10:26:00-05:00,1576.73,1576.73,1576.57,1576.6,0,0,0
2019-12-24 10:27:00-05:00,1576.55,1576.59,1576.46,1576.54,0,0,0
2019-12-24 10:28:00-05:00,1576.49,1577.11,1576.49,1577.11,0,0,0
2019-12-24 10:29:00-05:00,1577.11,1577.5,1577.01,1577.5,0,0,0
2019-12-24 10:30:00-05:00,1577.53,1577.53,1577.45,1577.52,0,0,0
2019-12-24 10:31:00-05:00,1577.46,1577.61,1577.38,1577.61,0,0,0
2019-12-24 10:32:00-05:00,1577.64,1577.79,1577.49,1577.58,0,0,0
2019-12-24 10:33:00-05:00,1577.53,1577.53,1577.33,1577.33,0,0,0
2019-12-24 10:34:00-05:00,1577.33,1577.61,1577.19,1577.19,0,0,0
2019-12-24 10:35:00-05:00,1577.18,1577.22,1577.15,1577.19,0,0,0
2019-12-24 10:36:00-05:00,1577.09,1577.49,1577.01,1577.49,0,0,0
2019-12-24 10:37:00-05:00,1577.52,1577.65,1577.36,1577.58,0,0,0
2019-12-24 10:38:00-05:00,1577.56,1577.71,1577.56,1577.71,0,0,0
2019-12-24 10:39:00-05:00,1577.67,1577.84,1577.59,1577.65,0,0,0
2019-12-24 10:40:00-05:00,1577.67,1577.67,1577.47,1577.47,0,0,0
2019-12-24 10:41:00-05:00,1577.44,1577.48,1577.24,1577.26,0,0,0
2019-12-24 10:42:00-05:00,1577.28,1577.42,1577.28,1577.37,0,0,0
2019-12-24 10:43:00-05:00,1577.35,1577.58,1577.35,1577.55,0,0,0
2019-12-24 10:44:00-05:00,1577.53,1577.53,1577.14,1577.15,0,0,0
2019-12-24 10:45:00-05:00,1577.15,1577.72,1577.07,1577.72,0,0,0
2019-12-24 10:46:00-05:00,1577.61,1577.85,1577.59,1577.7,0,0,0
2019-12-24 10:47:00-05:00,1577.66,1577.74,1577.43,1577.43,0,0,0
2019-12-24 10:48:00-05:00,1577.39,1577.39,1577.05,1577.05,0,0,0
2019-12-24 10:49:00-05:00,1577.0,1577.0,1576.67,1576.79,0,0,0
2019-12-24 10:50:00-05:00,1576.75,1576.75,1576.39,1576.39,0,0,0
2019-12-24 10:51:00-05:00,1576.41,1576.47,1576.32,1576.43,0,0,0
2019-12-24 10:52:00-05:00,1576.36,1576.36,1576.25,1576.27,0,0,0
2019-12-24 10:53:00-05:00,1576.39,1576.69,1576.39,1576.62,0,0,0
2019-12-24 10:54:00-05:00,1576.66,1576.76,1576.4,1576.6,0,0,0
2019-12-24 10:55:00-05:00,1576.63,1576.63,1576.49,1576.5,0,0,0
2019-12-24 10:56:00-05:00,1576.5,1576.53,1576.24,1576.26,0,0,0
2019-12-24 10:57:00-05:00,1576.28,1576.34,1575.83,1575.83,0,0,0
2019-12-24 10:58:00-05:00,1575.83,1575.83,1575.4,1575.43,0,0,0
2019-12-24 10:59:00-05:00,1575.4,1576.02,1575.4,1575.96,0,0,0
2019-12-24 11:00:00-05:00,1575.96,1576.14,1575.96,1576.11,0,0,0
2019-12-24 11:01:00-05:00,1576.09,1576.13,1576.04,1576.13,0,0,0
2019-12-24 11:02:00-05:00,1576.13,1576.21,1575.98,1576.21,0,0,0
2019-12-24 11:03:00-05:00,1576.14,1576.2,1576.09,1576.09,0,0,0
2019-12-24 11:04:00-05:00,1576.1,1576.2,1576.07,1576.2,0,0,0
2019-12-24 11:05:00-05:00,1576.17,1576.25,1576.09,1576.17,0,0,0
2019-12-24 11:06:00-05:00,1576.14,1576.37,1576.14,1576.37,0,0,0
2019-12-24 11:07:00-05:00,1576.33,1576.36,1575.96,1575.96,0,0,0
2019-12-24 11:08:00-05:00,1576.27,1576.36,1576.25,1576.36,0,0,0
2019-12-24 11:09:00-05:00,1576.35,1576.82,1576.35,1576.76,0,0,0
2019-12-24 11:10:00-05:00,1576.73,1576.93,1576.67,1576.93,0,0,0
2019-12-24 11:11:00-05:00,1577.01,1577.16,1577.01,1577.03,0,0,0
2019-12-24 11:12:00-05:00,1577.04,1577.04,1576.81,1576.81,0,0,0
2019-12-24 11:13:00-05:00,1576.67,1576.67,1576.55,1576.62,0,0,0
2019-12-24 11:14:00-05:00,1576.6,1576.81,1576.6,1576.75,0,0,0
2019-12-24 11:15:00-05:00,1576.68,1576.81,1576.68,1576.78,0,0,0
2019-12-24 11:16:00-05:00,1576.95,1577.06,1576.85,1576.85,0,0,0
2019-12-24 11:17:00-05:00,1576.79,1576.8,1576.68,1576.7,0,0,0
2019-12-24 11:18:00-05:00,1576.8,1577.06,1576.8,1577.02,0,0,0
2019-12-24 11:19:00-05:00,1576.84,1576.84,1576.75,1576.76,0,0,0
2019-12-24 11:20:00-05:00,1576.79,1576.82,1576.44,1576.44,0,0,0
2019-12-24 11:21:00-05:00,1576.38,1576.8,1576.38,1576.77,0,0,0
2019-12-24 11:22:00-05:00,1576.76,1576.93,1576.67,1576.92,0,0,0
2019-12-24 11:23:00-05:00,1576.88,1576.91,1576.8,1576.83,0,0,0
2019-12-24 11:24:00-05:00,1576.87,1576.87,1576.55,1576.61,0,0,0
2019-12-24 11:25:00-05:00,1576.61,1576.73,1576.55,1576.69,0,0,0
2019-12-24 11:26:00-05:00,1576.68,1576.68,1576.43,1576.43,0,0,0
2019-12-24 11:27:00-05:00,1576.43,1576.58,1576.43,1576.58,0,0,0
2019-12-24 11:28:00-05:00,1576.61,1576.76,1576.6,1576.72,0,0,0
2019-12-24 11:29:00-05:00,1576.65,1576.65,1576.34,1576.34,0,0,0
2019-12-24 11:30:00-05:00,1576.39,1576.67,1576.39,1576.66,0,0,0
2019-12-24 11:31:00-05:00,1576.59,1576.6,1576.48,1576.48,0,0,0
2019-12-24 11:32:00-05:00,1576.38,1576.38,1576.16,1576.21,0,0,0
2019-12-24 11:33:00-05:00,1576.32,1576.43,1576.24,1576.43,0,0,0
2019-12-24 11:34:00-05:00,1576.42,1576.6,1576.42,1576.6,0,0,0
2019-12-24 11:35:00-05:00,1576.59,1576.87,1576.59,1576.75,0,0,0
2019-12-24 11:36:00-05:00,1576.69,1576.78,1576.63,1576.67,0,0,0
2019-12-24 11:37:00-05:00,1576.67,1576.79,1576.67,1576.7,0,0,0
2019-12-24 11:38:00-05:00,1576.71,1576.71,1576.24,1576.24,0,0,0
2019-12-24 11:39:00-05:00,1576.19,1576.51,1576.18,1576.51,0,0,0
2019-12-24 11:40:00-05:00,1576.52,1576.56,1576.49,1576.53,0,0,0
2019-12-24 11:41:00-05:00,1576.44,1577.01,1576.43,1577.01,0,0,0
2019-12-24 11:42:00-05:00,1577.02,1577.18,1577.0,1577.18,0,0,0
2019-12-24 11:43:00-05:00,1577.23,1577.29,1577.23,1577.24,0,0,0
2019-12-24 11:44:00-05:00,1577.26,1577.29,1577.17,1577.27,0,0,0
2019-12-24 11:45:00-05:00,1577.27,1577.44,1577.27,1577.44,0,0,0
2019-12-24 11:46:00-05:00,1577.44,1577.56,1577.44,1577.47,0,0,0
2019-12-24 11:47:00-05:00,1577.47,1577.63,1577.39,1577.61,0,0,0
2019-12-24 11:48:00-05:00,1577.53,1577.55,1577.5,1577.5,0,0,0
2019-12-24 11:49:00-05:00,1577.51,1577.51,1577.28,1577.4,0,0,0
2019-12-24 11:50:00-05:00,1577.4,1577.4,1577.1,1577.1,0,0,0
2019-12-24 11:51:00-05:00,1577.11,1577.15,1577.01,1577.15,0,0,0
2019-12-24 11:52:00-05:00,1577.15,1577.34,1577.15,1577.27,0,0,0
2019-12-24 11:53:00-05:00,1577.3,1577.3,1577.0,1577.0,0,0,0
2019-12-24 11:54:00-05:00,1576.97,1576.97,1576.73,1576.77,0,0,0
2019-12-24 11:55:00-05:00,1576.78,1576.98,1576.78,1576.98,0,0,0
2019-12-24 11:56:00-05:00,1576.99,1577.06,1576.7,1576.74,0,0,0
2019-12-24 11:57:00-05:00,1576.75,1576.86,1576.73,1576.76,0,0,0
2019-12-24 11:58:00-05:00,1576.77,1576.77,1576.49,1576.49,0,0,0
2019-12-24 11:59:00-05:00,1576.46,1576.46,1576.32,1576.33,0,0,0
2019-12-24 12:00:00-05:00,1576.33,1576.35,1576.06,1576.06,0,0,0
2019-12-24 12:01:00-05:00,1576.05,1576.05,1575.85,1575.85,0,0,0
2019-12-24 12:02:00-05:00,1575.85,1575.96,1575.85,1575.95,0,0,0
2019-12-24 12:03:00-05:00,1575.96,1576.02,1575.83,1575.83,0,0,0
2019-12-24 12:04:00-05:00,1575.83,1575.83,1575.53,1575.72,0,0,0
2019-12-24 12:05:00-05:00,1575.72,1576.05,1575.71,1575.97,0,0,0
2019-12-24 12:06:00-05:00,1575.97,1575.97,1575.89,1575.94,0,0,0
2019-12-24 12:07:00-05:00,1575.94,1576.04,1575.94,1576.01,0,0,0
2019-12-24 12:08:00-05:00,1575.98,1576.11,1575.87,1576.11,0,0,0
2019-12-24 12:09:00-05:00,1576.13,1576.29,1576.13,1576.29,0,0,0
2019-12-24 12:10:00-05:00,1576.29,1576.29,1576.17,1576.28,0,0,0
2019-12-24 12:11:00-05:00,1576.28,1576.28,1576.18,1576.21,0,0,0
2019-12-24 12:12:00-05:00,1576.21,1576.23,1576.15,1576.2,0,0,0
2019-12-24 12:13:00-05:00,1576.2,1576.27,1576.2,1576.26,0,0,0
2019-12-24 12:14:00-05:00,1576.26,1576.26,1576.1,1576.12,0,0,0
2019-12-24 12:15:00-05:00,1576.11,1576.14,1576.03,1576.1,0,0,0
2019-12-24 12:16:00-05:00,1576.1,1576.1,1575.92,1575.92,0,0,0
2019-12-24 12:17:00-05:00,1575.92,1576.02,1575.89,1575.89,0,0,0
2019-12-24 12:18:00-05:00,1575.89,1575.89,1575.67,1575.67,0,0,0
2019-12-24 12:19:00-05:00,1575.67,1576.09,1575.66,1576.09,0,0,0
2019-12-24 12:20:00-05:00,1576.08,1576.23,1576.08,1576.23,0,0,0
2019-12-24 12:21:00-05:00,1576.2,1576.2,1576.11,1576.18,0,0,0
2019-12-24 12:22:00-05:00,1576.2,1576.56,1576.2,1576.46,0,0,0
2019-12-24 12:23:00-05:00,1576.46,1576.48,1576.34,1576.34,0,0,0
2019-12-24 12:24:00-05:00,1576.37,1576.45,1576.29,1576.45,0,0,0
2019-12-24 12:25:00-05:00,1576.44,1576.51,1576.36,1576.51,0,0,0
2019-12-24 12:26:00-05:00,1576.51,1576.51,1576.27,1576.27,0,0,0
2019-12-24 12:27:00-05:00,1576.19,1576.19,1576.02,1576.03,0,0,0
2019-12-24 12:28:00-05:00,1576.03,1576.05,1575.88,1575.88,0,0,0
2019-12-24 12:29:00-05:00,1575.88,1575.89,1575.64,1575.66,0,0,0
2019-12-24 12:30:00-05:00,1575.66,1576.1,1575.66,1576.1,0,0,0
2019-12-24 12:31:00-05:00,1576.13,1576.31,1576.11,1576.22,0,0,0
2019-12-24 12:32:00-05:00,1576.22,1576.45,1576.22,1576.42,0,0,0
2019-12-24 12:33:00-05:00,1576.41,1576.64,1576.36,1576.64,0,0,0
2019-12-24 12:34:00-05:00,1576.67,1577.24,1576.67,1577.24,0,0,0
2019-12-24 12:35:00-05:00,1577.28,1577.63,1577.28,1577.63,0,0,0
2019-12-24 12:36:00-05:00,1577.62,1577.92,1577.58,1577.91,0,0,0
2019-12-24 12:37:00-05:00,1577.88,1578.0,1577.82,1577.84,0,0,0
2019-12-24 12:38:00-05:00,1577.84,1577.84,1577.68,1577.7,0,0,0
2019-12-24 12:39:00-05:00,1577.7,1577.77,1577.68,1577.68,0,0,0
2019-12-24 12:40:00-05:00,1577.68,1577.68,1577.6,1577.6,0,0,0
2019-12-24 12:41:00-05:00,1577.63,1577.7,1577.33,1577.33,0,0,0
2019-12-24 12:42:00-05:00,1577.33,1577.33,1577.22,1577.25,0,0,0
2019-12-24 12:43:00-05:00,1577.23,1577.41,1577.19,1577.41,0,0,0
2019-12-24 12:44:00-05:00,1577.41,1577.45,1577.12,1577.12,0,0,0
2019-12-24 12:45:00-05:00,1577.03,1577.13,1577.03,1577.13,0,0,0
2019-12-24 12:46:00-05:00,1577.15,1577.42,1577.15,1577.39,0,0,0
2019-12-24 12:47:00-05:00,1577.45,1577.5,1577.37,1577.37,0,0,0
2019-12-24 12:48:00-05:00,1577.36,1577.6,1577.26,1577.6,0,0,0
2019-12-24 12:49:00-05:00,1577.57,1577.6,1577.43,1577.43,0,0,0
2019-12-24 12:50:00-05:00,1577.28,1577.29,1576.91,1577.03,0,0,0
2019-12-24 12:51:00-05:00,1577.02,1577.13,1577.01,1577.01,0,0,0
2019-12-24 12:52:00-05:00,1576.99,1577.0,1576.95,1577.0,0,0,0
2019-12-24 12:53:00-05:00,1577.0,1577.0,1576.87,1576.9,0,0,0
2019-12-24 12:54:00-05:00,1576.88,1577.11,1576.87,1577.11,0,0,0
2019-12-24 12:55:00-05:00,1577.12,1577.27,1577.1,1577.27,0,0,0
2019-12-24 12:56:00-05:00,1577.3,1577.49,1577.29,1577.49,0,0,0
2019-12-24 12:57:00-05:00,1577.49,1577.92,1577.49,1577.86,0,0,0
2019-12-24 12:58:00-05:00,1577.94,1577.94,1577.63,1577.76,0,0,0
2019-12-24 12:59:00-05:00,1577.7,1577.92,1577.49,1577.79,0,0,0
2019-12-24 13:00:00-05:00,1577.79,1577.79,1577.7,1577.72,0,0,0
2019-12-24 11:00:00-05:00,1575.97,1576.14,1575.97,1576.12,0,0,0
2019-12-24 11:01:00-05:00,1576.09,1576.13,1576.04,1576.11,0,0,0
2019-12-24 11:02:00-05:00,1576.13,1576.21,1575.98,1576.21,0,0,0
2019-12-24 11:03:00-05:00,1576.14,1576.2,1576.09,1576.09,0,0,0
2019-12-24 11:04:00-05:00,1576.1,1576.2,1576.07,1576.2,0,0,0
2019-12-24 11:05:00-05:00,1576.17,1576.25,1576.09,1576.18,0,0,0
2019-12-24 11:06:00-05:00,1576.13,1576.37,1576.13,1576.37,0,0,0
2019-12-24 11:07:00-05:00,1576.33,1576.34,1575.96,1575.96,0,0,0
2019-12-24 11:08:00-05:00,1576.24,1576.29,1576.24,1576.28,0,0,0
2019-12-24 11:09:00-05:00,1576.36,1576.86,1576.35,1576.75,0,0,0
2019-12-24 11:10:00-05:00,1576.76,1576.82,1576.67,1576.82,0,0,0
2019-12-24 11:11:00-05:00,1576.99,1577.19,1576.99,1577.04,0,0,0
2019-12-24 11:12:00-05:00,1577.03,1577.06,1576.84,1576.84,0,0,0
2019-12-24 11:13:00-05:00,1576.81,1576.81,1576.53,1576.58,0,0,0
2019-12-24 11:14:00-05:00,1576.58,1576.81,1576.58,1576.76,0,0,0
2019-12-24 11:15:00-05:00,1576.68,1576.84,1576.68,1576.71,0,0,0
2019-12-24 11:16:00-05:00,1576.82,1577.03,1576.82,1576.92,0,0,0
2019-12-24 11:17:00-05:00,1576.85,1576.85,1576.68,1576.7,0,0,0
2019-12-24 11:18:00-05:00,1576.71,1577.06,1576.71,1577.06,0,0,0
2019-12-24 11:19:00-05:00,1577.0,1577.0,1576.72,1576.76,0,0,0
2019-12-24 11:20:00-05:00,1576.79,1576.82,1576.44,1576.44,0,0,0
2019-12-24 11:21:00-05:00,1576.38,1576.8,1576.38,1576.77,0,0,0
2019-12-24 11:22:00-05:00,1576.76,1576.93,1576.67,1576.92,0,0,0
2019-12-24 11:23:00-05:00,1576.88,1576.91,1576.8,1576.83,0,0,0
2019-12-24 11:24:00-05:00,1576.87,1576.87,1576.55,1576.61,0,0,0
2019-12-24 11:25:00-05:00,1576.61,1576.73,1576.55,1576.69,0,0,0
2019-12-24 11:26:00-05:00,1576.68,1576.68,1576.43,1576.43,0,0,0
2019-12-24 11:27:00-05:00,1576.43,1576.58,1576.43,1576.58,0,0,0
2019-12-24 11:28:00-05:00,1576.61,1576.76,1576.6,1576.72,0,0,0
2019-12-24 11:29:00-05:00,1576.65,1576.65,1576.34,1576.34,0,0,0
2019-12-24 11:30:00-05:00,1576.39,1576.67,1576.39,1576.66,0,0,0
2019-12-24 11:31:00-05:00,1576.59,1576.6,1576.48,1576.48,0,0,0
2019-12-24 11:32:00-05:00,1576.38,1576.38,1576.16,1576.21,0,0,0
2019-12-24 11:33:00-05:00,1576.32,1576.43,1576.24,1576.43,0,0,0
2019-12-24 11:34:00-05:00,1576.42,1576.6,1576.42,1576.6,0,0,0
2019-12-24 11:35:00-05:00,1576.59,1576.87,1576.59,1576.75,0,0,0
2019-12-24 11:36:00-05:00,1576.69,1576.78,1576.63,1576.67,0,0,0
2019-12-24 11:37:00-05:00,1576.67,1576.79,1576.67,1576.7,0,0,0
2019-12-24 11:38:00-05:00,1576.71,1576.71,1576.24,1576.24,0,0,0
2019-12-24 11:39:00-05:00,1576.19,1576.51,1576.18,1576.51,0,0,0
2019-12-24 11:40:00-05:00,1576.52,1576.56,1576.49,1576.53,0,0,0
2019-12-24 11:41:00-05:00,1576.44,1577.01,1576.43,1577.01,0,0,0
2019-12-24 11:42:00-05:00,1577.02,1577.18,1577.0,1577.18,0,0,0
2019-12-24 11:43:00-05:00,1577.23,1577.29,1577.23,1577.24,0,0,0
2019-12-24 11:44:00-05:00,1577.26,1577.29,1577.17,1577.27,0,0,0
2019-12-24 11:45:00-05:00,1577.27,1577.44,1577.27,1577.44,0,0,0
2019-12-24 11:46:00-05:00,1577.44,1577.56,1577.44,1577.47,0,0,0
2019-12-24 11:47:00-05:00,1577.47,1577.63,1577.39,1577.61,0,0,0
2019-12-24 11:48:00-05:00,1577.53,1577.55,1577.5,1577.5,0,0,0
2019-12-24 11:49:00-05:00,1577.51,1577.51,1577.28,1577.4,0,0,0
2019-12-24 11:50:00-05:00,1577.4,1577.4,1577.1,1577.1,0,0,0
2019-12-24 11:51:00-05:00,1577.11,1577.15,1577.01,1577.15,0,0,0
2019-12-24 11:52:00-05:00,1577.15,1577.34,1577.15,1577.27,0,0,0
2019-12-24 11:53:00-05:00,1577.3,1577.3,1577.0,1577.0,0,0,0
2019-12-24 11:54:00-05:00,1576.97,1576.97,1576.73,1576.77,0,0,0
2019-12-24 11:55:00-05:00,1576.78,1576.98,1576.78,1576.98,0,0,0
2019-12-24 11:56:00-05:00,1576.99,1577.06,1576.7,1576.74,0,0,0
2019-12-24 11:57:00-05:00,1576.75,1576.86,1576.73,1576.76,0,0,0
2019-12-24 11:58:00-05:00,1576.77,1576.77,1576.49,1576.49,0,0,0
2019-12-24 11:59:00-05:00,1576.46,1576.46,1576.32,1576.33,0,0,0
2019-12-24 12:00:00-05:00,1576.33,1576.35,1576.06,1576.06,0,0,0
2019-12-24 12:01:00-05:00,1576.05,1576.05,1575.85,1575.85,0,0,0
2019-12-24 12:02:00-05:00,1575.85,1575.98,1575.85,1575.95,0,0,0
2019-12-24 12:03:00-05:00,1575.96,1576.02,1575.83,1575.83,0,0,0
2019-12-24 12:04:00-05:00,1575.77,1575.77,1575.53,1575.72,0,0,0
2019-12-24 12:05:00-05:00,1575.71,1576.05,1575.71,1575.97,0,0,0
2019-12-24 12:06:00-05:00,1575.97,1575.97,1575.89,1575.94,0,0,0
2019-12-24 12:07:00-05:00,1575.94,1576.04,1575.94,1576.01,0,0,0
2019-12-24 12:08:00-05:00,1575.98,1576.12,1575.87,1576.11,0,0,0
2019-12-24 12:09:00-05:00,1576.13,1576.29,1576.13,1576.29,0,0,0
2019-12-24 12:10:00-05:00,1576.29,1576.29,1576.17,1576.28,0,0,0
2019-12-24 12:11:00-05:00,1576.28,1576.28,1576.18,1576.21,0,0,0
2019-12-24 12:12:00-05:00,1576.21,1576.24,1576.13,1576.2,0,0,0
2019-12-24 12:13:00-05:00,1576.2,1576.27,1576.2,1576.26,0,0,0
2019-12-24 12:14:00-05:00,1576.26,1576.26,1576.1,1576.12,0,0,0
2019-12-24 12:15:00-05:00,1576.11,1576.14,1576.03,1576.1,0,0,0
2019-12-24 12:16:00-05:00,1576.1,1576.1,1575.92,1575.92,0,0,0
2019-12-24 12:17:00-05:00,1575.92,1576.02,1575.89,1575.89,0,0,0
2019-12-24 12:18:00-05:00,1575.89,1575.89,1575.67,1575.67,0,0,0
2019-12-24 12:19:00-05:00,1575.67,1576.09,1575.66,1576.09,0,0,0
2019-12-24 12:20:00-05:00,1576.08,1576.23,1576.08,1576.23,0,0,0
2019-12-24 12:21:00-05:00,1576.2,1576.2,1576.11,1576.18,0,0,0
2019-12-24 12:22:00-05:00,1576.2,1576.56,1576.2,1576.46,0,0,0
2019-12-24 12:23:00-05:00,1576.46,1576.48,1576.34,1576.34,0,0,0
2019-12-24 12:24:00-05:00,1576.37,1576.45,1576.28,1576.45,0,0,0
2019-12-24 12:25:00-05:00,1576.44,1576.51,1576.36,1576.51,0,0,0
2019-12-24 12:26:00-05:00,1576.51,1576.51,1576.27,1576.27,0,0,0
2019-12-24 12:27:00-05:00,1576.19,1576.19,1576.02,1576.03,0,0,0
2019-12-24 12:28:00-05:00,1576.03,1576.05,1575.87,1575.88,0,0,0
2019-12-24 12:29:00-05:00,1575.88,1575.89,1575.58,1575.66,0,0,0
2019-12-24 12:30:00-05:00,1575.66,1576.1,1575.66,1576.1,0,0,0
2019-12-24 12:31:00-05:00,1576.13,1576.31,1576.13,1576.22,0,0,0
2019-12-24 12:32:00-05:00,1576.22,1576.45,1576.22,1576.42,0,0,0
2019-12-24 12:33:00-05:00,1576.41,1576.64,1576.36,1576.64,0,0,0
2019-12-24 12:34:00-05:00,1576.67,1577.24,1576.67,1577.24,0,0,0
2019-12-24 12:35:00-05:00,1577.28,1577.63,1577.28,1577.63,0,0,0
2019-12-24 12:36:00-05:00,1577.62,1577.92,1577.58,1577.91,0,0,0
2019-12-24 12:37:00-05:00,1577.88,1578.0,1577.82,1577.84,0,0,0
2019-12-24 12:38:00-05:00,1577.84,1577.84,1577.68,1577.7,0,0,0
2019-12-24 12:39:00-05:00,1577.7,1577.75,1577.67,1577.68,0,0,0
2019-12-24 12:40:00-05:00,1577.68,1577.68,1577.6,1577.6,0,0,0
2019-12-24 12:41:00-05:00,1577.63,1577.69,1577.33,1577.33,0,0,0
2019-12-24 12:42:00-05:00,1577.33,1577.33,1577.22,1577.25,0,0,0
2019-12-24 12:43:00-05:00,1577.23,1577.41,1577.19,1577.41,0,0,0
2019-12-24 12:44:00-05:00,1577.41,1577.45,1577.12,1577.12,0,0,0
2019-12-24 12:45:00-05:00,1577.03,1577.13,1577.03,1577.13,0,0,0
2019-12-24 12:46:00-05:00,1577.15,1577.42,1577.15,1577.39,0,0,0
2019-12-24 12:47:00-05:00,1577.45,1577.5,1577.37,1577.37,0,0,0
2019-12-24 12:48:00-05:00,1577.36,1577.6,1577.25,1577.6,0,0,0
2019-12-24 12:49:00-05:00,1577.57,1577.6,1577.43,1577.43,0,0,0
2019-12-24 12:50:00-05:00,1577.28,1577.29,1576.91,1577.03,0,0,0
2019-12-24 12:51:00-05:00,1577.02,1577.13,1577.01,1577.01,0,0,0
2019-12-24 12:52:00-05:00,1576.99,1577.0,1576.95,1577.0,0,0,0
2019-12-24 12:53:00-05:00,1577.0,1577.0,1576.87,1576.9,0,0,0
2019-12-24 12:54:00-05:00,1576.88,1577.11,1576.87,1577.11,0,0,0
2019-12-24 12:55:00-05:00,1577.12,1577.27,1577.1,1577.27,0,0,0
2019-12-24 12:56:00-05:00,1577.3,1577.49,1577.29,1577.49,0,0,0
2019-12-24 12:57:00-05:00,1577.49,1577.91,1577.49,1577.86,0,0,0
2019-12-24 12:58:00-05:00,1577.94,1577.94,1577.63,1577.76,0,0,0
2019-12-24 12:59:00-05:00,1577.7,1577.95,1577.49,1577.8,0,0,0
2019-12-24 13:00:00-05:00,1577.79,1577.79,1577.7,1577.72,0,0,0
2019-12-26 09:30:00-05:00,1577.91,1578.22,1577.91,1578.15,0,0,0
2019-12-26 09:31:00-05:00,1578.21,1578.26,1577.13,1577.13,0,0,0
2019-12-26 09:32:00-05:00,1576.86,1577.06,1576.86,1576.97,0,0,0
2019-12-26 09:33:00-05:00,1576.81,1577.14,1576.57,1577.14,0,0,0
2019-12-26 09:34:00-05:00,1577.14,1577.65,1577.11,1577.32,0,0,0
2019-12-26 09:35:00-05:00,1576.69,1577.79,1576.58,1577.79,0,0,0
2019-12-26 09:36:00-05:00,1578.13,1579.61,1578.13,1579.61,0,0,0
2019-12-26 09:37:00-05:00,1579.67,1579.67,1579.11,1579.44,0,0,0
2019-12-26 09:38:00-05:00,1579.43,1579.43,1578.84,1578.84,0,0,0
2019-12-26 09:39:00-05:00,1578.96,1579.47,1578.96,1579.46,0,0,0
2019-12-26 09:40:00-05:00,1579.74,1579.83,1579.2,1579.2,0,0,0
2019-12-26 09:41:00-05:00,1579.39,1579.64,1579.34,1579.64,0,0,0
2019-12-26 09:42:00-05:00,1579.41,1580.0,1579.37,1580.0,0,0,0
2019-12-26 09:43:00-05:00,1579.93,1581.07,1579.93,1581.07,0,0,0
2019-12-26 09:44:00-05:00,1581.07,1581.55,1581.07,1581.53,0,0,0
2019-12-26 09:45:00-05:00,1581.49,1581.75,1581.34,1581.34,0,0,0
2019-12-26 09:46:00-05:00,1581.34,1581.34,1580.84,1580.84,0,0,0
2019-12-26 09:47:00-05:00,1580.3,1580.3,1580.01,1580.18,0,0,0
2019-12-26 09:48:00-05:00,1580.21,1580.43,1580.14,1580.42,0,0,0
2019-12-26 09:49:00-05:00,1580.39,1580.53,1580.05,1580.07,0,0,0
2019-12-26 09:50:00-05:00,1580.16,1580.54,1580.16,1580.49,0,0,0
2019-12-26 09:51:00-05:00,1580.52,1580.61,1580.47,1580.58,0,0,0
2019-12-26 09:52:00-05:00,1580.58,1581.78,1580.58,1581.78,0,0,0
2019-12-26 09:53:00-05:00,1581.81,1582.17,1581.81,1582.17,0,0,0
2019-12-26 09:54:00-05:00,1582.19,1582.58,1582.19,1582.58,0,0,0
2019-12-26 09:55:00-05:00,1582.58,1582.62,1582.36,1582.4,0,0,0
2019-12-26 09:56:00-05:00,1582.39,1582.39,1581.63,1581.63,0,0,0
2019-12-26 09:57:00-05:00,1581.49,1581.49,1581.32,1581.44,0,0,0
2019-12-26 09:58:00-05:00,1581.41,1581.64,1581.28,1581.64,0,0,0
2019-12-26 09:59:00-05:00,1581.56,1581.59,1581.34,1581.47,0,0,0
2019-12-26 10:00:00-05:00,1581.48,1581.48,1581.05,1581.1,0,0,0
2019-12-26 10:01:00-05:00,1580.98,1581.04,1580.41,1580.41,0,0,0
2019-12-26 10:02:00-05:00,1580.47,1580.47,1580.19,1580.28,0,0,0
2019-12-26 10:03:00-05:00,1580.28,1580.28,1580.04,1580.04,0,0,0
2019-12-26 10:04:00-05:00,1579.96,1579.96,1579.57,1579.7,0,0,0
2019-12-26 10:05:00-05:00,1579.65,1580.07,1579.65,1580.07,0,0,0
2019-12-26 10:06:00-05:00,1579.99,1580.06,1579.52,1579.52,0,0,0
2019-12-26 10:07:00-05:00,1579.93,1580.07,1579.87,1579.97,0,0,0
2019-12-26 10:08:00-05:00,1579.98,1580.22,1579.91,1580.15,0,0,0
2019-12-26 10:09:00-05:00,1580.1,1580.16,1580.04,1580.13,0,0,0
2019-12-26 10:10:00-05:00,1580.12,1580.23,1580.03,1580.11,0,0,0
2019-12-26 10:11:00-05:00,1580.15,1580.59,1580.15,1580.58,0,0,0
2019-12-26 10:12:00-05:00,1580.56,1580.76,1580.56,1580.74,0,0,0
2019-12-26 10:13:00-05:00,1580.74,1580.79,1580.59,1580.59,0,0,0
2019-12-26 10:14:00-05:00,1580.59,1581.0,1580.59,1580.91,0,0,0
2019-12-26 10:15:00-05:00,1580.88,1580.88,1580.08,1580.08,0,0,0
2019-12-26 10:16:00-05:00,1579.98,1580.39,1579.98,1580.36,0,0,0
2019-12-26 10:17:00-05:00,1580.36,1580.7,1580.27,1580.69,0,0,0
2019-12-26 10:18:00-05:00,1580.72,1581.2,1580.72,1581.16,0,0,0
2019-12-26 10:19:00-05:00,1580.96,1581.04,1580.86,1580.95,0,0,0
2019-12-26 10:20:00-05:00,1580.83,1580.89,1580.48,1580.48,0,0,0
2019-12-26 10:21:00-05:00,1580.53,1580.53,1580.03,1580.04,0,0,0
2019-12-26 10:22:00-05:00,1580.05,1580.05,1579.87,1579.94,0,0,0
2019-12-26 10:23:00-05:00,1580.05,1580.51,1580.05,1580.4,0,0,0
2019-12-26 10:24:00-05:00,1580.43,1580.67,1580.43,1580.61,0,0,0
2019-12-26 10:25:00-05:00,1580.65,1580.77,1580.5,1580.5,0,0,0
2019-12-26 10:26:00-05:00,1580.51,1580.62,1580.45,1580.6,0,0,0
2019-12-26 10:27:00-05:00,1580.65,1580.73,1580.61,1580.73,0,0,0
2019-12-26 10:28:00-05:00,1580.74,1580.74,1580.38,1580.44,0,0,0
2019-12-26 10:29:00-05:00,1580.43,1580.77,1580.43,1580.63,0,0,0
2019-12-26 10:30:00-05:00,1580.58,1580.68,1580.52,1580.68,0,0,0
2019-12-26 10:31:00-05:00,1580.73,1580.79,1580.7,1580.7,0,0,0
2019-12-26 10:32:00-05:00,1580.72,1580.77,1580.37,1580.37,0,0,0
2019-12-26 10:33:00-05:00,1580.47,1580.47,1580.27,1580.27,0,0,0
2019-12-26 10:34:00-05:00,1580.28,1580.36,1580.23,1580.27,0,0,0
2019-12-26 10:35:00-05:00,1580.22,1580.22,1580.12,1580.14,0,0,0
2019-12-26 10:36:00-05:00,1580.17,1580.17,1579.77,1579.77,0,0,0
2019-12-26 10:37:00-05:00,1579.68,1579.68,1579.55,1579.59,0,0,0
2019-12-26 10:38:00-05:00,1579.61,1579.7,1579.58,1579.59,0,0,0
2019-12-26 10:39:00-05:00,1579.56,1579.56,1579.22,1579.29,0,0,0
2019-12-26 10:40:00-05:00,1579.31,1579.41,1579.1,1579.41,0,0,0
2019-12-26 10:41:00-05:00,1579.44,1579.59,1579.43,1579.53,0,0,0
2019-12-26 10:42:00-05:00,1579.5,1579.62,1579.5,1579.54,0,0,0
2019-12-26 10:43:00-05:00,1579.67,1579.83,1579.67,1579.83,0,0,0
2019-12-26 10:44:00-05:00,1579.8,1579.91,1579.79,1579.79,0,0,0
2019-12-26 10:45:00-05:00,1579.74,1579.74,1579.67,1579.72,0,0,0
2019-12-26 10:46:00-05:00,1579.7,1579.7,1579.48,1579.48,0,0,0
2019-12-26 10:47:00-05:00,1579.53,1579.53,1579.37,1579.4,0,0,0
2019-12-26 10:48:00-05:00,1579.39,1579.4,1579.32,1579.35,0,0,0
2019-12-26 10:49:00-05:00,1579.42,1579.42,1579.23,1579.23,0,0,0
2019-12-26 10:50:00-05:00,1579.17,1579.41,1579.05,1579.39,0,0,0
2019-12-26 10:51:00-05:00,1579.39,1579.47,1579.37,1579.47,0,0,0
2019-12-26 10:52:00-05:00,1579.42,1579.53,1579.39,1579.53,0,0,0
2019-12-26 10:53:00-05:00,1579.53,1579.53,1579.38,1579.44,0,0,0
2019-12-26 10:54:00-05:00,1579.41,1579.8,1579.41,1579.8,0,0,0
2019-12-26 10:55:00-05:00,1579.74,1579.78,1579.69,1579.73,0,0,0
2019-12-26 10:56:00-05:00,1579.64,1579.64,1579.0,1579.0,0,0,0
2019-12-26 10:57:00-05:00,1578.96,1578.96,1578.53,1578.55,0,0,0
2019-12-26 10:58:00-05:00,1578.49,1578.77,1578.45,1578.74,0,0,0
2019-12-26 10:59:00-05:00,1578.71,1578.87,1578.64,1578.79,0,0,0
2019-12-26 11:00:00-05:00,1578.74,1578.74,1578.47,1578.48,0,0,0
2019-12-26 11:01:00-05:00,1578.41,1578.46,1578.27,1578.33,0,0,0
2019-12-26 11:02:00-05:00,1578.35,1578.85,1578.35,1578.75,0,0,0
2019-12-26 11:03:00-05:00,1578.75,1579.15,1578.75,1579.15,0,0,0
2019-12-26 11:04:00-05:00,1579.15,1579.39,1579.15,1579.23,0,0,0
2019-12-26 11:05:00-05:00,1579.42,1579.5,1579.33,1579.47,0,0,0
2019-12-26 11:06:00-05:00,1579.52,1579.52,1579.22,1579.22,0,0,0
2019-12-26 11:07:00-05:00,1579.3,1579.34,1579.0,1579.05,0,0,0
2019-12-26 11:08:00-05:00,1579.05,1579.05,1578.69,1578.69,0,0,0
2019-12-26 11:09:00-05:00,1578.66,1578.94,1578.66,1578.94,0,0,0
2019-12-26 11:10:00-05:00,1578.9,1578.9,1578.69,1578.69,0,0,0
2019-12-26 11:11:00-05:00,1578.66,1578.67,1578.57,1578.67,0,0,0
2019-12-26 11:12:00-05:00,1578.75,1578.75,1578.3,1578.3,0,0,0
2019-12-26 11:13:00-05:00,1578.28,1578.28,1577.92,1577.92,0,0,0
2019-12-26 11:14:00-05:00,1577.91,1577.91,1577.38,1577.38,0,0,0
2019-12-26 11:15:00-05:00,1577.39,1577.6,1577.35,1577.6,0,0,0
2019-12-26 11:16:00-05:00,1577.72,1577.88,1577.64,1577.88,0,0,0
2019-12-26 11:17:00-05:00,1577.82,1577.89,1577.82,1577.89,0,0,0
2019-12-26 11:18:00-05:00,1577.85,1577.88,1577.62,1577.62,0,0,0
2019-12-26 11:19:00-05:00,1577.54,1577.54,1577.32,1577.35,0,0,0
2019-12-26 11:20:00-05:00,1577.3,1577.3,1576.9,1577.15,0,0,0
2019-12-26 11:21:00-05:00,1577.15,1577.49,1577.15,1577.41,0,0,0
2019-12-26 11:22:00-05:00,1577.41,1577.41,1577.16,1577.2,0,0,0
2019-12-26 11:23:00-05:00,1577.17,1577.17,1577.05,1577.11,0,0,0
2019-12-26 11:24:00-05:00,1577.09,1577.09,1576.79,1576.79,0,0,0
2019-12-26 11:25:00-05:00,1576.76,1576.8,1576.43,1576.43,0,0,0
2019-12-26 11:26:00-05:00,1576.43,1576.77,1576.43,1576.65,0,0,0
2019-12-26 11:27:00-05:00,1576.65,1576.75,1576.65,1576.67,0,0,0
2019-12-26 11:28:00-05:00,1576.65,1576.68,1576.54,1576.55,0,0,0
2019-12-26 11:29:00-05:00,1576.46,1576.46,1576.3,1576.31,0,0,0
2019-12-26 11:30:00-05:00,1576.29,1576.75,1576.29,1576.75,0,0,0
2019-12-26 11:31:00-05:00,1576.82,1576.91,1576.75,1576.75,0,0,0
2019-12-26 11:32:00-05:00,1576.74,1576.85,1576.47,1576.47,0,0,0
2019-12-26 11:33:00-05:00,1576.46,1576.58,1576.43,1576.55,0,0,0
2019-12-26 11:34:00-05:00,1576.53,1576.76,1576.53,1576.74,0,0,0
2019-12-26 11:35:00-05:00,1576.82,1576.82,1576.73,1576.8,0,0,0
2019-12-26 11:36:00-05:00,1576.76,1576.77,1576.6,1576.77,0,0,0
2019-12-26 11:37:00-05:00,1576.73,1576.73,1576.49,1576.49,0,0,0
2019-12-26 11:38:00-05:00,1576.51,1576.7,1576.38,1576.7,0,0,0
2019-12-26 11:39:00-05:00,1576.7,1576.7,1576.34,1576.38,0,0,0
2019-12-26 11:40:00-05:00,1576.35,1576.36,1576.33,1576.33,0,0,0
2019-12-26 11:41:00-05:00,1576.34,1576.39,1576.2,1576.25,0,0,0
2019-12-26 11:42:00-05:00,1576.34,1576.6,1576.34,1576.58,0,0,0
2019-12-26 11:43:00-05:00,1576.53,1576.7,1576.47,1576.67,0,0,0
2019-12-26 11:44:00-05:00,1576.66,1576.88,1576.64,1576.88,0,0,0
2019-12-26 11:45:00-05:00,1576.91,1577.08,1576.84,1576.84,0,0,0
2019-12-26 11:46:00-05:00,1576.77,1576.77,1576.52,1576.52,0,0,0
2019-12-26 11:47:00-05:00,1576.59,1576.65,1576.29,1576.29,0,0,0
2019-12-26 11:48:00-05:00,1576.3,1576.5,1576.3,1576.5,0,0,0
2019-12-26 11:49:00-05:00,1576.5,1576.53,1576.25,1576.25,0,0,0
2019-12-26 11:50:00-05:00,1576.28,1576.5,1576.28,1576.5,0,0,0
2019-12-26 11:51:00-05:00,1576.56,1576.71,1576.5,1576.71,0,0,0
2019-12-26 11:52:00-05:00,1576.75,1576.84,1576.75,1576.75,0,0,0
2019-12-26 11:53:00-05:00,1576.77,1576.77,1576.56,1576.6,0,0,0
2019-12-26 11:54:00-05:00,1576.6,1576.76,1576.6,1576.76,0,0,0
2019-12-26 11:55:00-05:00,1576.61,1576.61,1576.45,1576.48,0,0,0
2019-12-26 11:56:00-05:00,1576.55,1576.57,1576.47,1576.47,0,0,0
2019-12-26 11:57:00-05:00,1576.44,1576.72,1576.44,1576.72,0,0,0
2019-12-26 11:58:00-05:00,1576.71,1576.82,1576.61,1576.64,0,0,0
2019-12-26 11:59:00-05:00,1576.61,1576.71,1576.58,1576.63,0,0,0
2019-12-26 12:00:00-05:00,1576.62,1576.62,1576.32,1576.37,0,0,0
2019-12-26 12:01:00-05:00,1576.4,1576.42,1576.25,1576.4,0,0,0
2019-12-26 12:02:00-05:00,1576.4,1576.48,1576.32,1576.33,0,0,0
2019-12-26 12:03:00-05:00,1576.35,1576.51,1576.33,1576.51,0,0,0
2019-12-26 12:04:00-05:00,1576.5,1576.53,1576.3,1576.44,0,0,0
2019-12-26 12:05:00-05:00,1576.44,1576.7,1576.44,1576.7,0,0,0
2019-12-26 12:06:00-05:00,1576.69,1577.01,1576.69,1576.99,0,0,0
2019-12-26 12:07:00-05:00,1577.07,1577.13,1576.87,1576.87,0,0,0
2019-12-26 12:08:00-05:00,1576.87,1576.87,1576.34,1576.34,0,0,0
2019-12-26 12:09:00-05:00,1576.3,1576.3,1575.99,1575.99,0,0,0
2019-12-26 12:10:00-05:00,1575.98,1576.12,1575.88,1576.1,0,0,0
2019-12-26 12:11:00-05:00,1576.05,1576.37,1576.05,1576.33,0,0,0
2019-12-26 12:12:00-05:00,1576.33,1576.69,1576.33,1576.61,0,0,0
2019-12-26 12:13:00-05:00,1576.61,1576.67,1576.03,1576.09,0,0,0
2019-12-26 12:14:00-05:00,1576.08,1576.57,1576.08,1576.57,0,0,0
2019-12-26 12:15:00-05:00,1576.59,1576.95,1576.59,1576.94,0,0,0
2019-12-26 12:16:00-05:00,1577.01,1577.05,1576.88,1576.9,0,0,0
2019-12-26 12:17:00-05:00,1576.93,1577.03,1576.9,1576.95,0,0,0
2019-12-26 12:18:00-05:00,1576.95,1576.96,1576.8,1576.81,0,0,0
2019-12-26 12:19:00-05:00,1576.81,1576.84,1576.68,1576.68,0,0,0
2019-12-26 12:20:00-05:00,1576.68,1576.71,1576.67,1576.69,0,0,0
2019-12-26 12:21:00-05:00,1576.69,1576.72,1576.68,1576.72,0,0,0
2019-12-26 12:22:00-05:00,1576.72,1576.72,1576.53,1576.53,0,0,0
2019-12-26 12:23:00-05:00,1576.54,1576.56,1576.24,1576.24,0,0,0
2019-12-26 12:24:00-05:00,1576.23,1576.27,1576.13,1576.17,0,0,0
2019-12-26 12:25:00-05:00,1576.17,1576.27,1576.04,1576.04,0,0,0
2019-12-26 12:26:00-05:00,1576.04,1576.38,1576.04,1576.38,0,0,0
2019-12-26 12:27:00-05:00,1576.36,1576.49,1576.36,1576.36,0,0,0
2019-12-26 12:28:00-05:00,1576.35,1576.44,1576.3,1576.36,0,0,0
2019-12-26 12:29:00-05:00,1576.36,1576.48,1576.34,1576.47,0,0,0
2019-12-26 12:30:00-05:00,1576.44,1576.56,1576.41,1576.56,0,0,0
2019-12-26 12:31:00-05:00,1576.56,1576.71,1576.54,1576.54,0,0,0
2019-12-26 12:32:00-05:00,1576.54,1576.54,1576.4,1576.51,0,0,0
2019-12-26 12:33:00-05:00,1576.53,1576.67,1576.52,1576.67,0,0,0
2019-12-26 12:34:00-05:00,1576.67,1576.73,1576.67,1576.72,0,0,0
2019-12-26 12:35:00-05:00,1576.72,1576.77,1576.71,1576.71,0,0,0
2019-12-26 12:36:00-05:00,1576.71,1576.74,1576.49,1576.49,0,0,0
2019-12-26 12:37:00-05:00,1576.48,1576.56,1576.48,1576.53,0,0,0
2019-12-26 12:38:00-05:00,1576.49,1576.64,1576.42,1576.56,0,0,0
2019-12-26 12:39:00-05:00,1576.55,1576.57,1576.51,1576.56,0,0,0
2019-12-26 12:40:00-05:00,1576.56,1576.69,1576.56,1576.69,0,0,0
2019-12-26 12:41:00-05:00,1576.69,1576.78,1576.69,1576.77,0,0,0
2019-12-26 12:42:00-05:00,1576.8,1576.8,1576.74,1576.76,0,0,0
2019-12-26 12:43:00-05:00,1576.76,1576.81,1576.69,1576.76,0,0,0
2019-12-26 12:44:00-05:00,1576.89,1577.07,1576.89,1577.0,0,0,0
2019-12-26 12:45:00-05:00,1577.0,1577.01,1576.9,1576.93,0,0,0
2019-12-26 12:46:00-05:00,1576.94,1576.94,1576.78,1576.82,0,0,0
2019-12-26 12:47:00-05:00,1576.82,1576.93,1576.82,1576.9,0,0,0
2019-12-26 12:48:00-05:00,1576.93,1577.26,1576.93,1577.26,0,0,0
2019-12-26 12:49:00-05:00,1577.35,1577.48,1577.35,1577.41,0,0,0
2019-12-26 12:50:00-05:00,1577.42,1577.44,1577.28,1577.28,0,0,0
2019-12-26 12:51:00-05:00,1577.28,1577.31,1577.18,1577.18,0,0,0
2019-12-26 12:52:00-05:00,1577.18,1577.18,1577.06,1577.08,0,0,0
2019-12-26 12:53:00-05:00,1577.08,1577.14,1576.76,1576.76,0,0,0
2019-12-26 12:54:00-05:00,1576.74,1576.74,1576.36,1576.37,0,0,0
2019-12-26 12:55:00-05:00,1576.34,1576.38,1576.28,1576.3,0,0,0
2019-12-26 12:56:00-05:00,1576.28,1576.4,1576.28,1576.35,0,0,0
2019-12-26 12:57:00-05:00,1576.33,1576.38,1576.21,1576.36,0,0,0
2019-12-26 12:58:00-05:00,1576.33,1576.63,1576.3,1576.63,0,0,0
2019-12-26 12:59:00-05:00,1576.65,1576.66,1576.55,1576.57,0,0,0
2019-12-26 13:00:00-05:00,1576.57,1576.6,1576.47,1576.47,0,0,0
2019-12-26 13:01:00-05:00,1576.47,1576.56,1576.45,1576.48,0,0,0
2019-12-26 13:02:00-05:00,1576.48,1576.52,1576.48,1576.51,0,0,0
2019-12-26 13:03:00-05:00,1576.51,1576.6,1576.43,1576.43,0,0,0
2019-12-26 13:04:00-05:00,1576.43,1576.43,1576.37,1576.4,0,0,0
2019-12-26 13:05:00-05:00,1576.34,1576.34,1575.98,1575.98,0,0,0
2019-12-26 13:06:00-05:00,1575.98,1575.98,1575.65,1575.77,0,0,0
2019-12-26 13:07:00-05:00,1575.77,1575.77,1575.74,1575.74,0,0,0
2019-12-26 13:08:00-05:00,1575.71,1575.89,1575.66,1575.89,0,0,0
2019-12-26 13:09:00-05:00,1575.89,1576.04,1575.89,1575.96,0,0,0
2019-12-26 13:10:00-05:00,1575.96,1576.02,1575.96,1576.02,0,0,0
2019-12-26 13:11:00-05:00,1576.02,1576.22,1576.01,1576.18,0,0,0
2019-12-26 13:12:00-05:00,1576.06,1576.28,1576.01,1576.28,0,0,0
2019-12-26 13:13:00-05:00,1576.28,1576.47,1576.28,1576.45,0,0,0
2019-12-26 13:14:00-05:00,1576.45,1576.61,1576.45,1576.61,0,0,0
2019-12-26 13:15:00-05:00,1576.61,1576.67,1576.6,1576.6,0,0,0
2019-12-26 13:16:00-05:00,1576.59,1576.59,1576.37,1576.37,0,0,0
2019-12-26 13:17:00-05:00,1576.38,1576.72,1576.37,1576.72,0,0,0
2019-12-26 13:18:00-05:00,1576.72,1576.79,1576.71,1576.75,0,0,0
2019-12-26 13:19:00-05:00,1576.75,1576.75,1576.69,1576.69,0,0,0
2019-12-26 13:20:00-05:00,1576.73,1576.97,1576.73,1576.96,0,0,0
2019-12-26 13:21:00-05:00,1576.96,1576.96,1576.78,1576.78,0,0,0
2019-12-26 13:22:00-05:00,1576.78,1576.8,1576.58,1576.58,0,0,0
2019-12-26 13:23:00-05:00,1576.58,1576.58,1576.27,1576.44,0,0,0
2019-12-26 13:24:00-05:00,1576.44,1576.47,1576.41,1576.47,0,0,0
2019-12-26 13:25:00-05:00,1576.47,1576.47,1576.4,1576.42,0,0,0
2019-12-26 13:26:00-05:00,1576.42,1576.46,1576.35,1576.42,0,0,0
2019-12-26 13:27:00-05:00,1576.42,1576.43,1576.13,1576.13,0,0,0
2019-12-26 13:28:00-05:00,1576.14,1576.16,1575.97,1575.97,0,0,0
2019-12-26 13:29:00-05:00,1576.16,1576.2,1576.0,1576.0,0,0,0
2019-12-26 13:30:00-05:00,1576.02,1576.04,1575.96,1576.04,0,0,0
2019-12-26 13:31:00-05:00,1576.01,1576.06,1575.98,1575.98,0,0,0
2019-12-26 13:32:00-05:00,1575.97,1575.97,1575.68,1575.68,0,0,0
2019-12-26 13:33:00-05:00,1575.65,1575.78,1575.55,1575.55,0,0,0
2019-12-26 13:34:00-05:00,1575.55,1575.59,1575.52,1575.59,0,0,0
2019-12-26 13:35:00-05:00,1575.62,1575.72,1575.62,1575.71,0,0,0
2019-12-26 13:36:00-05:00,1575.71,1575.73,1575.68,1575.71,0,0,0
2019-12-26 13:37:00-05:00,1575.71,1576.07,1575.63,1576.04,0,0,0
2019-12-26 13:38:00-05:00,1576.04,1576.09,1576.01,1576.08,0,0,0
2019-12-26 13:39:00-05:00,1576.08,1576.13,1575.99,1576.02,0,0,0
2019-12-26 13:40:00-05:00,1576.13,1576.13,1575.92,1575.93,0,0,0
2019-12-26 13:41:00-05:00,1575.91,1576.14,1575.91,1576.1,0,0,0
2019-12-26 13:42:00-05:00,1576.13,1576.13,1576.06,1576.07,0,0,0
2019-12-26 13:43:00-05:00,1576.07,1576.13,1576.06,1576.09,0,0,0
2019-12-26 13:44:00-05:00,1576.09,1576.2,1576.07,1576.2,0,0,0
2019-12-26 13:45:00-05:00,1576.2,1576.27,1576.2,1576.25,0,0,0
2019-12-26 13:46:00-05:00,1576.24,1576.25,1576.09,1576.14,0,0,0
2019-12-26 13:47:00-05:00,1576.12,1576.14,1576.04,1576.07,0,0,0
2019-12-26 13:48:00-05:00,1576.07,1576.09,1576.02,1576.03,0,0,0
2019-12-26 13:49:00-05:00,1576.06,1576.07,1575.95,1575.95,0,0,0
2019-12-26 13:50:00-05:00,1575.94,1575.97,1575.8,1575.9,0,0,0
2019-12-26 13:51:00-05:00,1575.9,1575.9,1575.71,1575.71,0,0,0
2019-12-26 13:52:00-05:00,1575.71,1575.71,1575.67,1575.68,0,0,0
2019-12-26 13:53:00-05:00,1575.67,1575.69,1575.62,1575.69,0,0,0
2019-12-26 13:54:00-05:00,1575.69,1575.69,1575.61,1575.66,0,0,0
2019-12-26 13:55:00-05:00,1575.68,1575.72,1575.63,1575.69,0,0,0
2019-12-26 13:56:00-05:00,1575.7,1575.7,1575.61,1575.64,0,0,0
2019-12-26 13:57:00-05:00,1575.64,1575.65,1575.57,1575.62,0,0,0
2019-12-26 13:58:00-05:00,1575.57,1575.59,1575.51,1575.59,0,0,0
2019-12-26 13:59:00-05:00,1575.6,1575.74,1575.59,1575.7,0,0,0
2019-12-26 14:00:00-05:00,1575.71,1575.71,1575.68,1575.69,0,0,0
2019-12-26 14:01:00-05:00,1575.69,1575.84,1575.64,1575.84,0,0,0
2019-12-26 14:02:00-05:00,1575.8,1575.93,1575.8,1575.9,0,0,0
2019-12-26 14:03:00-05:00,1575.89,1576.29,1575.89,1576.29,0,0,0
2019-12-26 14:04:00-05:00,1576.3,1576.43,1576.3,1576.35,0,0,0
2019-12-26 14:05:00-05:00,1576.39,1576.45,1576.37,1576.42,0,0,0
2019-12-26 14:06:00-05:00,1576.42,1576.43,1576.27,1576.27,0,0,0
2019-12-26 14:07:00-05:00,1576.27,1576.36,1576.27,1576.28,0,0,0
2019-12-26 14:08:00-05:00,1576.26,1576.3,1576.22,1576.29,0,0,0
2019-12-26 14:09:00-05:00,1576.3,1576.31,1576.15,1576.17,0,0,0
2019-12-26 14:10:00-05:00,1576.11,1576.11,1575.87,1575.87,0,0,0
2019-12-26 14:11:00-05:00,1575.89,1575.89,1575.83,1575.88,0,0,0
2019-12-26 14:12:00-05:00,1575.89,1575.93,1575.85,1575.93,0,0,0
2019-12-26 14:13:00-05:00,1575.93,1575.95,1575.82,1575.83,0,0,0
2019-12-26 14:14:00-05:00,1575.8,1575.8,1575.64,1575.67,0,0,0
2019-12-26 14:15:00-05:00,1575.67,1575.68,1575.53,1575.53,0,0,0
2019-12-26 14:16:00-05:00,1575.54,1575.54,1575.31,1575.31,0,0,0
2019-12-26 14:17:00-05:00,1575.28,1575.34,1575.21,1575.34,0,0,0
2019-12-26 14:18:00-05:00,1575.34,1575.34,1575.24,1575.25,0,0,0
2019-12-26 14:19:00-05:00,1575.19,1575.19,1575.01,1575.02,0,0,0
2019-12-26 14:20:00-05:00,1575.03,1575.03,1574.8,1574.82,0,0,0
2019-12-26 14:21:00-05:00,1574.81,1574.82,1574.79,1574.8,0,0,0
2019-12-26 14:22:00-05:00,1574.8,1574.8,1574.72,1574.73,0,0,0
2019-12-26 14:23:00-05:00,1574.74,1574.75,1574.52,1574.52,0,0,0
2019-12-26 14:24:00-05:00,1574.49,1574.71,1574.49,1574.69,0,0,0
2019-12-26 14:25:00-05:00,1574.69,1574.71,1574.65,1574.71,0,0,0
2019-12-26 14:26:00-05:00,1574.7,1574.7,1574.55,1574.55,0,0,0
2019-12-26 14:27:00-05:00,1574.55,1574.55,1574.44,1574.48,0,0,0
2019-12-26 14:28:00-05:00,1574.24,1574.43,1574.22,1574.39,0,0,0
2019-12-26 14:29:00-05:00,1574.36,1574.47,1574.33,1574.47,0,0,0
2019-12-26 14:30:00-05:00,1574.48,1574.55,1574.42,1574.55,0,0,0
2019-12-26 14:31:00-05:00,1574.58,1574.58,1574.42,1574.42,0,0,0
2019-12-26 14:32:00-05:00,1574.42,1574.5,1574.34,1574.5,0,0,0
2019-12-26 14:33:00-05:00,1574.5,1574.52,1574.43,1574.52,0,0,0
2019-12-26 14:34:00-05:00,1574.52,1574.52,1574.36,1574.38,0,0,0
2019-12-26 14:35:00-05:00,1574.5,1574.54,1574.38,1574.38,0,0,0
2019-12-26 14:36:00-05:00,1574.41,1574.45,1574.39,1574.39,0,0,0
2019-12-26 14:37:00-05:00,1574.39,1574.39,1574.29,1574.29,0,0,0
2019-12-26 14:38:00-05:00,1574.28,1574.3,1574.2,1574.2,0,0,0
2019-12-26 14:39:00-05:00,1574.19,1574.23,1574.19,1574.21,0,0,0
2019-12-26 14:40:00-05:00,1574.2,1574.21,1574.08,1574.11,0,0,0
2019-12-26 14:41:00-05:00,1574.17,1574.23,1574.09,1574.09,0,0,0
2019-12-26 14:42:00-05:00,1574.09,1574.12,1573.95,1573.95,0,0,0
2019-12-26 14:43:00-05:00,1573.95,1574.02,1573.94,1574.02,0,0,0
2019-12-26 14:44:00-05:00,1574.02,1574.25,1574.02,1574.23,0,0,0
2019-12-26 14:45:00-05:00,1574.23,1574.26,1574.14,1574.25,0,0,0
2019-12-26 14:46:00-05:00,1574.25,1574.42,1574.25,1574.41,0,0,0
2019-12-26 14:47:00-05:00,1574.41,1574.52,1574.41,1574.51,0,0,0
2019-12-26 14:48:00-05:00,1574.54,1574.59,1574.54,1574.56,0,0,0
2019-12-26 14:49:00-05:00,1574.56,1574.59,1574.45,1574.45,0,0,0
2019-12-26 14:50:00-05:00,1574.45,1574.45,1574.3,1574.36,0,0,0
2019-12-26 14:51:00-05:00,1574.36,1574.41,1574.36,1574.41,0,0,0
2019-12-26 14:52:00-05:00,1574.35,1574.35,1574.16,1574.16,0,0,0
2019-12-26 14:53:00-05:00,1574.13,1574.22,1574.09,1574.19,0,0,0
2019-12-26 14:54:00-05:00,1574.19,1574.19,1574.06,1574.06,0,0,0
2019-12-26 14:55:00-05:00,1574.05,1574.11,1574.04,1574.11,0,0,0
2019-12-26 14:56:00-05:00,1574.11,1574.11,1573.75,1573.75,0,0,0
2019-12-26 14:57:00-05:00,1573.71,1573.73,1573.46,1573.5,0,0,0
2019-12-26 14:58:00-05:00,1573.5,1573.5,1573.2,1573.2,0,0,0
2019-12-26 14:59:00-05:00,1573.14,1573.2,1572.98,1572.98,0,0,0
2019-12-26 15:00:00-05:00,1572.98,1573.13,1572.98,1573.12,0,0,0
2019-12-26 15:01:00-05:00,1573.12,1573.26,1573.12,1573.21,0,0,0
2019-12-26 15:02:00-05:00,1573.17,1573.17,1573.11,1573.13,0,0,0
2019-12-26 15:03:00-05:00,1573.13,1573.14,1572.99,1573.0,0,0,0
2019-12-26 15:04:00-05:00,1573.1,1573.13,1573.05,1573.09,0,0,0
2019-12-26 15:05:00-05:00,1573.09,1573.34,1573.07,1573.34,0,0,0
2019-12-26 15:06:00-05:00,1573.46,1573.64,1573.45,1573.64,0,0,0
2019-12-26 15:07:00-05:00,1573.64,1574.04,1573.64,1574.01,0,0,0
2019-12-26 15:08:00-05:00,1574.02,1574.07,1573.99,1574.01,0,0,0
2019-12-26 15:09:00-05:00,1574.01,1574.09,1573.99,1574.01,0,0,0
2019-12-26 15:10:00-05:00,1574.01,1574.01,1573.84,1573.86,0,0,0
2019-12-26 15:11:00-05:00,1573.81,1573.92,1573.81,1573.88,0,0,0
2019-12-26 15:12:00-05:00,1573.88,1573.9,1573.82,1573.87,0,0,0
2019-12-26 15:13:00-05:00,1573.87,1573.9,1573.87,1573.87,0,0,0
2019-12-26 15:14:00-05:00,1573.87,1573.88,1573.69,1573.74,0,0,0
2019-12-26 15:15:00-05:00,1573.74,1573.99,1573.74,1573.99,0,0,0
2019-12-26 15:16:00-05:00,1573.99,1574.15,1573.99,1574.02,0,0,0
2019-12-26 15:17:00-05:00,1574.03,1574.24,1574.03,1574.24,0,0,0
2019-12-26 15:18:00-05:00,1574.23,1574.61,1574.23,1574.61,0,0,0
2019-12-26 15:19:00-05:00,1574.6,1574.66,1574.5,1574.5,0,0,0
2019-12-26 15:20:00-05:00,1574.52,1574.61,1574.43,1574.52,0,0,0
2019-12-26 15:21:00-05:00,1574.52,1574.71,1574.5,1574.69,0,0,0
2019-12-26 15:22:00-05:00,1574.69,1574.73,1574.51,1574.51,0,0,0
2019-12-26 15:23:00-05:00,1574.48,1574.48,1574.31,1574.31,0,0,0
2019-12-26 15:24:00-05:00,1574.31,1574.31,1574.19,1574.21,0,0,0
2019-12-26 15:25:00-05:00,1574.23,1574.23,1574.12,1574.14,0,0,0
2019-12-26 15:26:00-05:00,1574.15,1574.21,1573.98,1573.98,0,0,0
2019-12-26 15:27:00-05:00,1573.98,1574.06,1573.83,1573.83,0,0,0
2019-12-26 15:28:00-05:00,1573.83,1573.96,1573.83,1573.94,0,0,0
2019-12-26 15:29:00-05:00,1573.93,1574.25,1573.93,1574.21,0,0,0
2019-12-26 15:30:00-05:00,1574.21,1574.24,1574.18,1574.24,0,0,0
2019-12-26 15:31:00-05:00,1574.3,1574.42,1573.79,1573.79,0,0,0
2019-12-26 15:32:00-05:00,1573.7,1573.87,1573.7,1573.75,0,0,0
2019-12-26 15:33:00-05:00,1573.77,1573.92,1573.72,1573.92,0,0,0
2019-12-26 15:34:00-05:00,1573.78,1573.85,1573.67,1573.73,0,0,0
2019-12-26 15:35:00-05:00,1573.76,1573.84,1573.72,1573.73,0,0,0
2019-12-26 15:36:00-05:00,1573.73,1573.78,1573.63,1573.78,0,0,0
2019-12-26 15:37:00-05:00,1573.8,1573.97,1573.8,1573.97,0,0,0
2019-12-26 15:38:00-05:00,1574.09,1574.09,1573.98,1574.03,0,0,0
2019-12-26 15:39:00-05:00,1574.01,1574.12,1573.95,1574.12,0,0,0
2019-12-26 15:40:00-05:00,1574.18,1574.38,1574.12,1574.37,0,0,0
2019-12-26 15:41:00-05:00,1574.38,1574.69,1574.38,1574.69,0,0,0
2019-12-26 15:42:00-05:00,1574.72,1574.8,1574.71,1574.76,0,0,0
2019-12-26 15:43:00-05:00,1574.76,1575.14,1574.73,1575.14,0,0,0
2019-12-26 15:44:00-05:00,1575.31,1576.12,1575.27,1576.09,0,0,0
2019-12-26 15:45:00-05:00,1576.06,1576.36,1575.97,1576.24,0,0,0
2019-12-26 15:46:00-05:00,1576.23,1577.0,1576.23,1576.92,0,0,0
2019-12-26 15:47:00-05:00,1576.78,1576.78,1576.45,1576.45,0,0,0
2019-12-26 15:48:00-05:00,1576.42,1576.42,1576.12,1576.12,0,0,0
2019-12-26 15:49:00-05:00,1576.07,1576.18,1575.75,1576.18,0,0,0
2019-12-26 15:50:00-05:00,1575.95,1575.95,1575.69,1575.69,0,0,0
2019-12-26 15:51:00-05:00,1575.69,1575.99,1575.69,1575.97,0,0,0
2019-12-26 15:52:00-05:00,1576.19,1576.19,1576.09,1576.14,0,0,0
2019-12-26 15:53:00-05:00,1576.12,1576.72,1576.03,1576.72,0,0,0
2019-12-26 15:54:00-05:00,1576.96,1577.11,1576.72,1576.97,0,0,0
2019-12-26 15:55:00-05:00,1576.91,1577.03,1576.45,1576.54,0,0,0
2019-12-26 15:56:00-05:00,1576.5,1577.07,1576.5,1576.52,0,0,0
2019-12-26 15:57:00-05:00,1576.41,1576.57,1576.25,1576.57,0,0,0
2019-12-26 15:58:00-05:00,1576.7,1576.94,1576.55,1576.55,0,0,0
2019-12-26 15:59:00-05:00,1576.65,1578.52,1576.65,1578.52,0,0,0
2019-12-27 09:30:00-05:00,1580.45,1582.44,1580.45,1582.34,0,0,0
2019-12-27 09:31:00-05:00,1582.38,1583.11,1582.02,1583.09,0,0,0
2019-12-27 09:32:00-05:00,1583.03,1583.03,1582.07,1582.57,0,0,0
2019-12-27 09:33:00-05:00,1582.65,1582.8,1582.49,1582.66,0,0,0
2019-12-27 09:34:00-05:00,1582.47,1583.07,1582.14,1583.07,0,0,0
2019-12-27 09:35:00-05:00,1583.15,1583.66,1582.95,1582.95,0,0,0
2019-12-27 09:36:00-05:00,1582.96,1582.96,1581.51,1581.51,0,0,0
2019-12-27 09:37:00-05:00,1581.32,1581.32,1580.4,1580.98,0,0,0
2019-12-27 09:38:00-05:00,1580.96,1581.0,1580.59,1580.7,0,0,0
2019-12-27 09:39:00-05:00,1580.78,1580.84,1580.53,1580.56,0,0,0
2019-12-27 09:40:00-05:00,1580.81,1580.83,1580.75,1580.79,0,0,0
2019-12-27 09:41:00-05:00,1580.73,1581.04,1580.73,1580.77,0,0,0
2019-12-27 09:42:00-05:00,1580.9,1581.33,1580.9,1581.13,0,0,0
2019-12-27 09:43:00-05:00,1581.07,1581.18,1580.84,1580.84,0,0,0
2019-12-27 09:44:00-05:00,1580.82,1580.85,1580.38,1580.38,0,0,0
2019-12-27 09:45:00-05:00,1580.39,1580.39,1579.97,1580.13,0,0,0
2019-12-27 09:46:00-05:00,1579.74,1579.74,1579.36,1579.36,0,0,0
2019-12-27 09:47:00-05:00,1579.18,1579.18,1578.23,1578.23,0,0,0
2019-12-27 09:48:00-05:00,1578.39,1578.39,1577.37,1577.58,0,0,0
2019-12-27 09:49:00-05:00,1577.68,1578.18,1577.66,1578.18,0,0,0
2019-12-27 09:50:00-05:00,1578.21,1578.21,1577.88,1577.88,0,0,0
2019-12-27 09:51:00-05:00,1577.65,1577.65,1577.22,1577.22,0,0,0
2019-12-27 09:52:00-05:00,1577.22,1577.8,1577.22,1577.8,0,0,0
2019-12-27 09:53:00-05:00,1577.86,1578.37,1577.86,1578.12,0,0,0
2019-12-27 09:54:00-05:00,1578.1,1578.23,1577.77,1577.91,0,0,0
2019-12-27 09:55:00-05:00,1577.89,1578.24,1577.89,1578.15,0,0,0
2019-12-27 09:56:00-05:00,1578.21,1578.62,1578.21,1578.33,0,0,0
2019-12-27 09:57:00-05:00,1578.32,1578.32,1577.29,1577.32,0,0,0
2019-12-27 09:58:00-05:00,1577.28,1577.79,1577.06,1577.79,0,0,0
2019-12-27 09:59:00-05:00,1577.77,1577.99,1577.66,1577.97,0,0,0
2019-12-27 10:00:00-05:00,1577.92,1578.34,1577.92,1578.24,0,0,0
2019-12-27 10:01:00-05:00,1578.27,1578.49,1578.18,1578.26,0,0,0
2019-12-27 10:02:00-05:00,1578.24,1578.37,1577.86,1577.86,0,0,0
2019-12-27 10:03:00-05:00,1577.87,1578.1,1577.79,1577.79,0,0,0
2019-12-27 10:04:00-05:00,1577.83,1578.03,1577.81,1577.94,0,0,0
2019-12-27 10:05:00-05:00,1577.91,1578.58,1577.91,1578.58,0,0,0
2019-12-27 10:06:00-05:00,1578.55,1578.65,1578.49,1578.58,0,0,0
2019-12-27 10:07:00-05:00,1578.54,1578.98,1578.54,1578.98,0,0,0
2019-12-27 10:08:00-05:00,1578.98,1579.12,1578.92,1579.12,0,0,0
2019-12-27 10:09:00-05:00,1579.12,1579.19,1578.74,1578.74,0,0,0
2019-12-27 10:10:00-05:00,1578.68,1578.82,1578.35,1578.35,0,0,0
2019-12-27 10:11:00-05:00,1578.01,1578.08,1577.82,1577.84,0,0,0
2019-12-27 10:12:00-05:00,1577.93,1578.12,1577.89,1578.08,0,0,0
2019-12-27 10:13:00-05:00,1578.08,1578.38,1578.08,1578.35,0,0,0
2019-12-27 10:14:00-05:00,1578.42,1578.58,1578.39,1578.58,0,0,0
2019-12-27 10:15:00-05:00,1578.58,1578.74,1578.58,1578.67,0,0,0
2019-12-27 10:16:00-05:00,1578.63,1578.72,1578.45,1578.45,0,0,0
2019-12-27 10:17:00-05:00,1578.46,1578.51,1578.14,1578.26,0,0,0
2019-12-27 10:18:00-05:00,1578.37,1578.95,1578.37,1578.95,0,0,0
2019-12-27 10:19:00-05:00,1578.96,1579.37,1578.94,1579.37,0,0,0
2019-12-27 10:20:00-05:00,1579.25,1579.56,1579.25,1579.35,0,0,0
2019-12-27 10:21:00-05:00,1579.29,1579.29,1579.07,1579.07,0,0,0
2019-12-27 10:22:00-05:00,1579.07,1579.36,1579.02,1579.06,0,0,0
2019-12-27 10:23:00-05:00,1579.25,1579.31,1579.24,1579.24,0,0,0
2019-12-27 10:24:00-05:00,1579.3,1579.39,1579.3,1579.35,0,0,0
2019-12-27 10:25:00-05:00,1579.33,1579.33,1579.13,1579.13,0,0,0
2019-12-27 10:26:00-05:00,1579.14,1579.2,1579.0,1579.0,0,0,0
2019-12-27 10:27:00-05:00,1578.87,1578.87,1578.04,1578.04,0,0,0
2019-12-27 10:28:00-05:00,1578.15,1578.34,1578.15,1578.34,0,0,0
2019-12-27 10:29:00-05:00,1578.35,1578.39,1578.21,1578.36,0,0,0
2019-12-27 10:30:00-05:00,1578.4,1578.47,1578.37,1578.47,0,0,0
2019-12-27 10:31:00-05:00,1578.46,1578.7,1578.46,1578.68,0,0,0
2019-12-27 10:32:00-05:00,1578.67,1578.67,1578.09,1578.09,0,0,0
2019-12-27 10:33:00-05:00,1578.07,1578.08,1577.97,1578.08,0,0,0
2019-12-27 10:34:00-05:00,1578.03,1578.13,1577.92,1577.92,0,0,0
2019-12-27 10:35:00-05:00,1577.95,1578.26,1577.95,1578.26,0,0,0
2019-12-27 10:36:00-05:00,1578.21,1578.51,1578.2,1578.5,0,0,0
2019-12-27 10:37:00-05:00,1578.56,1578.59,1578.34,1578.34,0,0,0
2019-12-27 10:38:00-05:00,1578.28,1578.28,1577.88,1577.88,0,0,0
2019-12-27 10:39:00-05:00,1577.79,1577.88,1577.38,1577.38,0,0,0
2019-12-27 10:40:00-05:00,1577.4,1577.55,1577.4,1577.48,0,0,0
2019-12-27 10:41:00-05:00,1577.57,1577.69,1577.48,1577.49,0,0,0
2019-12-27 10:42:00-05:00,1577.56,1577.86,1577.56,1577.75,0,0,0
2019-12-27 10:43:00-05:00,1577.75,1577.81,1577.75,1577.81,0,0,0
2019-12-27 10:44:00-05:00,1577.79,1578.06,1577.79,1578.06,0,0,0
2019-12-27 10:45:00-05:00,1578.09,1578.52,1578.09,1578.52,0,0,0
2019-12-27 10:46:00-05:00,1578.7,1578.76,1578.65,1578.7,0,0,0
2019-12-27 10:47:00-05:00,1578.72,1578.94,1578.72,1578.94,0,0,0
2019-12-27 10:48:00-05:00,1578.97,1578.97,1578.86,1578.89,0,0,0
2019-12-27 10:49:00-05:00,1578.79,1578.79,1578.39,1578.48,0,0,0
2019-12-27 10:50:00-05:00,1578.49,1578.66,1578.49,1578.66,0,0,0
2019-12-27 10:51:00-05:00,1578.75,1579.08,1578.72,1579.08,0,0,0
2019-12-27 10:52:00-05:00,1579.16,1579.38,1579.11,1579.38,0,0,0
2019-12-27 10:53:00-05:00,1579.4,1579.44,1579.21,1579.22,0,0,0
2019-12-27 10:54:00-05:00,1579.29,1579.34,1579.24,1579.25,0,0,0
2019-12-27 10:55:00-05:00,1579.29,1579.35,1579.22,1579.33,0,0,0
2019-12-27 10:56:00-05:00,1579.31,1579.31,1579.2,1579.26,0,0,0
2019-12-27 10:57:00-05:00,1579.27,1579.44,1579.27,1579.33,0,0,0
2019-12-27 10:58:00-05:00,1579.34,1579.36,1579.01,1579.01,0,0,0
2019-12-27 10:59:00-05:00,1579.01,1579.01,1578.86,1578.87,0,0,0
2019-12-27 11:00:00-05:00,1578.91,1579.05,1578.91,1579.05,0,0,0
2019-12-27 11:01:00-05:00,1579.02,1579.02,1578.82,1578.82,0,0,0
2019-12-27 11:02:00-05:00,1578.88,1578.92,1578.46,1578.62,0,0,0
2019-12-27 11:03:00-05:00,1578.68,1578.68,1578.54,1578.54,0,0,0
2019-12-27 11:04:00-05:00,1578.55,1578.56,1578.44,1578.49,0,0,0
2019-12-27 11:05:00-05:00,1578.5,1578.5,1578.23,1578.23,0,0,0
2019-12-27 11:07:00-05:00,1577.93,1578.04,1577.93,1578.04,0,0,0
2019-12-27 11:08:00-05:00,1578.05,1578.09,1577.89,1578.09,0,0,0
2019-12-27 11:09:00-05:00,1578.07,1578.21,1578.0,1578.0,0,0,0
2019-12-27 11:10:00-05:00,1577.98,1578.06,1577.96,1578.03,0,0,0
2019-12-27 11:11:00-05:00,1578.04,1578.16,1578.04,1578.16,0,0,0
2019-12-27 11:12:00-05:00,1578.17,1578.27,1578.17,1578.27,0,0,0
2019-12-27 11:13:00-05:00,1578.24,1578.24,1578.05,1578.05,0,0,0
2019-12-27 11:14:00-05:00,1578.04,1578.06,1577.98,1578.05,0,0,0
2019-12-27 11:15:00-05:00,1578.04,1578.18,1577.9,1577.9,0,0,0
2019-12-27 11:16:00-05:00,1577.92,1577.96,1577.79,1577.79,0,0,0
2019-12-27 11:17:00-05:00,1577.8,1577.8,1577.76,1577.77,0,0,0
2019-12-27 11:18:00-05:00,1577.77,1577.9,1577.65,1577.88,0,0,0
2019-12-27 11:19:00-05:00,1577.91,1577.92,1577.88,1577.91,0,0,0
2019-12-27 11:20:00-05:00,1577.91,1578.25,1577.91,1578.25,0,0,0
2019-12-27 11:21:00-05:00,1578.25,1578.61,1578.25,1578.61,0,0,0
2019-12-27 11:22:00-05:00,1578.74,1578.97,1578.71,1578.89,0,0,0
2019-12-27 11:23:00-05:00,1578.9,1578.93,1578.78,1578.78,0,0,0
2019-12-27 11:24:00-05:00,1578.72,1579.19,1578.67,1579.19,0,0,0
2019-12-27 11:25:00-05:00,1579.21,1579.3,1579.13,1579.3,0,0,0
2019-12-27 11:26:00-05:00,1579.33,1579.52,1579.33,1579.52,0,0,0
2019-12-27 11:27:00-05:00,1579.52,1579.71,1579.51,1579.58,0,0,0
2019-12-27 11:28:00-05:00,1579.68,1579.91,1579.65,1579.91,0,0,0
2019-12-27 11:29:00-05:00,1579.89,1580.27,1579.89,1580.26,0,0,0
2019-12-27 11:30:00-05:00,1580.22,1580.56,1580.22,1580.56,0,0,0
2019-12-27 11:31:00-05:00,1580.6,1580.62,1580.6,1580.62,0,0,0
2019-12-27 11:32:00-05:00,1580.72,1580.72,1580.66,1580.66,0,0,0
2019-12-27 11:33:00-05:00,1580.72,1580.72,1580.7,1580.7,0,0,0
2019-12-27 11:35:00-05:00,1580.2,1580.26,1579.94,1579.94,0,0,0
2019-12-27 11:36:00-05:00,1579.9,1579.9,1579.46,1579.55,0,0,0
2019-12-27 11:37:00-05:00,1579.54,1579.63,1579.54,1579.59,0,0,0
2019-12-27 11:38:00-05:00,1579.63,1579.87,1579.63,1579.76,0,0,0
2019-12-27 11:39:00-05:00,1579.67,1579.67,1579.52,1579.57,0,0,0
2019-12-27 11:40:00-05:00,1579.66,1580.09,1579.64,1580.09,0,0,0
2019-12-27 11:41:00-05:00,1580.19,1580.36,1580.17,1580.36,0,0,0
2019-12-27 11:42:00-05:00,1580.42,1580.42,1580.3,1580.31,0,0,0
2019-12-27 11:43:00-05:00,1580.32,1580.36,1580.23,1580.26,0,0,0
2019-12-27 11:44:00-05:00,1580.27,1580.44,1580.27,1580.36,0,0,0
2019-12-27 11:45:00-05:00,1580.35,1580.44,1580.3,1580.44,0,0,0
2019-12-27 11:46:00-05:00,1580.38,1580.42,1580.38,1580.39,0,0,0
2019-12-27 11:47:00-05:00,1580.38,1580.38,1580.19,1580.24,0,0,0
2019-12-27 11:48:00-05:00,1580.12,1580.17,1580.02,1580.02,0,0,0
2019-12-27 11:49:00-05:00,1580.01,1580.06,1580.01,1580.06,0,0,0
2019-12-27 11:50:00-05:00,1580.06,1580.06,1579.87,1579.95,0,0,0
2019-12-27 11:51:00-05:00,1579.95,1580.27,1579.95,1580.27,0,0,0
2019-12-27 11:52:00-05:00,1580.24,1580.24,1579.87,1579.87,0,0,0
2019-12-27 11:53:00-05:00,1579.9,1579.97,1579.9,1579.96,0,0,0
2019-12-27 11:54:00-05:00,1579.89,1579.89,1579.78,1579.81,0,0,0
2019-12-27 11:55:00-05:00,1579.83,1579.88,1579.62,1579.62,0,0,0
2019-12-27 11:56:00-05:00,1579.62,1579.8,1579.62,1579.76,0,0,0
2019-12-27 11:57:00-05:00,1579.81,1579.86,1579.74,1579.74,0,0,0
2019-12-27 11:58:00-05:00,1579.65,1579.8,1579.65,1579.8,0,0,0
2019-12-27 12:00:00-05:00,1579.48,1579.48,1579.41,1579.48,0,0,0
2019-12-27 12:01:00-05:00,1579.47,1579.68,1579.47,1579.68,0,0,0
2019-12-27 12:02:00-05:00,1579.75,1579.78,1579.32,1579.32,0,0,0
2019-12-27 12:03:00-05:00,1579.3,1579.37,1579.13,1579.13,0,0,0
2019-12-27 12:04:00-05:00,1579.13,1579.15,1579.06,1579.11,0,0,0
2019-12-27 12:05:00-05:00,1579.13,1579.13,1578.82,1578.82,0,0,0
2019-12-27 12:06:00-05:00,1578.81,1578.99,1578.81,1578.99,0,0,0
2019-12-27 12:07:00-05:00,1579.02,1579.13,1579.02,1579.11,0,0,0
2019-12-27 12:08:00-05:00,1579.11,1579.27,1579.11,1579.22,0,0,0
2019-12-27 12:09:00-05:00,1579.22,1579.24,1579.12,1579.13,0,0,0
2019-12-27 12:10:00-05:00,1579.15,1579.23,1579.08,1579.12,0,0,0
2019-12-27 12:11:00-05:00,1579.13,1579.22,1579.02,1579.11,0,0,0
2019-12-27 12:12:00-05:00,1579.11,1579.13,1579.08,1579.1,0,0,0
2019-12-27 12:13:00-05:00,1579.09,1579.21,1579.09,1579.21,0,0,0
2019-12-27 12:14:00-05:00,1579.21,1579.28,1579.18,1579.18,0,0,0
2019-12-27 12:15:00-05:00,1579.13,1579.28,1579.12,1579.27,0,0,0
2019-12-27 12:16:00-05:00,1579.37,1579.49,1579.37,1579.44,0,0,0
2019-12-27 12:17:00-05:00,1579.44,1579.6,1579.44,1579.6,0,0,0
2019-12-27 12:18:00-05:00,1579.83,1579.95,1579.77,1579.77,0,0,0
2019-12-27 12:19:00-05:00,1579.77,1579.89,1579.76,1579.89,0,0,0
2019-12-27 12:20:00-05:00,1579.88,1579.93,1579.86,1579.86,0,0,0
2019-12-27 12:21:00-05:00,1579.8,1579.8,1579.21,1579.22,0,0,0
2019-12-27 12:22:00-05:00,1579.18,1579.24,1579.13,1579.22,0,0,0
2019-12-27 12:23:00-05:00,1579.21,1579.22,1578.95,1579.02,0,0,0
2019-12-27 12:24:00-05:00,1578.97,1578.97,1578.82,1578.96,0,0,0
2019-12-27 12:25:00-05:00,1578.97,1578.97,1578.89,1578.89,0,0,0
2019-12-27 12:26:00-05:00,1578.83,1578.87,1578.72,1578.72,0,0,0
2019-12-27 12:27:00-05:00,1578.73,1578.94,1578.73,1578.94,0,0,0
2019-12-27 12:28:00-05:00,1578.94,1578.94,1578.58,1578.58,0,0,0
2019-12-27 12:29:00-05:00,1578.58,1578.66,1578.36,1578.37,0,0,0
2019-12-27 12:30:00-05:00,1578.37,1578.4,1578.32,1578.4,0,0,0
2019-12-27 12:31:00-05:00,1578.4,1578.54,1578.4,1578.52,0,0,0
2019-12-27 12:32:00-05:00,1578.52,1578.52,1578.27,1578.27,0,0,0
2019-12-27 12:33:00-05:00,1578.27,1578.63,1578.27,1578.63,0,0,0
2019-12-27 12:34:00-05:00,1578.63,1578.72,1578.61,1578.7,0,0,0
2019-12-27 12:35:00-05:00,1578.71,1578.82,1578.68,1578.82,0,0,0
2019-12-27 12:36:00-05:00,1578.85,1579.09,1578.85,1578.99,0,0,0
2019-12-27 12:37:00-05:00,1578.99,1579.19,1578.97,1579.19,0,0,0
2019-12-27 12:38:00-05:00,1579.23,1579.29,1579.13,1579.28,0,0,0
2019-12-27 12:39:00-05:00,1579.2,1579.4,1579.2,1579.4,0,0,0
2019-12-27 12:40:00-05:00,1579.4,1579.49,1579.39,1579.48,0,0,0
2019-12-27 12:41:00-05:00,1579.46,1579.46,1579.39,1579.46,0,0,0
2019-12-27 12:42:00-05:00,1579.48,1579.54,1579.45,1579.48,0,0,0
2019-12-27 12:43:00-05:00,1579.46,1579.89,1579.46,1579.85,0,0,0
2019-12-27 12:44:00-05:00,1579.88,1579.88,1579.68,1579.73,0,0,0
2019-12-27 12:45:00-05:00,1579.74,1580.08,1579.7,1580.08,0,0,0
2019-12-27 12:46:00-05:00,1580.07,1580.35,1580.07,1580.35,0,0,0
2019-12-27 12:47:00-05:00,1580.31,1580.42,1580.31,1580.39,0,0,0
2019-12-27 12:48:00-05:00,1580.36,1580.42,1580.31,1580.33,0,0,0
2019-12-27 12:49:00-05:00,1580.33,1580.45,1580.33,1580.43,0,0,0
2019-12-27 12:50:00-05:00,1580.43,1580.66,1580.33,1580.66,0,0,0
2019-12-27 12:51:00-05:00,1580.66,1580.86,1580.66,1580.82,0,0,0
2019-12-27 12:52:00-05:00,1580.85,1580.85,1580.7,1580.7,0,0,0
2019-12-27 12:53:00-05:00,1580.7,1580.7,1580.28,1580.28,0,0,0
2019-12-27 12:54:00-05:00,1580.21,1580.21,1580.04,1580.04,0,0,0
2019-12-27 12:55:00-05:00,1580.04,1580.13,1580.04,1580.12,0,0,0
2019-12-27 12:56:00-05:00,1580.12,1580.19,1580.1,1580.12,0,0,0
2019-12-27 12:57:00-05:00,1580.09,1580.09,1580.01,1580.04,0,0,0
2019-12-27 12:58:00-05:00,1580.04,1580.04,1579.4,1579.4,0,0,0
2019-12-27 12:59:00-05:00,1579.41,1579.46,1579.39,1579.43,0,0,0
2019-12-27 13:00:00-05:00,1579.43,1579.65,1579.43,1579.65,0,0,0
2019-12-27 13:01:00-05:00,1579.65,1579.7,1579.57,1579.69,0,0,0
2019-12-27 13:02:00-05:00,1579.69,1579.74,1579.62,1579.62,0,0,0
2019-12-27 13:03:00-05:00,1579.62,1579.89,1579.62,1579.86,0,0,0
2019-12-27 13:04:00-05:00,1579.87,1579.9,1579.82,1579.85,0,0,0
2019-12-27 13:05:00-05:00,1579.85,1579.85,1579.75,1579.81,0,0,0
2019-12-27 13:06:00-05:00,1579.81,1579.81,1579.72,1579.72,0,0,0
2019-12-27 13:07:00-05:00,1579.72,1579.83,1579.72,1579.83,0,0,0
2019-12-27 13:08:00-05:00,1579.83,1579.86,1579.76,1579.76,0,0,0
2019-12-27 13:09:00-05:00,1579.78,1579.78,1579.48,1579.48,0,0,0
2019-12-27 13:10:00-05:00,1579.48,1579.48,1579.39,1579.41,0,0,0
2019-12-27 13:11:00-05:00,1579.34,1579.36,1579.22,1579.22,0,0,0
2019-12-27 13:12:00-05:00,1579.22,1579.23,1578.86,1578.86,0,0,0
2019-12-27 13:13:00-05:00,1578.87,1578.94,1578.78,1578.93,0,0,0
2019-12-27 13:14:00-05:00,1578.93,1578.94,1578.78,1578.78,0,0,0
2019-12-27 13:15:00-05:00,1578.78,1578.85,1578.76,1578.85,0,0,0
2019-12-27 13:16:00-05:00,1578.85,1579.05,1578.85,1578.94,0,0,0
2019-12-27 13:17:00-05:00,1578.94,1578.99,1578.76,1578.77,0,0,0
2019-12-27 13:18:00-05:00,1578.77,1578.82,1578.75,1578.75,0,0,0
2019-12-27 13:19:00-05:00,1578.79,1578.81,1578.74,1578.76,0,0,0
2019-12-27 13:20:00-05:00,1578.75,1578.99,1578.73,1578.99,0,0,0
2019-12-27 13:21:00-05:00,1578.99,1578.99,1578.72,1578.72,0,0,0
2019-12-27 13:22:00-05:00,1578.7,1578.78,1578.7,1578.73,0,0,0
2019-12-27 13:23:00-05:00,1578.68,1578.79,1578.68,1578.73,0,0,0
2019-12-27 13:24:00-05:00,1578.73,1578.73,1578.44,1578.44,0,0,0
2019-12-27 13:25:00-05:00,1578.44,1578.46,1578.32,1578.32,0,0,0
2019-12-27 13:26:00-05:00,1578.32,1578.32,1578.16,1578.21,0,0,0
2019-12-27 13:27:00-05:00,1578.18,1578.19,1578.03,1578.03,0,0,0
2019-12-27 13:28:00-05:00,1578.03,1578.12,1578.03,1578.08,0,0,0
2019-12-27 13:29:00-05:00,1578.07,1578.07,1577.93,1577.96,0,0,0
2019-12-27 13:30:00-05:00,1577.96,1578.09,1577.95,1578.09,0,0,0
2019-12-27 13:31:00-05:00,1578.0,1578.19,1577.96,1578.09,0,0,0
2019-12-27 13:32:00-05:00,1578.09,1578.09,1577.96,1577.96,0,0,0
2019-12-27 13:33:00-05:00,1577.84,1578.1,1577.84,1578.1,0,0,0
2019-12-27 13:34:00-05:00,1578.12,1578.12,1577.97,1577.97,0,0,0
2019-12-27 13:35:00-05:00,1577.94,1577.94,1577.67,1577.67,0,0,0
2019-12-27 13:36:00-05:00,1577.67,1577.68,1577.49,1577.49,0,0,0
2019-12-27 13:37:00-05:00,1577.5,1577.55,1577.33,1577.35,0,0,0
2019-12-27 13:38:00-05:00,1577.36,1577.47,1577.36,1577.47,0,0,0
2019-12-27 13:39:00-05:00,1577.46,1577.51,1577.43,1577.43,0,0,0
2019-12-27 13:40:00-05:00,1577.43,1577.45,1577.35,1577.42,0,0,0
2019-12-27 13:41:00-05:00,1577.42,1577.42,1577.3,1577.31,0,0,0
2019-12-27 13:42:00-05:00,1577.28,1577.36,1577.21,1577.21,0,0,0
2019-12-27 13:43:00-05:00,1577.18,1577.18,1577.14,1577.14,0,0,0
2019-12-27 13:44:00-05:00,1577.16,1577.28,1577.16,1577.28,0,0,0
2019-12-27 13:45:00-05:00,1577.25,1577.51,1577.25,1577.48,0,0,0
2019-12-27 13:46:00-05:00,1577.48,1577.76,1577.48,1577.76,0,0,0
2019-12-27 13:47:00-05:00,1577.76,1577.85,1577.69,1577.69,0,0,0
2019-12-27 13:48:00-05:00,1577.63,1577.68,1577.58,1577.67,0,0,0
2019-12-27 13:49:00-05:00,1577.69,1577.69,1577.53,1577.53,0,0,0
2019-12-27 13:50:00-05:00,1577.53,1577.66,1577.41,1577.41,0,0,0
2019-12-27 13:51:00-05:00,1577.4,1577.45,1577.37,1577.42,0,0,0
2019-12-27 13:52:00-05:00,1577.45,1577.45,1577.38,1577.38,0,0,0
2019-12-27 13:53:00-05:00,1577.38,1577.48,1577.34,1577.4,0,0,0
2019-12-27 13:54:00-05:00,1577.38,1577.49,1577.38,1577.44,0,0,0
2019-12-27 13:55:00-05:00,1577.43,1577.52,1577.41,1577.5,0,0,0
2019-12-27 13:56:00-05:00,1577.5,1577.5,1577.36,1577.36,0,0,0
2019-12-27 13:57:00-05:00,1577.28,1577.46,1577.28,1577.46,0,0,0
2019-12-27 13:58:00-05:00,1577.51,1577.64,1577.43,1577.5,0,0,0
2019-12-27 13:59:00-05:00,1577.5,1577.5,1577.25,1577.27,0,0,0
2019-12-27 14:00:00-05:00,1577.29,1577.6,1577.28,1577.6,0,0,0
2019-12-27 14:01:00-05:00,1577.62,1578.02,1577.62,1577.96,0,0,0
2019-12-27 14:02:00-05:00,1577.98,1578.01,1577.96,1577.96,0,0,0
2019-12-27 14:03:00-05:00,1578.05,1578.29,1578.05,1578.17,0,0,0
2019-12-27 14:04:00-05:00,1578.18,1578.57,1578.18,1578.56,0,0,0
2019-12-27 14:05:00-05:00,1578.56,1578.6,1578.42,1578.42,0,0,0
2019-12-27 14:06:00-05:00,1578.39,1578.53,1578.37,1578.48,0,0,0
2019-12-27 14:07:00-05:00,1578.48,1578.58,1578.39,1578.39,0,0,0
2019-12-27 14:08:00-05:00,1578.39,1578.42,1578.2,1578.35,0,0,0
2019-12-27 14:09:00-05:00,1578.38,1578.43,1578.31,1578.43,0,0,0
2019-12-27 14:10:00-05:00,1578.43,1578.7,1578.41,1578.7,0,0,0
2019-12-27 14:11:00-05:00,1578.69,1578.74,1578.59,1578.59,0,0,0
2019-12-27 14:12:00-05:00,1578.58,1578.64,1578.48,1578.64,0,0,0
2019-12-27 14:13:00-05:00,1578.63,1578.7,1578.6,1578.7,0,0,0
2019-12-27 14:14:00-05:00,1578.7,1578.87,1578.7,1578.71,0,0,0
2019-12-27 14:15:00-05:00,1578.71,1578.74,1578.33,1578.33,0,0,0
2019-12-27 14:16:00-05:00,1578.28,1578.31,1578.25,1578.26,0,0,0
2019-12-27 14:17:00-05:00,1578.29,1578.39,1578.29,1578.37,0,0,0
2019-12-27 14:18:00-05:00,1578.37,1578.44,1578.34,1578.35,0,0,0
2019-12-27 14:19:00-05:00,1578.35,1578.35,1578.14,1578.17,0,0,0
2019-12-27 14:20:00-05:00,1578.17,1578.23,1577.98,1578.01,0,0,0
2019-12-27 14:21:00-05:00,1578.0,1578.07,1577.97,1577.98,0,0,0
2019-12-27 14:22:00-05:00,1577.98,1577.98,1577.89,1577.89,0,0,0
2019-12-27 14:23:00-05:00,1577.89,1577.94,1577.89,1577.9,0,0,0
2019-12-27 14:24:00-05:00,1577.9,1577.97,1577.9,1577.96,0,0,0
2019-12-27 14:25:00-05:00,1577.95,1578.02,1577.95,1578.02,0,0,0
2019-12-27 14:26:00-05:00,1578.0,1578.0,1577.89,1577.91,0,0,0
2019-12-27 14:27:00-05:00,1577.91,1577.91,1577.66,1577.71,0,0,0
2019-12-27 14:28:00-05:00,1577.71,1577.73,1577.68,1577.73,0,0,0
2019-12-27 14:29:00-05:00,1577.73,1577.73,1577.53,1577.53,0,0,0
2019-12-27 14:30:00-05:00,1577.46,1577.46,1577.35,1577.38,0,0,0
2019-12-27 14:31:00-05:00,1577.42,1577.42,1577.19,1577.19,0,0,0
2019-12-27 14:32:00-05:00,1577.18,1577.18,1577.0,1577.05,0,0,0
2019-12-27 14:33:00-05:00,1577.03,1577.23,1577.0,1577.23,0,0,0
2019-12-27 14:34:00-05:00,1577.23,1577.3,1577.07,1577.09,0,0,0
2019-12-27 14:35:00-05:00,1577.09,1577.09,1577.03,1577.03,0,0,0
2019-12-27 14:36:00-05:00,1577.05,1577.07,1576.92,1576.92,0,0,0
2019-12-27 14:37:00-05:00,1576.89,1576.9,1576.75,1576.76,0,0,0
2019-12-27 14:38:00-05:00,1576.76,1576.94,1576.76,1576.87,0,0,0
2019-12-27 14:39:00-05:00,1576.87,1577.03,1576.84,1576.98,0,0,0
2019-12-27 14:40:00-05:00,1576.98,1577.16,1576.94,1577.16,0,0,0
2019-12-27 14:41:00-05:00,1577.2,1577.24,1577.16,1577.22,0,0,0
2019-12-27 14:42:00-05:00,1577.22,1577.23,1577.19,1577.22,0,0,0
2019-12-27 14:43:00-05:00,1577.22,1577.25,1577.2,1577.21,0,0,0
2019-12-27 14:44:00-05:00,1577.24,1577.42,1577.24,1577.4,0,0,0
2019-12-27 14:45:00-05:00,1577.4,1577.4,1577.16,1577.16,0,0,0
2019-12-27 14:46:00-05:00,1577.16,1577.22,1576.99,1576.99,0,0,0
2019-12-27 14:47:00-05:00,1576.96,1577.13,1576.91,1577.13,0,0,0
2019-12-27 14:48:00-05:00,1577.13,1577.33,1577.13,1577.32,0,0,0
2019-12-27 14:49:00-05:00,1577.31,1577.5,1577.31,1577.42,0,0,0
2019-12-27 14:50:00-05:00,1577.42,1577.71,1577.4,1577.71,0,0,0
2019-12-27 14:51:00-05:00,1577.68,1577.71,1577.62,1577.63,0,0,0
2019-12-27 14:52:00-05:00,1577.6,1577.62,1577.49,1577.62,0,0,0
2019-12-27 14:53:00-05:00,1577.64,1578.07,1577.64,1577.98,0,0,0
2019-12-27 14:54:00-05:00,1578.01,1578.01,1577.7,1577.75,0,0,0
2019-12-27 14:55:00-05:00,1577.75,1577.75,1577.63,1577.69,0,0,0
2019-12-27 14:56:00-05:00,1577.69,1577.7,1577.59,1577.59,0,0,0
2019-12-27 14:57:00-05:00,1577.59,1577.59,1577.54,1577.56,0,0,0
2019-12-27 14:58:00-05:00,1577.56,1577.56,1577.51,1577.54,0,0,0
2019-12-27 14:59:00-05:00,1577.54,1577.7,1577.49,1577.7,0,0,0
2019-12-27 15:00:00-05:00,1577.7,1577.75,1577.67,1577.7,0,0,0
2019-12-27 15:01:00-05:00,1577.66,1577.76,1577.6,1577.68,0,0,0
2019-12-27 15:02:00-05:00,1577.68,1577.68,1577.36,1577.36,0,0,0
2019-12-27 15:03:00-05:00,1577.38,1577.38,1577.22,1577.24,0,0,0
2019-12-27 15:04:00-05:00,1577.25,1577.34,1577.24,1577.33,0,0,0
2019-12-27 15:05:00-05:00,1577.33,1577.51,1577.31,1577.51,0,0,0
2019-12-27 15:06:00-05:00,1577.52,1577.52,1577.39,1577.39,0,0,0
2019-12-27 15:07:00-05:00,1577.31,1577.46,1577.27,1577.45,0,0,0
2019-12-27 15:08:00-05:00,1577.42,1577.6,1577.42,1577.6,0,0,0
2019-12-27 15:09:00-05:00,1577.6,1577.64,1577.44,1577.44,0,0,0
2019-12-27 15:10:00-05:00,1577.44,1577.46,1577.16,1577.16,0,0,0
2019-12-27 15:11:00-05:00,1577.13,1577.13,1576.92,1576.98,0,0,0
2019-12-27 15:12:00-05:00,1576.98,1577.07,1576.95,1576.95,0,0,0
2019-12-27 15:13:00-05:00,1576.95,1577.04,1576.95,1576.98,0,0,0
2019-12-27 15:14:00-05:00,1576.89,1576.89,1576.76,1576.76,0,0,0
2019-12-27 15:15:00-05:00,1576.76,1576.83,1576.68,1576.71,0,0,0
2019-12-27 15:16:00-05:00,1576.73,1576.9,1576.73,1576.88,0,0,0
2019-12-27 15:17:00-05:00,1576.88,1577.05,1576.87,1577.04,0,0,0
2019-12-27 15:18:00-05:00,1577.04,1577.13,1577.04,1577.09,0,0,0
2019-12-27 15:19:00-05:00,1577.09,1577.5,1577.09,1577.5,0,0,0
2019-12-27 15:20:00-05:00,1577.54,1577.54,1577.37,1577.46,0,0,0
2019-12-27 15:21:00-05:00,1577.43,1577.54,1577.39,1577.49,0,0,0
2019-12-27 15:22:00-05:00,1577.55,1577.66,1577.43,1577.66,0,0,0
2019-12-27 15:23:00-05:00,1577.75,1577.91,1577.75,1577.88,0,0,0
2019-12-27 15:24:00-05:00,1577.85,1577.85,1577.77,1577.77,0,0,0
2019-12-27 15:25:00-05:00,1577.77,1577.77,1577.58,1577.58,0,0,0
2019-12-27 15:26:00-05:00,1577.57,1577.95,1577.53,1577.95,0,0,0
2019-12-27 15:27:00-05:00,1577.95,1578.05,1577.8,1577.86,0,0,0
2019-12-27 15:28:00-05:00,1577.91,1577.92,1577.72,1577.84,0,0,0
2019-12-27 15:29:00-05:00,1577.85,1577.92,1577.76,1577.92,0,0,0
2019-12-27 15:30:00-05:00,1577.96,1578.03,1577.94,1578.01,0,0,0
2019-12-27 15:31:00-05:00,1578.01,1578.29,1578.01,1578.29,0,0,0
2019-12-27 15:32:00-05:00,1578.32,1578.33,1578.17,1578.2,0,0,0
2019-12-27 15:33:00-05:00,1578.2,1578.37,1578.2,1578.35,0,0,0
2019-12-27 15:34:00-05:00,1578.41,1578.63,1578.41,1578.63,0,0,0
2019-12-27 15:35:00-05:00,1578.67,1579.08,1578.67,1579.08,0,0,0
2019-12-27 15:36:00-05:00,1579.08,1579.34,1579.07,1579.31,0,0,0
2019-12-27 15:37:00-05:00,1579.31,1579.59,1579.31,1579.54,0,0,0
2019-12-27 15:38:00-05:00,1579.54,1579.54,1579.2,1579.2,0,0,0
2019-12-27 15:39:00-05:00,1579.17,1579.17,1578.98,1579.1,0,0,0
2019-12-27 15:40:00-05:00,1579.1,1579.13,1579.0,1579.0,0,0,0
2019-12-27 15:41:00-05:00,1578.95,1578.98,1578.77,1578.86,0,0,0
2019-12-27 15:42:00-05:00,1578.9,1578.98,1578.87,1578.96,0,0,0
2019-12-27 15:43:00-05:00,1578.94,1578.94,1578.43,1578.43,0,0,0
2019-12-27 15:44:00-05:00,1578.41,1578.41,1577.93,1577.93,0,0,0
2019-12-27 15:45:00-05:00,1577.89,1578.05,1577.73,1577.96,0,0,0
2019-12-27 15:46:00-05:00,1577.94,1578.2,1577.79,1577.8,0,0,0
2019-12-27 15:47:00-05:00,1577.8,1577.84,1577.75,1577.81,0,0,0
2019-12-27 15:48:00-05:00,1577.78,1578.1,1577.63,1577.63,0,0,0
2019-12-27 15:49:00-05:00,1577.56,1577.63,1577.32,1577.32,0,0,0
2019-12-27 15:50:00-05:00,1577.14,1577.14,1576.61,1576.66,0,0,0
2019-12-27 15:51:00-05:00,1576.69,1577.05,1576.63,1577.05,0,0,0
2019-12-27 15:52:00-05:00,1577.08,1577.61,1577.08,1577.56,0,0,0
2019-12-27 15:53:00-05:00,1577.62,1578.13,1577.62,1578.09,0,0,0
2019-12-27 15:54:00-05:00,1578.27,1578.27,1578.02,1578.02,0,0,0
2019-12-27 15:55:00-05:00,1578.14,1578.49,1578.14,1578.49,0,0,0
2019-12-27 15:56:00-05:00,1578.63,1579.02,1578.63,1578.85,0,0,0
2019-12-27 15:57:00-05:00,1578.69,1579.22,1578.64,1579.22,0,0,0
2019-12-27 15:58:00-05:00,1579.26,1579.26,1578.76,1579.02,0,0,0
2019-12-27 15:59:00-05:00,1579.09,1579.36,1578.46,1578.49,0,0,0
2019-12-30 09:30:00-05:00,1578.54,1580.37,1578.54,1580.37,0,0,0
2019-12-30 09:31:00-05:00,1580.16,1580.6,1580.16,1580.5,0,0,0
2019-12-30 09:32:00-05:00,1580.58,1581.99,1580.49,1581.81,0,0,0
2019-12-30 09:33:00-05:00,1581.79,1581.79,1580.6,1580.6,0,0,0
2019-12-30 09:34:00-05:00,1581.01,1581.2,1580.86,1581.2,0,0,0
2019-12-30 09:35:00-05:00,1581.07,1581.07,1580.06,1580.27,0,0,0
2019-12-30 09:36:00-05:00,1580.15,1580.29,1578.82,1578.84,0,0,0
2019-12-30 09:37:00-05:00,1578.76,1578.76,1578.06,1578.48,0,0,0
2019-12-30 09:38:00-05:00,1578.72,1579.09,1578.4,1579.09,0,0,0
2019-12-30 09:39:00-05:00,1579.09,1579.53,1579.07,1579.47,0,0,0
2019-12-30 09:40:00-05:00,1579.61,1579.61,1579.24,1579.24,0,0,0
2019-12-30 09:41:00-05:00,1579.27,1579.35,1578.92,1579.1,0,0,0
2019-12-30 09:42:00-05:00,1579.13,1579.13,1578.68,1578.79,0,0,0
2019-12-30 09:43:00-05:00,1578.93,1578.93,1578.33,1578.33,0,0,0
2019-12-30 09:44:00-05:00,1578.34,1578.34,1577.81,1577.81,0,0,0
2019-12-30 09:45:00-05:00,1577.72,1577.79,1577.34,1577.79,0,0,0
2019-12-30 09:46:00-05:00,1578.16,1578.9,1578.16,1578.9,0,0,0
2019-12-30 09:47:00-05:00,1578.71,1579.27,1578.58,1579.27,0,0,0
2019-12-30 09:48:00-05:00,1579.34,1579.71,1579.07,1579.07,0,0,0
2019-12-30 09:49:00-05:00,1579.3,1579.3,1579.01,1579.11,0,0,0
2019-12-30 09:50:00-05:00,1579.09,1579.29,1578.94,1579.29,0,0,0
2019-12-30 09:51:00-05:00,1579.43,1579.78,1579.31,1579.64,0,0,0
2019-12-30 09:52:00-05:00,1579.53,1579.53,1578.87,1578.89,0,0,0
2019-12-30 09:53:00-05:00,1578.93,1579.17,1578.93,1579.11,0,0,0
2019-12-30 09:54:00-05:00,1579.05,1579.05,1578.49,1578.49,0,0,0
2019-12-30 09:55:00-05:00,1578.36,1578.7,1578.36,1578.56,0,0,0
2019-12-30 09:56:00-05:00,1578.56,1578.57,1578.05,1578.05,0,0,0
2019-12-30 09:57:00-05:00,1578.02,1578.02,1577.72,1577.78,0,0,0
2019-12-30 09:58:00-05:00,1577.8,1577.98,1577.53,1577.72,0,0,0
2019-12-30 09:59:00-05:00,1577.76,1578.42,1577.7,1578.42,0,0,0
2019-12-30 10:00:00-05:00,1578.42,1578.6,1578.4,1578.51,0,0,0
2019-12-30 10:01:00-05:00,1578.49,1578.49,1577.51,1577.51,0,0,0
2019-12-30 10:02:00-05:00,1577.58,1577.93,1577.43,1577.93,0,0,0
2019-12-30 10:03:00-05:00,1578.04,1578.34,1578.04,1578.21,0,0,0
2019-12-30 10:04:00-05:00,1578.23,1578.99,1578.21,1578.81,0,0,0
2019-12-30 10:05:00-05:00,1578.85,1579.82,1578.85,1579.61,0,0,0
2019-12-30 10:06:00-05:00,1579.58,1579.72,1579.42,1579.44,0,0,0
2019-12-30 10:07:00-05:00,1579.41,1579.41,1578.55,1578.55,0,0,0
2019-12-30 10:08:00-05:00,1578.43,1578.64,1578.43,1578.64,0,0,0
2019-12-30 10:09:00-05:00,1578.61,1578.71,1578.45,1578.46,0,0,0
2019-12-30 10:10:00-05:00,1578.47,1578.61,1577.96,1577.96,0,0,0
2019-12-30 10:11:00-05:00,1577.96,1578.19,1577.51,1578.19,0,0,0
2019-12-30 10:12:00-05:00,1578.07,1578.07,1576.99,1576.99,0,0,0
2019-12-30 10:13:00-05:00,1576.71,1576.91,1575.06,1575.53,0,0,0
2019-12-30 10:14:00-05:00,1575.53,1575.53,1574.57,1574.57,0,0,0
2019-12-30 10:15:00-05:00,1574.55,1574.55,1573.36,1573.36,0,0,0
2019-12-30 10:16:00-05:00,1573.24,1573.68,1573.24,1573.68,0,0,0
2019-12-30 10:17:00-05:00,1573.76,1573.89,1573.7,1573.82,0,0,0
2019-12-30 10:18:00-05:00,1573.91,1573.91,1573.57,1573.57,0,0,0
2019-12-30 10:19:00-05:00,1573.57,1573.75,1573.44,1573.63,0,0,0
2019-12-30 10:20:00-05:00,1573.78,1573.78,1573.35,1573.67,0,0,0
2019-12-30 10:21:00-05:00,1573.65,1574.05,1573.65,1573.96,0,0,0
2019-12-30 10:22:00-05:00,1573.82,1573.97,1573.57,1573.57,0,0,0
2019-12-30 10:23:00-05:00,1573.51,1573.65,1573.28,1573.31,0,0,0
2019-12-30 10:24:00-05:00,1573.2,1573.2,1572.82,1572.82,0,0,0
2019-12-30 10:25:00-05:00,1572.58,1572.73,1572.5,1572.73,0,0,0
2019-12-30 10:26:00-05:00,1572.87,1572.87,1572.48,1572.67,0,0,0
2019-12-30 10:27:00-05:00,1572.62,1572.72,1572.5,1572.69,0,0,0
2019-12-30 10:28:00-05:00,1572.63,1572.63,1572.47,1572.6,0,0,0
2019-12-30 10:29:00-05:00,1572.73,1572.73,1572.12,1572.2,0,0,0
2019-12-30 10:30:00-05:00,1572.19,1572.19,1571.45,1571.48,0,0,0
2019-12-30 10:31:00-05:00,1571.43,1571.51,1570.74,1570.74,0,0,0
2019-12-30 10:32:00-05:00,1570.71,1570.74,1570.39,1570.49,0,0,0
2019-12-30 10:33:00-05:00,1570.42,1570.76,1570.42,1570.71,0,0,0
2019-12-30 10:34:00-05:00,1570.8,1570.84,1570.6,1570.66,0,0,0
2019-12-30 10:35:00-05:00,1570.69,1570.81,1570.6,1570.75,0,0,0
2019-12-30 10:36:00-05:00,1570.83,1571.54,1570.83,1571.53,0,0,0
2019-12-30 10:37:00-05:00,1571.43,1571.43,1571.13,1571.13,0,0,0
2019-12-30 10:38:00-05:00,1571.14,1571.2,1570.9,1570.92,0,0,0
2019-12-30 10:39:00-05:00,1570.92,1571.51,1570.92,1571.51,0,0,0
2019-12-30 10:40:00-05:00,1571.77,1571.95,1571.7,1571.87,0,0,0
2019-12-30 10:41:00-05:00,1571.87,1572.19,1571.87,1572.02,0,0,0
2019-12-30 10:42:00-05:00,1572.13,1572.9,1572.13,1572.9,0,0,0
2019-12-30 10:43:00-05:00,1572.89,1573.05,1572.89,1572.98,0,0,0
2019-12-30 10:44:00-05:00,1573.0,1573.02,1572.62,1572.62,0,0,0
2019-12-30 10:45:00-05:00,1572.61,1573.03,1572.61,1573.02,0,0,0
2019-12-30 10:46:00-05:00,1573.09,1573.36,1573.09,1573.22,0,0,0
2019-12-30 10:47:00-05:00,1573.22,1573.22,1573.03,1573.03,0,0,0
2019-12-30 10:48:00-05:00,1572.97,1573.01,1572.51,1572.51,0,0,0
2019-12-30 10:49:00-05:00,1572.52,1572.52,1572.08,1572.08,0,0,0
2019-12-30 10:50:00-05:00,1572.05,1572.05,1571.82,1571.84,0,0,0
2019-12-30 10:51:00-05:00,1571.63,1571.87,1571.6,1571.87,0,0,0
2019-12-30 10:52:00-05:00,1571.94,1572.02,1571.85,1571.93,0,0,0
2019-12-30 10:53:00-05:00,1571.93,1572.34,1571.89,1572.34,0,0,0
2019-12-30 10:54:00-05:00,1572.46,1572.77,1572.39,1572.77,0,0,0
2019-12-30 10:55:00-05:00,1572.78,1572.94,1572.78,1572.92,0,0,0
2019-12-30 10:56:00-05:00,1572.8,1572.8,1572.39,1572.39,0,0,0
2019-12-30 10:57:00-05:00,1572.36,1572.45,1572.33,1572.39,0,0,0
2019-12-30 10:58:00-05:00,1572.42,1573.19,1572.42,1573.19,0,0,0
2019-12-30 10:59:00-05:00,1573.29,1573.29,1573.04,1573.13,0,0,0
2019-12-30 11:00:00-05:00,1573.19,1573.19,1572.83,1572.83,0,0,0
2019-12-30 11:01:00-05:00,1572.73,1572.73,1572.46,1572.57,0,0,0
2019-12-30 11:02:00-05:00,1572.5,1572.5,1572.22,1572.23,0,0,0
2019-12-30 11:03:00-05:00,1572.19,1572.2,1572.01,1572.01,0,0,0
2019-12-30 11:04:00-05:00,1571.97,1571.97,1571.56,1571.56,0,0,0
2019-12-30 11:05:00-05:00,1571.6,1571.84,1571.6,1571.69,0,0,0
2019-12-30 11:06:00-05:00,1571.67,1571.67,1571.06,1571.06,0,0,0
2019-12-30 11:07:00-05:00,1571.16,1571.16,1570.71,1570.89,0,0,0
2019-12-30 11:08:00-05:00,1570.87,1570.96,1570.8,1570.91,0,0,0
2019-12-30 11:09:00-05:00,1570.91,1570.91,1570.91,1570.91,0,0,0
2019-12-30 11:10:00-05:00,1571.19,1571.2,1571.05,1571.05,0,0,0
2019-12-30 11:11:00-05:00,1571.09,1571.55,1571.09,1571.55,0,0,0
2019-12-30 11:12:00-05:00,1571.59,1572.1,1571.59,1572.1,0,0,0
2019-12-30 11:13:00-05:00,1572.12,1572.37,1571.95,1571.95,0,0,0
2019-12-30 11:14:00-05:00,1571.83,1571.83,1571.74,1571.8,0,0,0
2019-12-30 11:15:00-05:00,1571.7,1571.78,1571.68,1571.77,0,0,0
2019-12-30 11:17:00-05:00,1572.07,1572.07,1571.78,1571.78,0,0,0
2019-12-30 11:18:00-05:00,1571.72,1571.72,1571.68,1571.68,0,0,0
2019-12-30 11:19:00-05:00,1571.67,1571.7,1571.64,1571.65,0,0,0
2019-12-30 11:21:00-05:00,1571.88,1571.93,1571.88,1571.93,0,0,0
2019-12-30 11:22:00-05:00,1572.04,1572.04,1572.04,1572.04,0,0,0
2019-12-30 11:23:00-05:00,1572.13,1572.18,1572.13,1572.18,0,0,0
2019-12-30 11:24:00-05:00,1572.22,1572.22,1572.22,1572.22,0,0,0
2019-12-30 11:25:00-05:00,1572.01,1572.02,1572.01,1572.02,0,0,0
2019-12-30 11:26:00-05:00,1572.02,1572.19,1572.02,1572.19,0,0,0
2019-12-30 11:27:00-05:00,1572.2,1572.36,1572.19,1572.32,0,0,0
2019-12-30 11:28:00-05:00,1572.35,1572.35,1571.99,1571.99,0,0,0
2019-12-30 11:29:00-05:00,1571.99,1572.02,1571.86,1572.02,0,0,0
2019-12-30 11:30:00-05:00,1571.9,1572.02,1571.85,1572.02,0,0,0
2019-12-30 11:31:00-05:00,1572.07,1572.07,1571.91,1571.95,0,0,0
2019-12-30 11:32:00-05:00,1571.87,1571.97,1571.86,1571.97,0,0,0
2019-12-30 11:33:00-05:00,1572.0,1572.0,1571.77,1571.78,0,0,0
2019-12-30 11:34:00-05:00,1571.75,1571.79,1571.44,1571.44,0,0,0
2019-12-30 11:35:00-05:00,1571.41,1571.77,1571.34,1571.71,0,0,0
2019-12-30 11:36:00-05:00,1571.79,1572.19,1571.78,1572.14,0,0,0
2019-12-30 11:37:00-05:00,1572.2,1572.2,1571.98,1572.05,0,0,0
2019-12-30 11:38:00-05:00,1572.05,1572.05,1571.67,1571.71,0,0,0
2019-12-30 11:39:00-05:00,1571.73,1571.89,1571.73,1571.77,0,0,0
2019-12-30 11:40:00-05:00,1571.73,1571.73,1571.62,1571.7,0,0,0
2019-12-30 11:41:00-05:00,1571.68,1571.79,1571.57,1571.57,0,0,0
2019-12-30 11:42:00-05:00,1571.54,1571.55,1571.41,1571.44,0,0,0
2019-12-30 11:43:00-05:00,1571.51,1571.76,1571.51,1571.72,0,0,0
2019-12-30 11:44:00-05:00,1571.79,1572.45,1571.79,1572.45,0,0,0
2019-12-30 11:45:00-05:00,1572.59,1572.97,1572.59,1572.97,0,0,0
2019-12-30 11:46:00-05:00,1573.07,1573.15,1572.74,1572.81,0,0,0
2019-12-30 11:47:00-05:00,1572.88,1573.27,1572.88,1573.18,0,0,0
2019-12-30 11:48:00-05:00,1573.18,1573.18,1573.04,1573.08,0,0,0
2019-12-30 11:49:00-05:00,1573.11,1573.11,1572.69,1572.69,0,0,0
2019-12-30 11:50:00-05:00,1572.64,1572.64,1572.32,1572.38,0,0,0
2019-12-30 11:51:00-05:00,1572.39,1572.7,1572.39,1572.69,0,0,0
2019-12-30 11:52:00-05:00,1572.69,1572.73,1572.66,1572.69,0,0,0
2019-12-30 11:53:00-05:00,1572.73,1572.9,1572.72,1572.79,0,0,0
2019-12-30 11:54:00-05:00,1572.77,1572.77,1572.12,1572.12,0,0,0
2019-12-30 11:55:00-05:00,1572.11,1572.11,1571.55,1571.57,0,0,0
2019-12-30 11:56:00-05:00,1571.5,1571.74,1571.36,1571.74,0,0,0
2019-12-30 11:57:00-05:00,1571.7,1571.84,1571.7,1571.84,0,0,0
2019-12-30 11:58:00-05:00,1571.82,1571.83,1571.75,1571.77,0,0,0
2019-12-30 11:59:00-05:00,1571.79,1571.82,1571.62,1571.65,0,0,0
2019-12-30 12:00:00-05:00,1571.65,1572.31,1571.65,1572.26,0,0,0
2019-12-30 12:01:00-05:00,1572.24,1572.3,1572.19,1572.3,0,0,0
2019-12-30 12:02:00-05:00,1572.3,1572.39,1572.27,1572.37,0,0,0
2019-12-30 12:03:00-05:00,1572.37,1572.37,1572.24,1572.24,0,0,0
2019-12-30 12:04:00-05:00,1572.24,1572.26,1572.19,1572.26,0,0,0
2019-12-30 12:05:00-05:00,1572.29,1572.32,1572.0,1572.0,0,0,0
2019-12-30 12:06:00-05:00,1571.96,1572.17,1571.96,1572.07,0,0,0
2019-12-30 12:07:00-05:00,1572.07,1572.11,1572.01,1572.01,0,0,0
2019-12-30 12:08:00-05:00,1572.03,1572.23,1572.03,1572.14,0,0,0
2019-12-30 12:09:00-05:00,1572.17,1572.25,1572.16,1572.16,0,0,0
2019-12-30 12:10:00-05:00,1572.22,1572.29,1572.18,1572.28,0,0,0
2019-12-30 12:11:00-05:00,1572.28,1572.45,1572.27,1572.4,0,0,0
2019-12-30 12:12:00-05:00,1572.32,1572.6,1572.3,1572.55,0,0,0
2019-12-30 12:13:00-05:00,1572.56,1572.66,1572.5,1572.6,0,0,0
2019-12-30 12:14:00-05:00,1572.6,1572.61,1572.53,1572.53,0,0,0
2019-12-30 12:15:00-05:00,1572.53,1572.71,1572.35,1572.62,0,0,0
2019-12-30 12:16:00-05:00,1572.67,1572.69,1572.53,1572.53,0,0,0
2019-12-30 12:17:00-05:00,1572.53,1572.69,1572.53,1572.69,0,0,0
2019-12-30 12:18:00-05:00,1572.69,1572.84,1572.69,1572.82,0,0,0
2019-12-30 12:19:00-05:00,1572.82,1572.93,1572.8,1572.9,0,0,0
2019-12-30 12:20:00-05:00,1572.92,1572.92,1572.75,1572.75,0,0,0
2019-12-30 12:21:00-05:00,1572.75,1572.89,1572.75,1572.89,0,0,0
2019-12-30 12:22:00-05:00,1572.86,1572.92,1572.7,1572.7,0,0,0
2019-12-30 12:23:00-05:00,1572.66,1572.66,1572.54,1572.6,0,0,0
2019-12-30 12:24:00-05:00,1572.6,1572.62,1572.5,1572.58,0,0,0
2019-12-30 12:25:00-05:00,1572.58,1572.87,1572.52,1572.87,0,0,0
2019-12-30 12:26:00-05:00,1572.87,1573.23,1572.87,1573.23,0,0,0
2019-12-30 12:27:00-05:00,1573.25,1573.25,1572.89,1572.89,0,0,0
2019-12-30 12:28:00-05:00,1572.89,1572.89,1572.76,1572.79,0,0,0
2019-12-30 12:29:00-05:00,1572.8,1572.92,1572.79,1572.85,0,0,0
2019-12-30 12:30:00-05:00,1572.83,1572.87,1572.71,1572.71,0,0,0
2019-12-30 12:31:00-05:00,1572.68,1572.71,1572.51,1572.51,0,0,0
2019-12-30 12:32:00-05:00,1572.5,1572.59,1572.5,1572.54,0,0,0
2019-12-30 12:33:00-05:00,1572.54,1572.59,1572.5,1572.5,0,0,0
2019-12-30 12:34:00-05:00,1572.51,1572.59,1572.35,1572.59,0,0,0
2019-12-30 12:35:00-05:00,1572.56,1572.68,1572.51,1572.65,0,0,0
2019-12-30 12:36:00-05:00,1572.65,1572.65,1572.55,1572.64,0,0,0
2019-12-30 12:37:00-05:00,1572.66,1572.99,1572.66,1572.98,0,0,0
2019-12-30 12:38:00-05:00,1572.98,1572.98,1572.95,1572.95,0,0,0
2019-12-30 12:39:00-05:00,1572.95,1572.99,1572.95,1572.98,0,0,0
2019-12-30 12:40:00-05:00,1572.89,1572.92,1572.74,1572.77,0,0,0
2019-12-30 12:41:00-05:00,1572.79,1572.79,1572.62,1572.62,0,0,0
2019-12-30 12:42:00-05:00,1572.62,1572.8,1572.56,1572.8,0,0,0
2019-12-30 12:43:00-05:00,1572.8,1572.91,1572.8,1572.87,0,0,0
2019-12-30 12:44:00-05:00,1572.83,1573.08,1572.83,1573.08,0,0,0
2019-12-30 12:45:00-05:00,1573.07,1573.35,1573.07,1573.32,0,0,0
2019-12-30 12:46:00-05:00,1573.32,1573.35,1573.25,1573.3,0,0,0
2019-12-30 12:47:00-05:00,1573.3,1573.64,1573.3,1573.64,0,0,0
2019-12-30 12:48:00-05:00,1573.67,1573.85,1573.67,1573.8,0,0,0
2019-12-30 12:49:00-05:00,1573.8,1573.82,1573.75,1573.79,0,0,0
2019-12-30 12:50:00-05:00,1573.73,1573.8,1573.66,1573.73,0,0,0
2019-12-30 12:51:00-05:00,1573.72,1573.72,1573.51,1573.58,0,0,0
2019-12-30 12:52:00-05:00,1573.58,1573.69,1573.58,1573.61,0,0,0
2019-12-30 12:53:00-05:00,1573.63,1573.63,1573.15,1573.15,0,0,0
2019-12-30 12:54:00-05:00,1573.15,1573.15,1573.0,1573.06,0,0,0
2019-12-30 12:55:00-05:00,1573.06,1573.16,1573.01,1573.1,0,0,0
2019-12-30 12:56:00-05:00,1573.1,1573.21,1572.98,1572.98,0,0,0
2019-12-30 12:57:00-05:00,1572.98,1572.98,1572.86,1572.86,0,0,0
2019-12-30 12:58:00-05:00,1572.78,1572.78,1572.44,1572.44,0,0,0
2019-12-30 12:59:00-05:00,1572.44,1572.44,1572.17,1572.18,0,0,0
2019-12-30 13:00:00-05:00,1572.15,1572.16,1572.04,1572.04,0,0,0
2019-12-30 13:01:00-05:00,1572.0,1572.0,1571.69,1571.69,0,0,0
2019-12-30 13:02:00-05:00,1571.69,1571.89,1571.67,1571.83,0,0,0
2019-12-30 13:03:00-05:00,1571.79,1571.79,1571.48,1571.48,0,0,0
2019-12-30 13:04:00-05:00,1571.42,1571.42,1570.97,1570.97,0,0,0
2019-12-30 13:05:00-05:00,1570.97,1571.04,1570.97,1571.04,0,0,0
2019-12-30 13:06:00-05:00,1571.04,1571.13,1570.96,1571.13,0,0,0
2019-12-30 13:07:00-05:00,1571.13,1571.2,1571.13,1571.2,0,0,0
2019-12-30 13:08:00-05:00,1571.2,1571.2,1571.13,1571.16,0,0,0
2019-12-30 13:09:00-05:00,1571.17,1571.27,1570.86,1570.86,0,0,0
2019-12-30 13:10:00-05:00,1570.83,1570.97,1570.76,1570.97,0,0,0
2019-12-30 13:11:00-05:00,1570.97,1571.16,1570.96,1571.16,0,0,0
2019-12-30 13:12:00-05:00,1571.18,1571.24,1571.18,1571.2,0,0,0
2019-12-30 13:13:00-05:00,1571.22,1571.32,1571.22,1571.31,0,0,0
2019-12-30 13:14:00-05:00,1571.31,1571.62,1571.31,1571.62,0,0,0
2019-12-30 13:15:00-05:00,1571.62,1571.74,1571.61,1571.74,0,0,0
2019-12-30 13:16:00-05:00,1571.71,1571.78,1571.71,1571.74,0,0,0
2019-12-30 13:17:00-05:00,1571.74,1571.74,1571.51,1571.51,0,0,0
2019-12-30 13:18:00-05:00,1571.51,1571.51,1571.07,1571.07,0,0,0
2019-12-30 13:19:00-05:00,1571.07,1571.07,1570.92,1570.92,0,0,0
2019-12-30 13:20:00-05:00,1570.92,1570.92,1570.8,1570.8,0,0,0
2019-12-30 13:21:00-05:00,1570.8,1570.8,1570.71,1570.71,0,0,0
2019-12-30 13:22:00-05:00,1570.74,1570.83,1570.4,1570.4,0,0,0
2019-12-30 13:23:00-05:00,1570.42,1570.43,1570.22,1570.22,0,0,0
2019-12-30 13:24:00-05:00,1570.22,1570.23,1570.04,1570.07,0,0,0
2019-12-30 13:25:00-05:00,1570.07,1570.07,1569.94,1569.94,0,0,0
2019-12-30 13:26:00-05:00,1569.94,1569.94,1569.87,1569.89,0,0,0
2019-12-30 13:27:00-05:00,1569.89,1569.89,1569.46,1569.47,0,0,0
2019-12-30 13:28:00-05:00,1569.49,1569.49,1569.37,1569.41,0,0,0
2019-12-30 13:29:00-05:00,1569.41,1569.58,1569.4,1569.4,0,0,0
2019-12-30 13:30:00-05:00,1569.4,1569.42,1569.33,1569.33,0,0,0
2019-12-30 13:31:00-05:00,1569.33,1569.42,1569.28,1569.39,0,0,0
2019-12-30 13:32:00-05:00,1569.4,1569.41,1569.3,1569.3,0,0,0
2019-12-30 13:33:00-05:00,1569.26,1569.28,1569.26,1569.28,0,0,0
2019-12-30 13:34:00-05:00,1569.27,1569.27,1569.23,1569.25,0,0,0
2019-12-30 13:35:00-05:00,1569.25,1569.61,1569.25,1569.61,0,0,0
2019-12-30 13:36:00-05:00,1569.63,1569.79,1569.63,1569.79,0,0,0
2019-12-30 13:37:00-05:00,1569.8,1569.98,1569.8,1569.96,0,0,0
2019-12-30 13:38:00-05:00,1569.98,1570.13,1569.97,1569.99,0,0,0
2019-12-30 13:39:00-05:00,1569.99,1570.25,1569.98,1570.25,0,0,0
2019-12-30 13:40:00-05:00,1570.25,1570.25,1570.03,1570.03,0,0,0
2019-12-30 13:41:00-05:00,1570.03,1570.03,1569.73,1569.73,0,0,0
2019-12-30 13:42:00-05:00,1569.73,1569.93,1569.73,1569.92,0,0,0
2019-12-30 13:43:00-05:00,1569.92,1570.03,1569.9,1570.03,0,0,0
2019-12-30 13:44:00-05:00,1570.03,1570.17,1570.03,1570.17,0,0,0
2019-12-30 13:45:00-05:00,1570.17,1570.4,1570.17,1570.4,0,0,0
2019-12-30 13:46:00-05:00,1570.4,1570.4,1570.24,1570.24,0,0,0
2019-12-30 13:47:00-05:00,1570.24,1570.25,1570.09,1570.11,0,0,0
2019-12-30 13:48:00-05:00,1570.11,1570.11,1569.52,1569.52,0,0,0
2019-12-30 13:49:00-05:00,1569.43,1569.61,1569.43,1569.47,0,0,0
2019-12-30 13:50:00-05:00,1569.47,1569.73,1569.45,1569.67,0,0,0
2019-12-30 13:51:00-05:00,1569.67,1569.75,1569.61,1569.7,0,0,0
2019-12-30 13:52:00-05:00,1569.7,1569.82,1569.68,1569.68,0,0,0
2019-12-30 13:53:00-05:00,1569.61,1569.81,1569.61,1569.77,0,0,0
2019-12-30 13:54:00-05:00,1569.79,1569.79,1569.61,1569.67,0,0,0
2019-12-30 13:55:00-05:00,1569.67,1569.82,1569.64,1569.82,0,0,0
2019-12-30 13:56:00-05:00,1569.85,1570.09,1569.85,1570.05,0,0,0
2019-12-30 13:57:00-05:00,1570.05,1570.25,1570.05,1570.18,0,0,0
2019-12-30 13:58:00-05:00,1570.18,1570.36,1570.18,1570.35,0,0,0
2019-12-30 13:59:00-05:00,1570.35,1570.35,1570.1,1570.1,0,0,0
2019-12-30 14:00:00-05:00,1570.09,1570.09,1569.59,1569.62,0,0,0
2019-12-30 14:01:00-05:00,1569.4,1569.4,1569.05,1569.05,0,0,0
2019-12-30 14:02:00-05:00,1569.05,1569.05,1568.6,1568.6,0,0,0
2019-12-30 14:03:00-05:00,1568.57,1568.62,1568.46,1568.46,0,0,0
2019-12-30 14:04:00-05:00,1568.46,1568.52,1568.29,1568.29,0,0,0
2019-12-30 14:05:00-05:00,1568.25,1568.25,1567.99,1568.11,0,0,0
2019-12-30 14:06:00-05:00,1568.08,1568.1,1568.02,1568.1,0,0,0
2019-12-30 14:07:00-05:00,1568.08,1568.25,1568.06,1568.25,0,0,0
2019-12-30 14:08:00-05:00,1568.23,1568.57,1568.23,1568.54,0,0,0
2019-12-30 14:09:00-05:00,1568.54,1568.54,1568.45,1568.46,0,0,0
2019-12-30 14:10:00-05:00,1568.46,1568.49,1568.37,1568.47,0,0,0
2019-12-30 14:11:00-05:00,1568.48,1568.48,1568.39,1568.45,0,0,0
2019-12-30 14:12:00-05:00,1568.46,1568.46,1568.36,1568.44,0,0,0
2019-12-30 14:13:00-05:00,1568.37,1568.37,1568.13,1568.13,0,0,0
2019-12-30 14:14:00-05:00,1568.13,1568.13,1567.75,1567.76,0,0,0
2019-12-30 14:15:00-05:00,1567.74,1567.74,1567.53,1567.6,0,0,0
2019-12-30 14:16:00-05:00,1567.62,1567.62,1567.51,1567.53,0,0,0
2019-12-30 14:17:00-05:00,1567.58,1567.64,1567.46,1567.46,0,0,0
2019-12-30 14:18:00-05:00,1567.45,1567.47,1567.38,1567.47,0,0,0
2019-12-30 14:19:00-05:00,1567.47,1567.57,1567.47,1567.56,0,0,0
2019-12-30 14:20:00-05:00,1567.56,1567.67,1567.55,1567.59,0,0,0
2019-12-30 14:21:00-05:00,1567.61,1567.71,1567.61,1567.62,0,0,0
2019-12-30 14:22:00-05:00,1567.63,1567.65,1567.52,1567.52,0,0,0
2019-12-30 14:23:00-05:00,1567.46,1567.85,1567.45,1567.85,0,0,0
2019-12-30 14:24:00-05:00,1567.85,1567.86,1567.47,1567.47,0,0,0
2019-12-30 14:25:00-05:00,1567.46,1567.48,1567.37,1567.41,0,0,0
2019-12-30 14:26:00-05:00,1567.41,1567.42,1567.38,1567.4,0,0,0
2019-12-30 14:27:00-05:00,1567.4,1567.54,1567.4,1567.54,0,0,0
2019-12-30 14:28:00-05:00,1567.51,1567.95,1567.48,1567.93,0,0,0
2019-12-30 14:29:00-05:00,1567.9,1568.31,1567.82,1568.27,0,0,0
2019-12-30 14:30:00-05:00,1568.29,1568.29,1567.93,1568.02,0,0,0
2019-12-30 14:31:00-05:00,1568.02,1568.05,1567.86,1567.86,0,0,0
2019-12-30 14:32:00-05:00,1567.86,1567.86,1567.66,1567.66,0,0,0
2019-12-30 14:33:00-05:00,1567.66,1567.83,1567.65,1567.83,0,0,0
2019-12-30 14:34:00-05:00,1567.81,1567.98,1567.79,1567.89,0,0,0
2019-12-30 14:35:00-05:00,1567.89,1567.95,1567.77,1567.77,0,0,0
2019-12-30 14:36:00-05:00,1567.8,1568.14,1567.75,1568.06,0,0,0
2019-12-30 14:37:00-05:00,1568.06,1568.06,1567.97,1568.02,0,0,0
2019-12-30 14:38:00-05:00,1568.01,1568.2,1568.01,1568.2,0,0,0
2019-12-30 14:39:00-05:00,1568.22,1568.27,1568.17,1568.17,0,0,0
2019-12-30 14:40:00-05:00,1568.15,1568.22,1568.0,1568.0,0,0,0
2019-12-30 14:41:00-05:00,1567.98,1568.44,1567.95,1568.38,0,0,0
2019-12-30 14:42:00-05:00,1568.38,1568.64,1568.36,1568.61,0,0,0
2019-12-30 14:43:00-05:00,1568.62,1568.62,1568.39,1568.41,0,0,0
2019-12-30 14:44:00-05:00,1568.4,1568.49,1568.4,1568.47,0,0,0
2019-12-30 14:45:00-05:00,1568.46,1568.46,1568.33,1568.33,0,0,0
2019-12-30 14:46:00-05:00,1568.33,1568.41,1568.33,1568.37,0,0,0
2019-12-30 14:47:00-05:00,1568.37,1568.41,1568.32,1568.39,0,0,0
2019-12-30 14:48:00-05:00,1568.39,1568.52,1568.35,1568.52,0,0,0
2019-12-30 14:49:00-05:00,1568.52,1568.7,1568.52,1568.68,0,0,0
2019-12-30 14:50:00-05:00,1568.68,1568.74,1568.67,1568.74,0,0,0
2019-12-30 14:51:00-05:00,1568.74,1568.85,1568.74,1568.79,0,0,0
2019-12-30 14:52:00-05:00,1568.79,1568.99,1568.79,1568.96,0,0,0
2019-12-30 14:53:00-05:00,1568.98,1568.98,1568.88,1568.88,0,0,0
2019-12-30 14:54:00-05:00,1568.88,1568.89,1568.78,1568.78,0,0,0
2019-12-30 14:55:00-05:00,1568.67,1568.67,1568.56,1568.6,0,0,0
2019-12-30 14:56:00-05:00,1568.6,1568.6,1568.57,1568.59,0,0,0
2019-12-30 14:57:00-05:00,1568.56,1568.59,1568.54,1568.54,0,0,0
2019-12-30 14:58:00-05:00,1568.54,1568.54,1568.38,1568.38,0,0,0
2019-12-30 14:59:00-05:00,1568.38,1568.46,1568.34,1568.46,0,0,0
2019-12-30 15:00:00-05:00,1568.46,1568.51,1568.41,1568.48,0,0,0
2019-12-30 15:01:00-05:00,1568.48,1568.48,1568.42,1568.44,0,0,0
2019-12-30 15:02:00-05:00,1568.44,1568.44,1568.22,1568.25,0,0,0
2019-12-30 15:03:00-05:00,1568.25,1568.37,1568.22,1568.37,0,0,0
2019-12-30 15:04:00-05:00,1568.37,1569.13,1568.37,1569.13,0,0,0
2019-12-30 15:05:00-05:00,1569.13,1569.5,1569.13,1569.5,0,0,0
2019-12-30 15:06:00-05:00,1569.48,1569.57,1569.48,1569.55,0,0,0
2019-12-30 15:07:00-05:00,1569.52,1569.82,1569.45,1569.82,0,0,0
2019-12-30 15:08:00-05:00,1569.82,1569.99,1569.82,1569.86,0,0,0
2019-12-30 15:09:00-05:00,1569.81,1569.84,1569.51,1569.51,0,0,0
2019-12-30 15:10:00-05:00,1569.51,1569.54,1569.34,1569.42,0,0,0
2019-12-30 15:11:00-05:00,1569.42,1569.5,1569.32,1569.49,0,0,0
2019-12-30 15:12:00-05:00,1569.53,1569.53,1569.43,1569.44,0,0,0
2019-12-30 15:13:00-05:00,1569.44,1569.49,1569.4,1569.49,0,0,0
2019-12-30 15:14:00-05:00,1569.49,1569.49,1569.36,1569.36,0,0,0
2019-12-30 15:15:00-05:00,1569.36,1569.42,1569.35,1569.42,0,0,0
2019-12-30 15:16:00-05:00,1569.41,1569.76,1569.41,1569.73,0,0,0
2019-12-30 15:17:00-05:00,1569.73,1569.87,1569.73,1569.87,0,0,0
2019-12-30 15:18:00-05:00,1569.88,1570.25,1569.88,1570.09,0,0,0
2019-12-30 15:19:00-05:00,1570.09,1570.09,1569.77,1569.79,0,0,0
2019-12-30 15:20:00-05:00,1569.76,1569.92,1569.76,1569.81,0,0,0
2019-12-30 15:21:00-05:00,1569.81,1569.83,1569.67,1569.67,0,0,0
2019-12-30 15:22:00-05:00,1569.64,1569.69,1569.61,1569.68,0,0,0
2019-12-30 15:23:00-05:00,1569.68,1569.68,1569.41,1569.44,0,0,0
2019-12-30 15:24:00-05:00,1569.43,1569.55,1569.37,1569.49,0,0,0
2019-12-30 15:25:00-05:00,1569.31,1569.49,1569.31,1569.49,0,0,0
2019-12-30 15:26:00-05:00,1569.49,1569.51,1569.25,1569.25,0,0,0
2019-12-30 15:27:00-05:00,1569.28,1569.61,1569.26,1569.6,0,0,0
2019-12-30 15:28:00-05:00,1569.6,1569.65,1569.59,1569.64,0,0,0
2019-12-30 15:29:00-05:00,1569.62,1569.68,1569.54,1569.66,0,0,0
2019-12-30 15:30:00-05:00,1569.67,1570.02,1569.67,1569.82,0,0,0
2019-12-30 15:31:00-05:00,1569.82,1569.82,1569.67,1569.71,0,0,0
2019-12-30 15:32:00-05:00,1569.71,1569.74,1569.48,1569.48,0,0,0
2019-12-30 15:33:00-05:00,1569.48,1569.48,1569.28,1569.28,0,0,0
2019-12-30 15:34:00-05:00,1569.17,1569.19,1568.9,1569.13,0,0,0
2019-12-30 15:35:00-05:00,1569.24,1569.8,1569.24,1569.37,0,0,0
2019-12-30 15:36:00-05:00,1569.37,1569.37,1569.04,1569.04,0,0,0
2019-12-30 15:37:00-05:00,1569.04,1569.05,1569.0,1569.02,0,0,0
2019-12-30 15:38:00-05:00,1569.02,1569.02,1568.9,1568.98,0,0,0
2019-12-30 15:39:00-05:00,1568.97,1569.4,1568.97,1569.4,0,0,0
2019-12-30 15:40:00-05:00,1569.6,1569.69,1569.42,1569.47,0,0,0
2019-12-30 15:41:00-05:00,1569.48,1569.5,1568.94,1568.94,0,0,0
2019-12-30 15:42:00-05:00,1568.94,1568.94,1568.78,1568.83,0,0,0
2019-12-30 15:43:00-05:00,1568.83,1568.85,1568.65,1568.7,0,0,0
2019-12-30 15:44:00-05:00,1568.7,1568.89,1568.69,1568.82,0,0,0
2019-12-30 15:45:00-05:00,1568.83,1568.97,1568.81,1568.92,0,0,0
2019-12-30 15:46:00-05:00,1568.91,1568.91,1568.53,1568.69,0,0,0
2019-12-30 15:47:00-05:00,1568.7,1568.71,1568.42,1568.48,0,0,0
2019-12-30 15:48:00-05:00,1568.47,1568.48,1568.36,1568.48,0,0,0
2019-12-30 15:49:00-05:00,1568.76,1568.93,1568.55,1568.55,0,0,0
2019-12-30 15:50:00-05:00,1567.85,1568.09,1567.85,1567.88,0,0,0
2019-12-30 15:51:00-05:00,1567.88,1568.12,1567.8,1567.97,0,0,0
2019-12-30 15:52:00-05:00,1567.97,1568.19,1567.89,1567.89,0,0,0
2019-12-30 15:53:00-05:00,1567.87,1568.27,1567.87,1568.27,0,0,0
2019-12-30 15:54:00-05:00,1568.66,1568.78,1568.53,1568.58,0,0,0
2019-12-30 15:55:00-05:00,1568.63,1569.5,1568.49,1569.39,0,0,0
2019-12-30 15:56:00-05:00,1568.94,1569.3,1568.77,1569.04,0,0,0
2019-12-30 15:57:00-05:00,1568.99,1569.03,1568.58,1568.73,0,0,0
2019-12-30 15:58:00-05:00,1568.62,1568.8,1568.1,1568.1,0,0,0
2019-12-30 15:59:00-05:00,1567.86,1569.49,1567.48,1569.49,0,0,0
2019-12-31 09:30:00-05:00,1567.42,1567.77,1567.1,1567.13,0,0,0
2019-12-31 09:31:00-05:00,1566.74,1566.74,1563.39,1563.67,0,0,0
2019-12-31 09:32:00-05:00,1564.42,1565.23,1564.08,1565.23,0,0,0
2019-12-31 09:33:00-05:00,1565.42,1565.42,1564.94,1564.94,0,0,0
2019-12-31 09:34:00-05:00,1564.82,1565.48,1564.82,1565.48,0,0,0
2019-12-31 09:35:00-05:00,1565.5,1566.23,1565.5,1566.18,0,0,0
2019-12-31 09:36:00-05:00,1566.2,1566.4,1566.13,1566.18,0,0,0
2019-12-31 09:37:00-05:00,1566.24,1566.34,1566.18,1566.34,0,0,0
2019-12-31 09:38:00-05:00,1566.43,1566.43,1566.27,1566.36,0,0,0
2019-12-31 09:39:00-05:00,1566.4,1566.53,1566.36,1566.5,0,0,0
2019-12-31 09:40:00-05:00,1566.49,1566.61,1566.11,1566.11,0,0,0
2019-12-31 09:41:00-05:00,1565.99,1565.99,1565.54,1565.57,0,0,0
2019-12-31 09:42:00-05:00,1565.81,1565.81,1565.53,1565.76,0,0,0
2019-12-31 09:43:00-05:00,1565.91,1566.06,1565.72,1566.06,0,0,0
2019-12-31 09:44:00-05:00,1566.22,1566.75,1566.22,1566.65,0,0,0
2019-12-31 09:45:00-05:00,1566.3,1566.46,1566.17,1566.4,0,0,0
2019-12-31 09:46:00-05:00,1566.41,1566.68,1566.41,1566.49,0,0,0
2019-12-31 09:47:00-05:00,1566.56,1566.74,1566.56,1566.74,0,0,0
2019-12-31 09:48:00-05:00,1566.73,1566.73,1566.18,1566.54,0,0,0
2019-12-31 09:49:00-05:00,1566.72,1567.29,1566.66,1567.29,0,0,0
2019-12-31 09:50:00-05:00,1567.34,1567.45,1566.72,1566.72,0,0,0
2019-12-31 09:51:00-05:00,1566.7,1566.7,1566.39,1566.39,0,0,0
2019-12-31 09:52:00-05:00,1566.41,1566.69,1566.41,1566.66,0,0,0
2019-12-31 09:53:00-05:00,1566.68,1566.68,1566.17,1566.24,0,0,0
2019-12-31 09:54:00-05:00,1566.04,1566.11,1565.91,1566.11,0,0,0
2019-12-31 09:55:00-05:00,1565.92,1566.0,1565.85,1566.0,0,0,0
2019-12-31 09:56:00-05:00,1565.96,1565.96,1564.79,1564.79,0,0,0
2019-12-31 09:57:00-05:00,1564.8,1565.57,1564.8,1565.51,0,0,0
2019-12-31 09:58:00-05:00,1565.53,1565.53,1565.4,1565.4,0,0,0
2019-12-31 09:59:00-05:00,1565.48,1565.59,1565.41,1565.59,0,0,0
2019-12-31 10:00:00-05:00,1565.83,1566.65,1565.83,1566.63,0,0,0
2019-12-31 10:01:00-05:00,1566.62,1566.63,1566.22,1566.22,0,0,0
2019-12-31 10:02:00-05:00,1566.21,1566.21,1565.67,1565.82,0,0,0
2019-12-31 10:03:00-05:00,1565.82,1566.22,1565.82,1565.92,0,0,0
2019-12-31 10:04:00-05:00,1565.94,1566.31,1565.84,1566.31,0,0,0
2019-12-31 10:05:00-05:00,1566.26,1566.56,1566.26,1566.29,0,0,0
2019-12-31 10:06:00-05:00,1566.31,1566.48,1566.28,1566.46,0,0,0
2019-12-31 10:07:00-05:00,1566.49,1566.66,1566.49,1566.65,0,0,0
2019-12-31 10:08:00-05:00,1566.68,1567.66,1566.59,1567.66,0,0,0
2019-12-31 10:09:00-05:00,1567.65,1567.99,1567.65,1567.99,0,0,0
2019-12-31 10:10:00-05:00,1568.01,1568.1,1567.7,1567.7,0,0,0
2019-12-31 10:11:00-05:00,1567.64,1567.64,1566.91,1566.99,0,0,0
2019-12-31 10:12:00-05:00,1566.96,1567.16,1566.5,1566.5,0,0,0
2019-12-31 10:13:00-05:00,1566.76,1566.84,1566.41,1566.52,0,0,0
2019-12-31 10:14:00-05:00,1566.52,1566.68,1566.49,1566.68,0,0,0
2019-12-31 10:15:00-05:00,1566.68,1567.04,1566.67,1567.01,0,0,0
2019-12-31 10:16:00-05:00,1567.16,1567.27,1567.0,1567.0,0,0,0
2019-12-31 10:17:00-05:00,1566.89,1566.89,1566.69,1566.87,0,0,0
2019-12-31 10:18:00-05:00,1566.83,1566.85,1566.69,1566.82,0,0,0
2019-12-31 10:19:00-05:00,1566.81,1566.84,1566.76,1566.78,0,0,0
2019-12-31 10:20:00-05:00,1566.77,1566.91,1566.71,1566.77,0,0,0
2019-12-31 10:21:00-05:00,1566.75,1566.75,1566.3,1566.3,0,0,0
2019-12-31 10:22:00-05:00,1566.32,1566.49,1566.25,1566.47,0,0,0
2019-12-31 10:23:00-05:00,1566.57,1566.69,1566.43,1566.49,0,0,0
2019-12-31 10:24:00-05:00,1566.41,1566.52,1566.3,1566.3,0,0,0
2019-12-31 10:25:00-05:00,1566.27,1566.27,1565.8,1565.9,0,0,0
2019-12-31 10:26:00-05:00,1565.88,1565.88,1565.56,1565.56,0,0,0
2019-12-31 10:27:00-05:00,1565.54,1565.67,1565.37,1565.56,0,0,0
2019-12-31 10:28:00-05:00,1565.59,1565.59,1564.95,1565.0,0,0,0
2019-12-31 10:29:00-05:00,1564.97,1565.01,1564.87,1564.87,0,0,0
2019-12-31 10:30:00-05:00,1564.9,1564.91,1564.54,1564.55,0,0,0
2019-12-31 10:31:00-05:00,1564.4,1564.4,1563.93,1563.93,0,0,0
2019-12-31 10:32:00-05:00,1563.79,1564.2,1563.79,1564.2,0,0,0
2019-12-31 10:33:00-05:00,1564.32,1564.37,1564.05,1564.36,0,0,0
2019-12-31 10:34:00-05:00,1564.4,1564.72,1564.34,1564.72,0,0,0
2019-12-31 10:35:00-05:00,1564.65,1565.02,1564.65,1564.99,0,0,0
2019-12-31 10:36:00-05:00,1564.93,1565.34,1564.93,1565.34,0,0,0
2019-12-31 10:37:00-05:00,1565.31,1565.31,1565.02,1565.16,0,0,0
2019-12-31 10:38:00-05:00,1565.25,1565.5,1565.17,1565.21,0,0,0
2019-12-31 10:39:00-05:00,1565.35,1565.55,1565.31,1565.49,0,0,0
2019-12-31 10:40:00-05:00,1565.48,1565.96,1565.38,1565.96,0,0,0
2019-12-31 10:41:00-05:00,1565.96,1566.01,1565.69,1565.69,0,0,0
2019-12-31 10:42:00-05:00,1565.63,1565.63,1564.88,1565.35,0,0,0
2019-12-31 10:43:00-05:00,1565.37,1565.52,1565.23,1565.52,0,0,0
2019-12-31 10:44:00-05:00,1565.53,1565.61,1565.35,1565.42,0,0,0
2019-12-31 10:45:00-05:00,1565.45,1565.9,1565.45,1565.9,0,0,0
2019-12-31 10:46:00-05:00,1565.9,1566.26,1565.9,1566.26,0,0,0
2019-12-31 10:47:00-05:00,1566.22,1566.42,1566.22,1566.42,0,0,0
2019-12-31 10:48:00-05:00,1566.4,1566.4,1565.72,1565.72,0,0,0
2019-12-31 10:49:00-05:00,1565.67,1565.99,1565.49,1565.78,0,0,0
2019-12-31 10:50:00-05:00,1565.82,1565.82,1565.56,1565.56,0,0,0
2019-12-31 10:51:00-05:00,1565.53,1565.53,1565.3,1565.34,0,0,0
2019-12-31 10:52:00-05:00,1565.3,1565.45,1565.28,1565.42,0,0,0
2019-12-31 10:53:00-05:00,1565.42,1565.88,1565.35,1565.88,0,0,0
2019-12-31 10:54:00-05:00,1565.88,1566.32,1565.88,1566.31,0,0,0
2019-12-31 10:55:00-05:00,1566.38,1566.82,1566.38,1566.38,0,0,0
2019-12-31 10:56:00-05:00,1566.38,1566.39,1566.24,1566.26,0,0,0
2019-12-31 10:57:00-05:00,1566.32,1566.87,1566.32,1566.87,0,0,0
2019-12-31 10:58:00-05:00,1566.87,1566.96,1566.52,1566.58,0,0,0
2019-12-31 10:59:00-05:00,1566.67,1566.67,1566.47,1566.57,0,0,0
