Datetime,Open,High,Low,Close,Volume,Dividends,Stock Splits
2019-12-18 11:00:00-05:00,2268.73,2268.79,2268.49,2268.79,0,0,0
2019-12-18 11:01:00-05:00,2268.7,2268.84,2268.7,2268.84,0,0,0
2019-12-18 11:02:00-05:00,2268.84,2269.09,2268.84,2269.09,0,0,0
2019-12-18 11:03:00-05:00,2269.27,2269.48,2269.27,2269.46,0,0,0
2019-12-18 11:04:00-05:00,2269.77,2269.82,2269.67,2269.67,0,0,0
2019-12-18 11:05:00-05:00,2269.64,2269.95,2269.44,2269.95,0,0,0
2019-12-18 11:06:00-05:00,2269.99,2270.0,2269.69,2269.69,0,0,0
2019-12-18 11:07:00-05:00,2269.43,2269.59,2269.09,2269.09,0,0,0
2019-12-18 11:08:00-05:00,2269.07,2269.55,2269.07,2269.5,0,0,0
2019-12-18 11:09:00-05:00,2269.45,2269.45,2269.29,2269.29,0,0,0
2019-12-18 11:10:00-05:00,2269.29,2269.35,2269.23,2269.35,0,0,0
2019-12-18 11:11:00-05:00,2269.38,2269.41,2269.35,2269.41,0,0,0
2019-12-18 11:12:00-05:00,2269.41,2269.44,2268.85,2268.97,0,0,0
2019-12-18 11:13:00-05:00,2268.97,2268.97,2268.82,2268.92,0,0,0
2019-12-18 11:14:00-05:00,2269.01,2269.09,2268.95,2268.98,0,0,0
2019-12-18 11:15:00-05:00,2268.98,2269.09,2268.98,2269.0,0,0,0
2019-12-18 11:16:00-05:00,2269.26,2270.18,2269.26,2270.07,0,0,0
2019-12-18 11:17:00-05:00,2270.04,2270.47,2270.03,2270.38,0,0,0
2019-12-18 11:18:00-05:00,2270.38,2270.38,2270.1,2270.1,0,0,0
2019-12-18 11:19:00-05:00,2270.1,2270.39,2270.1,2270.39,0,0,0
2019-12-18 11:20:00-05:00,2270.41,2270.41,2270.41,2270.41,0,0,0
2019-12-18 11:21:00-05:00,2270.26,2270.26,2270.21,2270.21,0,0,0
2019-12-18 11:22:00-05:00,2270.21,2270.22,2269.89,2270.22,0,0,0
2019-12-18 11:23:00-05:00,2270.29,2270.5,2270.16,2270.48,0,0,0
2019-12-18 11:24:00-05:00,2270.44,2271.01,2270.44,2271.01,0,0,0
2019-12-18 11:25:00-05:00,2271.04,2271.04,2270.48,2270.48,0,0,0
2019-12-18 11:26:00-05:00,2270.48,2270.48,2270.28,2270.28,0,0,0
2019-12-18 11:27:00-05:00,2270.28,2270.28,2270.14,2270.14,0,0,0
2019-12-18 11:28:00-05:00,2270.09,2270.74,2270.09,2270.72,0,0,0
2019-12-18 11:29:00-05:00,2270.76,2270.76,2269.69,2269.7,0,0,0
2019-12-18 11:30:00-05:00,2269.73,2269.94,2269.51,2269.87,0,0,0
2019-12-18 11:31:00-05:00,2269.87,2270.02,2269.61,2269.61,0,0,0
2019-12-18 11:32:00-05:00,2269.6,2269.67,2269.49,2269.49,0,0,0
2019-12-18 11:33:00-05:00,2269.49,2269.49,2269.0,2269.0,0,0,0
2019-12-18 11:34:00-05:00,2269.0,2269.0,2268.33,2268.33,0,0,0
2019-12-18 11:35:00-05:00,2268.31,2268.31,2268.06,2268.14,0,0,0
2019-12-18 11:36:00-05:00,2268.03,2268.15,2268.0,2268.12,0,0,0
2019-12-18 11:37:00-05:00,2267.8,2267.8,2267.18,2267.23,0,0,0
2019-12-18 11:38:00-05:00,2267.32,2267.66,2267.32,2267.57,0,0,0
2019-12-18 11:39:00-05:00,2267.57,2267.57,2267.25,2267.25,0,0,0
2019-12-18 11:40:00-05:00,2267.05,2267.05,2266.55,2266.55,0,0,0
2019-12-18 11:41:00-05:00,2266.15,2266.15,2265.22,2265.22,0,0,0
2019-12-18 11:42:00-05:00,2265.14,2265.27,2264.81,2264.81,0,0,0
2019-12-18 11:43:00-05:00,2264.72,2264.72,2264.35,2264.45,0,0,0
2019-12-18 11:44:00-05:00,2264.45,2264.86,2264.4,2264.74,0,0,0
2019-12-18 11:45:00-05:00,2264.69,2264.69,2264.62,2264.65,0,0,0
2019-12-18 11:46:00-05:00,2264.66,2264.75,2264.58,2264.74,0,0,0
2019-12-18 11:47:00-05:00,2264.68,2264.68,2264.16,2264.18,0,0,0
2019-12-18 11:48:00-05:00,2264.21,2264.63,2264.21,2264.62,0,0,0
2019-12-18 11:49:00-05:00,2264.59,2264.65,2264.55,2264.63,0,0,0
2019-12-18 11:50:00-05:00,2264.66,2264.66,2263.76,2263.76,0,0,0
2019-12-18 11:51:00-05:00,2263.62,2263.62,2262.71,2262.71,0,0,0
2019-12-18 11:52:00-05:00,2262.71,2263.06,2262.63,2262.89,0,0,0
2019-12-18 11:53:00-05:00,2262.99,2263.12,2262.99,2263.12,0,0,0
2019-12-18 11:54:00-05:00,2263.11,2263.22,2263.01,2263.03,0,0,0
2019-12-18 11:55:00-05:00,2263.03,2263.04,2262.14,2262.14,0,0,0
2019-12-18 11:56:00-05:00,2262.02,2262.52,2262.02,2262.52,0,0,0
2019-12-18 11:57:00-05:00,2262.52,2262.69,2262.41,2262.42,0,0,0
2019-12-18 11:58:00-05:00,2262.07,2262.2,2262.02,2262.19,0,0,0
2019-12-18 11:59:00-05:00,2262.19,2262.19,2261.85,2261.85,0,0,0
2019-12-18 12:00:00-05:00,2261.77,2261.93,2261.77,2261.86,0,0,0
2019-12-18 12:01:00-05:00,2261.86,2262.0,2261.86,2261.98,0,0,0
2019-12-18 12:02:00-05:00,2262.0,2262.26,2262.0,2262.26,0,0,0
2019-12-18 12:03:00-05:00,2262.25,2262.64,2262.25,2262.55,0,0,0
2019-12-18 12:04:00-05:00,2262.55,2262.68,2262.49,2262.67,0,0,0
2019-12-18 12:05:00-05:00,2262.67,2262.69,2262.52,2262.64,0,0,0
2019-12-18 12:06:00-05:00,2262.72,2262.77,2262.6,2262.6,0,0,0
2019-12-18 12:07:00-05:00,2262.48,2262.73,2262.47,2262.65,0,0,0
2019-12-18 12:08:00-05:00,2262.58,2262.61,2262.45,2262.45,0,0,0
2019-12-18 12:09:00-05:00,2262.45,2262.45,2261.92,2261.92,0,0,0
2019-12-18 12:10:00-05:00,2261.92,2261.92,2261.79,2261.86,0,0,0
2019-12-18 12:11:00-05:00,2261.87,2262.12,2261.68,2262.12,0,0,0
2019-12-18 12:12:00-05:00,2262.12,2262.38,2262.12,2262.15,0,0,0
2019-12-18 12:13:00-05:00,2262.13,2262.13,2261.66,2261.66,0,0,0
2019-12-18 12:18:00-05:00,2260.99,2260.99,2260.73,2260.73,0,0,0
2019-12-18 12:19:00-05:00,2260.73,2260.79,2260.28,2260.28,0,0,0
2019-12-18 12:20:00-05:00,2260.1,2260.12,2258.51,2258.51,0,0,0
2019-12-18 12:21:00-05:00,2258.48,2258.88,2258.48,2258.88,0,0,0
2019-12-18 12:22:00-05:00,2259.06,2259.22,2259.06,2259.12,0,0,0
2019-12-18 12:23:00-05:00,2259.12,2259.43,2258.94,2259.42,0,0,0
2019-12-18 12:24:00-05:00,2259.37,2259.51,2259.26,2259.51,0,0,0
2019-12-18 12:25:00-05:00,2259.51,2260.11,2259.5,2260.11,0,0,0
2019-12-18 12:26:00-05:00,2260.12,2260.42,2260.12,2260.34,0,0,0
2019-12-18 12:27:00-05:00,2260.34,2260.45,2260.28,2260.45,0,0,0
2019-12-18 12:28:00-05:00,2260.45,2260.45,2260.34,2260.42,0,0,0
2019-12-18 12:29:00-05:00,2260.42,2260.96,2260.42,2260.96,0,0,0
2019-12-18 12:30:00-05:00,2260.94,2260.98,2260.9,2260.98,0,0,0
2019-12-18 12:31:00-05:00,2260.96,2260.96,2260.54,2260.59,0,0,0
2019-12-18 12:32:00-05:00,2260.59,2260.73,2260.59,2260.73,0,0,0
2019-12-18 12:33:00-05:00,2260.73,2261.44,2260.73,2261.44,0,0,0
2019-12-18 12:34:00-05:00,2261.44,2261.91,2261.44,2261.9,0,0,0
2019-12-18 12:35:00-05:00,2261.9,2261.95,2261.78,2261.95,0,0,0
2019-12-18 12:36:00-05:00,2261.95,2262.0,2261.55,2261.62,0,0,0
2019-12-18 12:37:00-05:00,2261.58,2261.58,2261.45,2261.54,0,0,0
2019-12-18 12:38:00-05:00,2261.82,2262.09,2261.82,2262.09,0,0,0
2019-12-18 12:39:00-05:00,2262.17,2262.17,2261.51,2261.53,0,0,0
2019-12-18 12:40:00-05:00,2261.53,2261.61,2261.2,2261.2,0,0,0
2019-12-18 12:41:00-05:00,2261.17,2261.17,2260.73,2260.73,0,0,0
2019-12-18 12:42:00-05:00,2260.76,2260.76,2260.55,2260.55,0,0,0
2019-12-18 12:43:00-05:00,2260.59,2260.59,2260.56,2260.56,0,0,0
2019-12-18 12:44:00-05:00,2260.56,2260.56,2260.26,2260.31,0,0,0
2019-12-18 12:45:00-05:00,2260.3,2260.34,2260.22,2260.3,0,0,0
2019-12-18 12:46:00-05:00,2260.21,2260.21,2259.75,2259.77,0,0,0
2019-12-18 12:47:00-05:00,2259.77,2259.77,2259.73,2259.73,0,0,0
2019-12-18 12:48:00-05:00,2259.69,2259.69,2259.06,2259.06,0,0,0
2019-12-18 12:49:00-05:00,2259.06,2259.2,2259.06,2259.2,0,0,0
2019-12-18 12:50:00-05:00,2259.2,2259.37,2259.2,2259.29,0,0,0
2019-12-18 12:51:00-05:00,2259.29,2259.49,2259.29,2259.49,0,0,0
2019-12-18 12:52:00-05:00,2259.49,2259.49,2259.2,2259.2,0,0,0
2019-12-18 12:53:00-05:00,2259.2,2259.27,2259.04,2259.04,0,0,0
2019-12-18 12:54:00-05:00,2259.06,2259.19,2259.06,2259.19,0,0,0
2019-12-18 12:55:00-05:00,2259.19,2259.27,2259.1,2259.25,0,0,0
2019-12-18 12:56:00-05:00,2259.25,2259.25,2259.11,2259.11,0,0,0
2019-12-18 12:57:00-05:00,2259.05,2259.05,2258.69,2258.69,0,0,0
2019-12-18 12:58:00-05:00,2258.67,2258.67,2258.31,2258.31,0,0,0
2019-12-18 12:59:00-05:00,2258.31,2258.37,2258.18,2258.37,0,0,0
2019-12-18 13:00:00-05:00,2258.44,2258.76,2258.44,2258.7,0,0,0
2019-12-18 13:01:00-05:00,2258.75,2259.39,2258.75,2259.18,0,0,0
2019-12-18 13:02:00-05:00,2259.18,2259.25,2259.18,2259.19,0,0,0
2019-12-18 13:03:00-05:00,2259.19,2259.25,2259.17,2259.24,0,0,0
2019-12-18 13:04:00-05:00,2259.24,2259.59,2259.24,2259.59,0,0,0
2019-12-18 13:05:00-05:00,2259.59,2259.96,2259.59,2259.91,0,0,0
2019-12-18 13:06:00-05:00,2259.91,2259.92,2259.5,2259.5,0,0,0
2019-12-18 13:07:00-05:00,2259.48,2259.48,2259.31,2259.36,0,0,0
2019-12-18 13:08:00-05:00,2259.36,2259.5,2259.35,2259.35,0,0,0
2019-12-18 13:09:00-05:00,2259.33,2259.33,2259.24,2259.29,0,0,0
2019-12-18 13:10:00-05:00,2259.29,2259.29,2259.12,2259.12,0,0,0
2019-12-18 13:11:00-05:00,2259.11,2259.14,2258.72,2258.85,0,0,0
2019-12-18 13:12:00-05:00,2258.94,2259.07,2258.94,2259.07,0,0,0
2019-12-18 13:13:00-05:00,2259.07,2259.1,2259.03,2259.1,0,0,0
2019-12-18 13:14:00-05:00,2259.1,2259.32,2259.01,2259.32,0,0,0
2019-12-18 13:15:00-05:00,2259.17,2259.32,2259.17,2259.32,0,0,0
2019-12-18 13:16:00-05:00,2259.35,2260.04,2259.35,2260.04,0,0,0
2019-12-18 13:17:00-05:00,2260.04,2260.12,2260.03,2260.1,0,0,0
2019-12-18 13:18:00-05:00,2260.15,2260.33,2260.15,2260.33,0,0,0
2019-12-18 13:19:00-05:00,2260.36,2260.36,2260.21,2260.21,0,0,0
2019-12-18 13:20:00-05:00,2260.21,2260.35,2260.21,2260.26,0,0,0
2019-12-18 13:21:00-05:00,2260.27,2260.85,2260.27,2260.85,0,0,0
2019-12-18 13:22:00-05:00,2260.85,2260.92,2260.73,2260.73,0,0,0
2019-12-18 13:23:00-05:00,2260.73,2260.73,2260.54,2260.54,0,0,0
2019-12-18 13:24:00-05:00,2260.68,2260.68,2259.96,2259.96,0,0,0
2019-12-18 13:25:00-05:00,2259.92,2260.12,2259.92,2260.12,0,0,0
2019-12-18 13:26:00-05:00,2260.15,2260.15,2259.84,2259.84,0,0,0
2019-12-18 13:27:00-05:00,2259.84,2259.97,2259.84,2259.97,0,0,0
2019-12-18 13:28:00-05:00,2260.14,2260.16,2259.88,2259.88,0,0,0
2019-12-18 13:29:00-05:00,2259.86,2259.86,2259.32,2259.33,0,0,0
2019-12-18 13:30:00-05:00,2259.33,2259.33,2259.03,2259.03,0,0,0
2019-12-18 13:31:00-05:00,2259.03,2259.03,2258.59,2258.59,0,0,0
2019-12-18 13:32:00-05:00,2258.47,2258.59,2258.32,2258.59,0,0,0
2019-12-18 13:33:00-05:00,2258.57,2259.1,2258.57,2259.1,0,0,0
2019-12-18 13:34:00-05:00,2259.14,2259.65,2259.14,2259.65,0,0,0
2019-12-18 13:35:00-05:00,2259.65,2259.65,2259.42,2259.63,0,0,0
2019-12-18 13:36:00-05:00,2259.67,2259.67,2259.47,2259.47,0,0,0
2019-12-18 13:37:00-05:00,2259.47,2259.62,2259.47,2259.58,0,0,0
2019-12-18 13:38:00-05:00,2259.58,2259.76,2259.58,2259.67,0,0,0
2019-12-18 13:39:00-05:00,2259.76,2259.79,2259.62,2259.66,0,0,0
2019-12-18 13:40:00-05:00,2259.66,2260.27,2259.66,2260.22,0,0,0
2019-12-18 13:41:00-05:00,2260.22,2260.28,2260.19,2260.19,0,0,0
2019-12-18 13:42:00-05:00,2260.18,2260.18,2259.92,2259.92,0,0,0
2019-12-18 13:43:00-05:00,2259.92,2259.92,2259.66,2259.68,0,0,0
2019-12-18 13:44:00-05:00,2259.7,2260.08,2259.7,2260.08,0,0,0
2019-12-18 13:45:00-05:00,2260.08,2260.37,2260.08,2260.37,0,0,0
2019-12-18 13:46:00-05:00,2260.37,2260.44,2260.3,2260.35,0,0,0
2019-12-18 13:47:00-05:00,2260.31,2260.36,2260.27,2260.33,0,0,0
2019-12-18 13:48:00-05:00,2260.33,2260.63,2260.28,2260.63,0,0,0
2019-12-18 13:49:00-05:00,2260.63,2260.82,2260.6,2260.82,0,0,0
2019-12-18 13:50:00-05:00,2260.82,2261.0,2260.82,2261.0,0,0,0
2019-12-18 13:51:00-05:00,2261.09,2261.45,2261.09,2261.45,0,0,0
2019-12-18 13:52:00-05:00,2261.43,2261.43,2261.21,2261.21,0,0,0
2019-12-18 13:53:00-05:00,2261.24,2261.3,2260.88,2260.9,0,0,0
2019-12-18 13:54:00-05:00,2260.9,2260.96,2260.83,2260.96,0,0,0
2019-12-18 13:55:00-05:00,2261.17,2261.62,2261.17,2261.62,0,0,0
2019-12-18 13:56:00-05:00,2261.62,2261.67,2261.21,2261.21,0,0,0
2019-12-18 13:57:00-05:00,2261.21,2261.22,2261.07,2261.11,0,0,0
2019-12-18 13:58:00-05:00,2261.11,2261.17,2261.06,2261.17,0,0,0
2019-12-18 13:59:00-05:00,2261.17,2261.57,2261.16,2261.57,0,0,0
2019-12-18 14:00:00-05:00,2261.52,2261.55,2260.8,2260.88,0,0,0
2019-12-18 14:01:00-05:00,2260.83,2260.87,2260.47,2260.47,0,0,0
2019-12-18 14:02:00-05:00,2260.3,2260.3,2259.06,2259.06,0,0,0
2019-12-18 14:03:00-05:00,2259.06,2259.06,2258.85,2258.87,0,0,0
2019-12-18 14:04:00-05:00,2258.74,2259.01,2258.68,2259.01,0,0,0
2019-12-18 14:05:00-05:00,2259.01,2259.56,2258.97,2259.56,0,0,0
2019-12-18 14:06:00-05:00,2259.56,2259.62,2259.56,2259.57,0,0,0
2019-12-18 14:07:00-05:00,2259.57,2260.07,2259.46,2260.07,0,0,0
2019-12-18 14:08:00-05:00,2260.11,2260.15,2259.85,2259.94,0,0,0
2019-12-18 14:09:00-05:00,2259.94,2260.14,2259.94,2259.96,0,0,0
2019-12-18 14:10:00-05:00,2259.94,2260.34,2259.92,2260.19,0,0,0
2019-12-18 14:11:00-05:00,2260.1,2260.15,2260.07,2260.15,0,0,0
2019-12-18 14:12:00-05:00,2260.15,2260.15,2260.06,2260.08,0,0,0
2019-12-18 14:13:00-05:00,2260.04,2260.04,2259.9,2259.9,0,0,0
2019-12-18 14:14:00-05:00,2259.9,2259.99,2259.47,2259.47,0,0,0
2019-12-18 14:15:00-05:00,2259.47,2259.49,2259.33,2259.49,0,0,0
2019-12-18 14:16:00-05:00,2259.54,2260.34,2259.54,2260.15,0,0,0
2019-12-18 14:17:00-05:00,2260.15,2260.22,2260.04,2260.16,0,0,0
2019-12-18 14:18:00-05:00,2260.25,2260.26,2260.15,2260.22,0,0,0
2019-12-18 14:19:00-05:00,2260.22,2260.35,2260.22,2260.24,0,0,0
2019-12-18 14:20:00-05:00,2260.24,2260.45,2260.24,2260.37,0,0,0
2019-12-18 14:21:00-05:00,2260.37,2260.6,2260.37,2260.6,0,0,0
2019-12-18 14:22:00-05:00,2260.6,2260.83,2260.6,2260.83,0,0,0
2019-12-18 14:23:00-05:00,2260.93,2261.08,2260.86,2261.06,0,0,0
2019-12-18 14:24:00-05:00,2261.06,2261.15,2261.01,2261.04,0,0,0
2019-12-18 14:25:00-05:00,2261.04,2261.18,2261.0,2261.18,0,0,0
2019-12-18 14:26:00-05:00,2261.18,2261.34,2261.14,2261.34,0,0,0
2019-12-18 14:27:00-05:00,2261.33,2261.33,2261.29,2261.3,0,0,0
2019-12-18 14:28:00-05:00,2261.28,2261.29,2260.8,2260.81,0,0,0
2019-12-18 14:29:00-05:00,2260.81,2260.9,2260.73,2260.88,0,0,0
2019-12-18 14:30:00-05:00,2260.88,2261.07,2260.79,2261.07,0,0,0
2019-12-18 14:31:00-05:00,2261.07,2261.07,2260.7,2260.7,0,0,0
2019-12-18 14:32:00-05:00,2260.67,2260.82,2260.67,2260.79,0,0,0
2019-12-18 14:33:00-05:00,2260.79,2261.0,2260.74,2260.99,0,0,0
2019-12-18 14:34:00-05:00,2260.99,2261.21,2260.93,2261.21,0,0,0
2019-12-18 14:35:00-05:00,2261.21,2261.36,2261.15,2261.15,0,0,0
2019-12-18 14:36:00-05:00,2261.08,2261.21,2260.9,2260.9,0,0,0
2019-12-18 14:37:00-05:00,2260.9,2260.92,2260.73,2260.73,0,0,0
2019-12-18 14:38:00-05:00,2260.69,2260.72,2260.54,2260.72,0,0,0
2019-12-18 14:39:00-05:00,2260.67,2260.77,2260.63,2260.76,0,0,0
2019-12-18 14:40:00-05:00,2260.76,2260.76,2260.48,2260.48,0,0,0
2019-12-18 14:41:00-05:00,2260.48,2260.48,2260.33,2260.33,0,0,0
2019-12-18 14:42:00-05:00,2260.33,2260.4,2260.3,2260.35,0,0,0
2019-12-18 14:43:00-05:00,2260.35,2260.35,2260.26,2260.26,0,0,0
2019-12-18 14:44:00-05:00,2260.27,2260.38,2260.23,2260.38,0,0,0
2019-12-18 14:45:00-05:00,2260.38,2260.61,2260.38,2260.61,0,0,0
2019-12-18 14:46:00-05:00,2260.62,2260.75,2260.55,2260.7,0,0,0
2019-12-18 14:47:00-05:00,2260.7,2260.91,2260.7,2260.91,0,0,0
2019-12-18 14:48:00-05:00,2260.85,2260.9,2260.81,2260.89,0,0,0
2019-12-18 14:49:00-05:00,2260.89,2261.02,2260.89,2260.98,0,0,0
2019-12-18 14:50:00-05:00,2260.98,2261.05,2260.97,2261.05,0,0,0
2019-12-18 14:51:00-05:00,2261.05,2261.28,2261.05,2261.28,0,0,0
2019-12-18 14:52:00-05:00,2261.23,2261.31,2261.22,2261.25,0,0,0
2019-12-18 14:53:00-05:00,2261.25,2261.27,2260.97,2260.97,0,0,0
2019-12-18 14:54:00-05:00,2260.97,2261.31,2260.96,2261.31,0,0,0
2019-12-18 14:55:00-05:00,2261.27,2261.35,2261.22,2261.35,0,0,0
2019-12-18 14:56:00-05:00,2261.34,2261.42,2261.34,2261.39,0,0,0
2019-12-18 14:57:00-05:00,2261.37,2261.38,2260.99,2261.15,0,0,0
2019-12-18 14:58:00-05:00,2261.15,2261.16,2260.88,2261.05,0,0,0
2019-12-18 14:59:00-05:00,2261.05,2261.05,2260.78,2260.84,0,0,0
2019-12-18 15:00:00-05:00,2260.84,2261.08,2260.84,2261.06,0,0,0
2019-12-18 15:01:00-05:00,2261.06,2261.06,2260.67,2260.72,0,0,0
2019-12-18 15:02:00-05:00,2260.72,2260.77,2260.64,2260.77,0,0,0
2019-12-18 15:03:00-05:00,2260.77,2260.82,2260.77,2260.8,0,0,0
2019-12-18 15:04:00-05:00,2260.83,2260.96,2260.83,2260.96,0,0,0
2019-12-18 15:05:00-05:00,2260.99,2260.99,2260.82,2260.87,0,0,0
2019-12-18 15:06:00-05:00,2260.8,2261.44,2260.64,2261.44,0,0,0
2019-12-18 15:07:00-05:00,2261.44,2261.53,2261.4,2261.4,0,0,0
2019-12-18 15:08:00-05:00,2261.4,2261.43,2261.32,2261.35,0,0,0
2019-12-18 15:09:00-05:00,2261.4,2261.62,2261.37,2261.54,0,0,0
2019-12-18 15:10:00-05:00,2261.54,2261.73,2261.53,2261.53,0,0,0
2019-12-18 15:11:00-05:00,2261.53,2261.54,2261.01,2261.01,0,0,0
2019-12-18 15:12:00-05:00,2261.01,2261.01,2260.46,2260.46,0,0,0
2019-12-18 15:13:00-05:00,2260.33,2260.38,2260.29,2260.31,0,0,0
2019-12-18 15:14:00-05:00,2260.28,2260.28,2259.28,2259.28,0,0,0
2019-12-18 15:15:00-05:00,2259.27,2259.27,2258.72,2258.73,0,0,0
2019-12-18 15:16:00-05:00,2258.72,2258.83,2258.58,2258.83,0,0,0
2019-12-18 15:17:00-05:00,2258.78,2258.79,2258.65,2258.65,0,0,0
2019-12-18 15:18:00-05:00,2258.65,2259.39,2258.58,2259.39,0,0,0
2019-12-18 15:19:00-05:00,2259.4,2259.7,2259.31,2259.7,0,0,0
2019-12-18 15:20:00-05:00,2259.7,2259.8,2259.59,2259.77,0,0,0
2019-12-18 15:21:00-05:00,2259.8,2259.8,2259.5,2259.63,0,0,0
2019-12-18 15:22:00-05:00,2259.63,2259.63,2259.46,2259.46,0,0,0
2019-12-18 15:23:00-05:00,2259.46,2259.73,2259.46,2259.73,0,0,0
2019-12-18 15:24:00-05:00,2259.75,2260.62,2259.75,2260.58,0,0,0
2019-12-18 15:25:00-05:00,2260.58,2260.58,2260.36,2260.36,0,0,0
2019-12-18 15:26:00-05:00,2260.38,2260.53,2260.38,2260.42,0,0,0
2019-12-18 15:27:00-05:00,2260.49,2260.61,2260.49,2260.6,0,0,0
2019-12-18 15:28:00-05:00,2260.61,2260.67,2260.18,2260.18,0,0,0
2019-12-18 15:29:00-05:00,2260.2,2260.2,2259.91,2259.93,0,0,0
2019-12-18 15:30:00-05:00,2260.05,2260.34,2260.04,2260.04,0,0,0
2019-12-18 15:31:00-05:00,2259.88,2259.88,2258.49,2258.49,0,0,0
2019-12-18 15:32:00-05:00,2258.44,2258.49,2258.35,2258.37,0,0,0
2019-12-18 15:33:00-05:00,2258.41,2258.72,2258.41,2258.72,0,0,0
2019-12-18 15:34:00-05:00,2258.72,2258.8,2258.54,2258.54,0,0,0
2019-12-18 15:35:00-05:00,2258.51,2258.72,2258.51,2258.64,0,0,0
2019-12-18 15:36:00-05:00,2258.71,2258.71,2258.52,2258.52,0,0,0
2019-12-18 15:37:00-05:00,2258.46,2258.57,2258.29,2258.57,0,0,0
2019-12-18 15:38:00-05:00,2258.57,2258.94,2258.57,2258.79,0,0,0
2019-12-18 15:39:00-05:00,2258.84,2259.01,2258.84,2258.92,0,0,0
2019-12-18 15:40:00-05:00,2258.88,2259.49,2258.87,2259.49,0,0,0
2019-12-18 15:41:00-05:00,2259.64,2260.16,2259.64,2260.16,0,0,0
2019-12-18 15:42:00-05:00,2260.16,2260.23,2259.93,2260.23,0,0,0
2019-12-18 15:43:00-05:00,2260.24,2260.31,2260.07,2260.07,0,0,0
2019-12-18 15:44:00-05:00,2260.06,2260.18,2260.01,2260.11,0,0,0
2019-12-18 15:45:00-05:00,2260.04,2260.05,2259.94,2259.96,0,0,0
2019-12-18 15:46:00-05:00,2259.97,2259.97,2259.81,2259.81,0,0,0
2019-12-18 15:47:00-05:00,2259.79,2259.79,2259.62,2259.78,0,0,0
2019-12-18 15:48:00-05:00,2259.8,2259.8,2259.37,2259.41,0,0,0
2019-12-18 15:49:00-05:00,2259.33,2259.33,2258.91,2258.96,0,0,0
2019-12-18 15:50:00-05:00,2259.02,2259.28,2259.02,2259.13,0,0,0
2019-12-18 15:51:00-05:00,2259.15,2259.45,2259.15,2259.28,0,0,0
2019-12-18 15:52:00-05:00,2259.27,2259.46,2259.23,2259.43,0,0,0
2019-12-18 15:53:00-05:00,2259.52,2259.55,2259.09,2259.09,0,0,0
2019-12-18 15:54:00-05:00,2259.32,2259.38,2258.67,2258.67,0,0,0
2019-12-18 15:55:00-05:00,2258.61,2258.64,2258.12,2258.12,0,0,0
2019-12-18 15:56:00-05:00,2258.09,2258.4,2258.09,2258.18,0,0,0
2019-12-18 15:57:00-05:00,2258.17,2258.18,2257.96,2258.08,0,0,0
2019-12-18 15:58:00-05:00,2258.0,2258.3,2258.0,2258.17,0,0,0
2019-12-18 15:59:00-05:00,2258.17,2258.23,2256.93,2256.93,0,0,0
2019-12-19 09:30:00-05:00,2257.87,2257.87,2257.51,2257.56,0,0,0
2019-12-19 09:31:00-05:00,2257.43,2257.43,2254.28,2254.28,0,0,0
2019-12-19 09:32:00-05:00,2253.4,2253.44,2251.08,2251.08,0,0,0
2019-12-19 09:33:00-05:00,2251.29,2252.53,2251.29,2252.14,0,0,0
2019-12-19 09:34:00-05:00,2251.9,2251.9,2250.15,2250.15,0,0,0
2019-12-19 09:35:00-05:00,2250.92,2251.62,2250.88,2251.35,0,0,0
2019-12-19 09:36:00-05:00,2251.16,2251.77,2251.16,2251.77,0,0,0
2019-12-19 09:37:00-05:00,2251.22,2251.73,2251.12,2251.73,0,0,0
2019-12-19 09:38:00-05:00,2251.72,2251.92,2251.72,2251.83,0,0,0
2019-12-19 09:39:00-05:00,2251.83,2252.08,2250.27,2250.27,0,0,0
2019-12-19 09:40:00-05:00,2250.24,2250.84,2250.18,2250.76,0,0,0
2019-12-19 09:41:00-05:00,2250.63,2251.5,2250.63,2251.48,0,0,0
2019-12-19 09:42:00-05:00,2251.89,2252.16,2251.89,2251.99,0,0,0
2019-12-19 09:43:00-05:00,2252.21,2252.45,2251.67,2251.68,0,0,0
2019-12-19 09:44:00-05:00,2251.68,2251.84,2251.34,2251.72,0,0,0
2019-12-19 09:45:00-05:00,2252.28,2252.55,2251.83,2251.83,0,0,0
2019-12-19 09:46:00-05:00,2251.83,2252.27,2251.83,2251.88,0,0,0
2019-12-19 09:47:00-05:00,2252.02,2252.03,2251.91,2251.91,0,0,0
2019-12-19 09:48:00-05:00,2251.68,2251.68,2251.09,2251.14,0,0,0
2019-12-19 09:49:00-05:00,2251.13,2251.64,2251.05,2251.64,0,0,0
2019-12-19 09:50:00-05:00,2251.35,2251.35,2251.12,2251.33,0,0,0
2019-12-19 09:51:00-05:00,2251.43,2251.43,2250.97,2251.26,0,0,0
2019-12-19 09:52:00-05:00,2251.25,2251.75,2251.17,2251.75,0,0,0
2019-12-19 09:53:00-05:00,2251.73,2251.78,2251.62,2251.62,0,0,0
2019-12-19 09:54:00-05:00,2251.66,2252.43,2251.66,2252.06,0,0,0
2019-12-19 09:55:00-05:00,2251.98,2252.25,2251.73,2251.73,0,0,0
2019-12-19 09:56:00-05:00,2251.71,2252.04,2251.71,2251.95,0,0,0
2019-12-19 09:57:00-05:00,2252.04,2252.08,2251.51,2251.51,0,0,0
2019-12-19 09:58:00-05:00,2251.47,2251.51,2250.92,2250.92,0,0,0
2019-12-19 09:59:00-05:00,2250.84,2250.85,2250.51,2250.85,0,0,0
2019-12-19 10:00:00-05:00,2250.54,2250.94,2250.12,2250.94,0,0,0
2019-12-19 10:01:00-05:00,2250.98,2251.12,2250.76,2250.76,0,0,0
2019-12-19 10:02:00-05:00,2250.67,2250.86,2250.53,2250.53,0,0,0
2019-12-19 10:03:00-05:00,2250.55,2250.58,2249.17,2249.17,0,0,0
2019-12-19 10:04:00-05:00,2248.88,2249.1,2248.79,2248.87,0,0,0
2019-12-19 10:05:00-05:00,2248.87,2249.02,2248.79,2248.9,0,0,0
2019-12-19 10:06:00-05:00,2248.36,2248.36,2247.96,2248.08,0,0,0
2019-12-19 10:07:00-05:00,2248.27,2248.87,2248.27,2248.81,0,0,0
2019-12-19 10:08:00-05:00,2248.84,2248.88,2248.71,2248.71,0,0,0
2019-12-19 10:09:00-05:00,2248.49,2248.54,2248.46,2248.54,0,0,0
2019-12-19 10:10:00-05:00,2248.7,2249.39,2248.7,2249.39,0,0,0
2019-12-19 10:11:00-05:00,2249.65,2250.08,2249.65,2249.91,0,0,0
2019-12-19 10:12:00-05:00,2249.9,2250.25,2249.9,2250.06,0,0,0
2019-12-19 10:13:00-05:00,2249.94,2249.94,2249.07,2249.16,0,0,0
2019-12-19 10:14:00-05:00,2249.16,2249.16,2248.71,2248.78,0,0,0
2019-12-19 10:15:00-05:00,2248.74,2248.97,2248.63,2248.97,0,0,0
2019-12-19 10:16:00-05:00,2249.07,2249.63,2249.07,2249.63,0,0,0
2019-12-19 10:17:00-05:00,2249.95,2250.66,2249.95,2250.63,0,0,0
2019-12-19 10:18:00-05:00,2250.23,2250.23,2249.79,2249.79,0,0,0
2019-12-19 10:19:00-05:00,2249.7,2249.87,2249.57,2249.57,0,0,0
2019-12-19 10:20:00-05:00,2249.57,2249.57,2248.88,2248.88,0,0,0
2019-12-19 10:21:00-05:00,2248.8,2248.83,2248.26,2248.26,0,0,0
2019-12-19 10:22:00-05:00,2248.24,2248.24,2247.36,2247.36,0,0,0
2019-12-19 10:23:00-05:00,2247.28,2247.91,2247.27,2247.87,0,0,0
2019-12-19 10:24:00-05:00,2247.87,2248.62,2247.87,2248.62,0,0,0
2019-12-19 10:25:00-05:00,2248.72,2249.66,2248.72,2249.66,0,0,0
2019-12-19 10:26:00-05:00,2249.8,2249.8,2249.42,2249.64,0,0,0
2019-12-19 10:27:00-05:00,2249.62,2249.76,2249.49,2249.49,0,0,0
2019-12-19 10:28:00-05:00,2249.48,2249.79,2249.32,2249.79,0,0,0
2019-12-19 10:29:00-05:00,2249.68,2250.78,2249.67,2250.78,0,0,0
2019-12-19 10:30:00-05:00,2250.85,2251.37,2250.85,2251.11,0,0,0
2019-12-19 10:31:00-05:00,2251.11,2251.21,2250.86,2251.21,0,0,0
2019-12-19 10:32:00-05:00,2251.09,2251.21,2251.02,2251.02,0,0,0
2019-12-19 10:33:00-05:00,2251.01,2251.21,2251.01,2251.21,0,0,0
2019-12-19 10:34:00-05:00,2251.21,2251.44,2251.17,2251.35,0,0,0
2019-12-19 10:35:00-05:00,2251.12,2251.14,2250.51,2250.55,0,0,0
2019-12-19 10:36:00-05:00,2250.26,2251.1,2250.23,2251.1,0,0,0
2019-12-19 10:37:00-05:00,2251.1,2251.12,2251.04,2251.04,0,0,0
2019-12-19 10:38:00-05:00,2251.05,2251.16,2251.05,2251.08,0,0,0
2019-12-19 10:39:00-05:00,2251.04,2251.04,2250.93,2250.98,0,0,0
2019-12-19 10:40:00-05:00,2250.98,2250.98,2250.63,2250.65,0,0,0
2019-12-19 10:41:00-05:00,2250.55,2250.6,2250.51,2250.6,0,0,0
2019-12-19 10:42:00-05:00,2250.58,2250.74,2250.58,2250.71,0,0,0
2019-12-19 10:43:00-05:00,2250.67,2250.67,2250.47,2250.47,0,0,0
2019-12-19 10:44:00-05:00,2250.46,2250.64,2250.22,2250.64,0,0,0
2019-12-19 10:45:00-05:00,2250.72,2251.18,2250.72,2251.18,0,0,0
2019-12-19 10:46:00-05:00,2251.17,2251.45,2251.1,2251.4,0,0,0
2019-12-19 10:47:00-05:00,2251.26,2251.28,2251.18,2251.18,0,0,0
2019-12-19 10:48:00-05:00,2251.23,2251.23,2250.53,2250.55,0,0,0
2019-12-19 10:49:00-05:00,2250.49,2250.5,2250.28,2250.28,0,0,0
2019-12-19 10:50:00-05:00,2250.28,2250.29,2250.14,2250.22,0,0,0
2019-12-19 10:51:00-05:00,2250.21,2250.47,2250.21,2250.46,0,0,0
2019-12-19 10:52:00-05:00,2250.33,2250.76,2250.25,2250.76,0,0,0
2019-12-19 10:53:00-05:00,2250.86,2251.54,2250.86,2251.54,0,0,0
2019-12-19 10:54:00-05:00,2251.65,2251.95,2251.65,2251.91,0,0,0
2019-12-19 10:55:00-05:00,2251.95,2252.25,2251.94,2252.25,0,0,0
2019-12-19 10:56:00-05:00,2252.29,2252.39,2252.29,2252.32,0,0,0
2019-12-19 10:57:00-05:00,2252.38,2252.6,2252.38,2252.6,0,0,0
2019-12-19 10:58:00-05:00,2252.65,2252.72,2252.52,2252.54,0,0,0
2019-12-19 10:59:00-05:00,2252.54,2252.84,2252.54,2252.81,0,0,0
2019-12-19 11:00:00-05:00,2252.76,2252.93,2252.76,2252.93,0,0,0
2019-12-19 11:01:00-05:00,2252.95,2252.95,2252.19,2252.19,0,0,0
2019-12-19 11:02:00-05:00,2252.06,2252.07,2251.59,2251.59,0,0,0
2019-12-19 11:03:00-05:00,2251.52,2251.54,2251.15,2251.15,0,0,0
2019-12-19 11:04:00-05:00,2251.15,2251.57,2251.07,2251.57,0,0,0
2019-12-19 11:05:00-05:00,2251.48,2251.55,2251.25,2251.52,0,0,0
2019-12-19 11:06:00-05:00,2251.39,2251.46,2251.33,2251.37,0,0,0
2019-12-19 11:07:00-05:00,2251.34,2251.35,2251.13,2251.19,0,0,0
2019-12-19 11:08:00-05:00,2251.2,2251.2,2250.93,2251.09,0,0,0
2019-12-19 11:09:00-05:00,2251.09,2251.13,2250.62,2250.63,0,0,0
2019-12-19 11:10:00-05:00,2250.65,2250.65,2250.57,2250.57,0,0,0
2019-12-19 11:11:00-05:00,2250.57,2250.57,2250.36,2250.46,0,0,0
2019-12-19 11:12:00-05:00,2250.51,2250.51,2250.25,2250.25,0,0,0
2019-12-19 11:13:00-05:00,2250.25,2250.29,2250.14,2250.29,0,0,0
2019-12-19 11:14:00-05:00,2250.3,2250.3,2250.2,2250.21,0,0,0
2019-12-19 11:15:00-05:00,2250.19,2250.51,2250.18,2250.51,0,0,0
2019-12-19 11:16:00-05:00,2250.51,2251.15,2250.51,2251.15,0,0,0
2019-12-19 11:17:00-05:00,2251.16,2251.39,2251.16,2251.39,0,0,0
2019-12-19 11:18:00-05:00,2251.41,2251.72,2251.41,2251.68,0,0,0
2019-12-19 11:19:00-05:00,2251.72,2251.78,2251.61,2251.61,0,0,0
2019-12-19 11:20:00-05:00,2251.65,2252.42,2251.65,2252.42,0,0,0
2019-12-19 11:21:00-05:00,2252.42,2252.78,2252.42,2252.67,0,0,0
2019-12-19 11:22:00-05:00,2252.67,2252.68,2252.49,2252.66,0,0,0
2019-12-19 11:23:00-05:00,2253.16,2253.44,2253.13,2253.44,0,0,0
2019-12-19 11:24:00-05:00,2253.44,2253.52,2253.25,2253.27,0,0,0
2019-12-19 11:25:00-05:00,2253.19,2253.33,2253.19,2253.21,0,0,0
2019-12-19 11:26:00-05:00,2253.21,2253.21,2252.26,2252.26,0,0,0
2019-12-19 11:27:00-05:00,2252.21,2252.22,2251.97,2251.97,0,0,0
2019-12-19 11:28:00-05:00,2251.74,2251.79,2251.7,2251.76,0,0,0
2019-12-19 11:29:00-05:00,2251.76,2251.86,2251.74,2251.83,0,0,0
2019-12-19 11:30:00-05:00,2251.84,2251.84,2251.69,2251.83,0,0,0
2019-12-19 11:31:00-05:00,2252.01,2252.3,2251.92,2252.3,0,0,0
2019-12-19 11:32:00-05:00,2252.27,2252.78,2252.26,2252.78,0,0,0
2019-12-19 11:33:00-05:00,2253.04,2253.23,2253.04,2253.23,0,0,0
2019-12-19 11:34:00-05:00,2253.2,2253.2,2252.79,2252.82,0,0,0
2019-12-19 11:35:00-05:00,2252.84,2252.9,2252.84,2252.88,0,0,0
2019-12-19 11:36:00-05:00,2252.85,2253.08,2252.85,2252.96,0,0,0
2019-12-19 11:37:00-05:00,2252.92,2252.98,2252.75,2252.75,0,0,0
2019-12-19 11:38:00-05:00,2252.75,2252.82,2252.67,2252.73,0,0,0
2019-12-19 11:39:00-05:00,2252.71,2252.76,2252.69,2252.69,0,0,0
2019-12-19 11:40:00-05:00,2252.72,2252.72,2252.19,2252.19,0,0,0
2019-12-19 11:41:00-05:00,2252.1,2252.1,2251.41,2251.42,0,0,0
2019-12-19 11:42:00-05:00,2251.09,2251.09,2250.33,2250.33,0,0,0
2019-12-19 11:43:00-05:00,2250.33,2250.39,2250.31,2250.33,0,0,0
2019-12-19 11:44:00-05:00,2250.27,2250.27,2250.11,2250.11,0,0,0
2019-12-19 11:45:00-05:00,2250.11,2250.21,2250.11,2250.21,0,0,0
2019-12-19 11:46:00-05:00,2250.43,2250.48,2250.1,2250.25,0,0,0
2019-12-19 11:47:00-05:00,2250.2,2250.23,2250.17,2250.18,0,0,0
2019-12-19 11:48:00-05:00,2250.18,2250.18,2250.06,2250.09,0,0,0
2019-12-19 11:49:00-05:00,2250.09,2250.37,2250.06,2250.26,0,0,0
2019-12-19 11:50:00-05:00,2250.19,2250.19,2249.94,2249.96,0,0,0
2019-12-19 11:51:00-05:00,2249.95,2250.06,2249.61,2249.61,0,0,0
2019-12-19 11:52:00-05:00,2249.56,2249.82,2249.56,2249.82,0,0,0
2019-12-19 11:53:00-05:00,2249.89,2249.91,2249.52,2249.64,0,0,0
2019-12-19 11:54:00-05:00,2249.64,2249.64,2249.14,2249.14,0,0,0
2019-12-19 11:55:00-05:00,2249.14,2249.14,2248.78,2248.95,0,0,0
2019-12-19 11:56:00-05:00,2249.0,2249.58,2249.0,2249.48,0,0,0
2019-12-19 11:57:00-05:00,2249.49,2249.6,2249.43,2249.43,0,0,0
2019-12-19 11:58:00-05:00,2249.41,2249.6,2249.41,2249.57,0,0,0
2019-12-19 12:00:00-05:00,2249.29,2249.32,2249.2,2249.3,0,0,0
2019-12-19 12:01:00-05:00,2249.37,2249.43,2249.15,2249.15,0,0,0
2019-12-19 12:02:00-05:00,2249.18,2249.49,2249.18,2249.43,0,0,0
2019-12-19 12:03:00-05:00,2249.44,2249.72,2249.39,2249.72,0,0,0
2019-12-19 12:04:00-05:00,2249.72,2249.79,2249.7,2249.7,0,0,0
2019-12-19 12:05:00-05:00,2249.57,2249.61,2249.42,2249.49,0,0,0
2019-12-19 12:06:00-05:00,2249.49,2249.49,2249.23,2249.23,0,0,0
2019-12-19 12:07:00-05:00,2249.23,2249.57,2249.19,2249.54,0,0,0
2019-12-19 12:08:00-05:00,2249.54,2249.54,2249.32,2249.32,0,0,0
2019-12-19 12:09:00-05:00,2249.34,2249.34,2248.88,2248.88,0,0,0
2019-12-19 12:10:00-05:00,2248.87,2248.87,2248.74,2248.79,0,0,0
2019-12-19 12:11:00-05:00,2248.78,2248.93,2248.58,2248.93,0,0,0
2019-12-19 12:12:00-05:00,2248.99,2249.36,2248.99,2249.32,0,0,0
2019-12-19 12:13:00-05:00,2249.33,2249.99,2249.33,2249.99,0,0,0
2019-12-19 12:14:00-05:00,2249.98,2250.18,2249.98,2250.17,0,0,0
2019-12-19 12:15:00-05:00,2250.17,2250.37,2250.17,2250.21,0,0,0
2019-12-19 12:16:00-05:00,2250.21,2250.47,2250.21,2250.47,0,0,0
2019-12-19 12:17:00-05:00,2250.47,2250.77,2250.47,2250.73,0,0,0
2019-12-19 12:18:00-05:00,2250.73,2250.89,2250.66,2250.89,0,0,0
2019-12-19 12:19:00-05:00,2251.03,2251.23,2250.96,2250.96,0,0,0
2019-12-19 12:20:00-05:00,2250.99,2251.5,2250.98,2251.5,0,0,0
2019-12-19 12:21:00-05:00,2251.6,2252.09,2251.6,2252.09,0,0,0
2019-12-19 12:22:00-05:00,2252.12,2252.46,2252.0,2252.14,0,0,0
2019-12-19 12:23:00-05:00,2252.18,2252.18,2251.97,2252.05,0,0,0
2019-12-19 12:24:00-05:00,2252.0,2252.07,2251.87,2251.96,0,0,0
2019-12-19 12:25:00-05:00,2251.96,2251.96,2251.85,2251.85,0,0,0
2019-12-19 12:26:00-05:00,2251.85,2252.0,2251.81,2251.81,0,0,0
2019-12-19 12:27:00-05:00,2251.81,2251.88,2251.78,2251.8,0,0,0
2019-12-19 12:28:00-05:00,2251.8,2252.65,2251.79,2252.58,0,0,0
2019-12-19 12:29:00-05:00,2252.58,2252.71,2252.55,2252.71,0,0,0
2019-12-19 12:30:00-05:00,2252.62,2253.04,2252.54,2253.04,0,0,0
2019-12-19 12:31:00-05:00,2253.04,2253.34,2252.99,2253.33,0,0,0
2019-12-19 12:32:00-05:00,2253.25,2253.25,2252.88,2252.88,0,0,0
2019-12-19 12:33:00-05:00,2252.88,2252.98,2252.54,2252.54,0,0,0
2019-12-19 12:34:00-05:00,2252.54,2252.54,2251.93,2251.93,0,0,0
2019-12-19 12:35:00-05:00,2251.93,2252.29,2251.93,2252.29,0,0,0
2019-12-19 12:36:00-05:00,2252.29,2252.33,2252.16,2252.16,0,0,0
2019-12-19 12:37:00-05:00,2252.12,2252.12,2251.83,2251.88,0,0,0
2019-12-19 12:38:00-05:00,2251.88,2251.88,2251.8,2251.8,0,0,0
2019-12-19 12:39:00-05:00,2251.79,2251.92,2251.79,2251.84,0,0,0
2019-12-19 12:40:00-05:00,2251.88,2251.88,2251.31,2251.31,0,0,0
2019-12-19 12:41:00-05:00,2251.27,2251.27,2251.06,2251.06,0,0,0
2019-12-19 12:42:00-05:00,2251.02,2251.02,2250.7,2250.7,0,0,0
2019-12-19 12:43:00-05:00,2250.66,2250.66,2250.37,2250.37,0,0,0
2019-12-19 12:44:00-05:00,2250.37,2250.44,2250.28,2250.28,0,0,0
2019-12-19 12:45:00-05:00,2250.28,2250.28,2249.91,2249.93,0,0,0
2019-12-19 12:46:00-05:00,2249.93,2249.93,2249.82,2249.83,0,0,0
2019-12-19 12:47:00-05:00,2249.83,2249.86,2249.75,2249.76,0,0,0
2019-12-19 12:48:00-05:00,2249.73,2250.01,2249.63,2249.99,0,0,0
2019-12-19 12:49:00-05:00,2249.99,2250.12,2249.98,2250.1,0,0,0
2019-12-19 12:50:00-05:00,2250.1,2250.29,2250.08,2250.24,0,0,0
2019-12-19 12:51:00-05:00,2250.24,2250.53,2250.24,2250.53,0,0,0
2019-12-19 12:52:00-05:00,2250.53,2250.53,2250.29,2250.29,0,0,0
2019-12-19 12:53:00-05:00,2250.34,2250.65,2250.34,2250.63,0,0,0
2019-12-19 12:54:00-05:00,2250.67,2250.93,2250.67,2250.92,0,0,0
2019-12-19 12:55:00-05:00,2250.92,2251.04,2250.87,2251.04,0,0,0
2019-12-19 12:56:00-05:00,2251.04,2251.21,2251.01,2251.21,0,0,0
2019-12-19 12:57:00-05:00,2251.17,2251.43,2251.17,2251.43,0,0,0
2019-12-19 12:58:00-05:00,2251.43,2251.43,2251.29,2251.35,0,0,0
2019-12-19 12:59:00-05:00,2251.35,2251.37,2251.3,2251.31,0,0,0
2019-12-19 13:00:00-05:00,2251.31,2251.7,2251.31,2251.7,0,0,0
2019-12-19 13:01:00-05:00,2251.62,2251.82,2251.62,2251.69,0,0,0
2019-12-19 13:02:00-05:00,2251.69,2251.78,2251.57,2251.57,0,0,0
2019-12-19 13:03:00-05:00,2251.57,2251.57,2251.23,2251.23,0,0,0
2019-12-19 13:04:00-05:00,2251.23,2251.34,2251.22,2251.34,0,0,0
2019-12-19 13:05:00-05:00,2251.34,2251.39,2251.28,2251.3,0,0,0
2019-12-19 13:06:00-05:00,2251.3,2251.63,2251.3,2251.63,0,0,0
2019-12-19 13:07:00-05:00,2251.68,2252.02,2251.68,2252.02,0,0,0
2019-12-19 13:08:00-05:00,2252.03,2252.13,2252.03,2252.1,0,0,0
2019-12-19 13:09:00-05:00,2252.1,2252.51,2252.1,2252.51,0,0,0
2019-12-19 13:10:00-05:00,2252.51,2252.58,2252.51,2252.52,0,0,0
2019-12-19 13:11:00-05:00,2252.52,2252.59,2252.52,2252.57,0,0,0
2019-12-19 13:12:00-05:00,2252.57,2252.61,2252.57,2252.57,0,0,0
2019-12-19 13:13:00-05:00,2252.57,2252.61,2252.39,2252.41,0,0,0
2019-12-19 13:14:00-05:00,2252.43,2252.63,2252.43,2252.6,0,0,0
2019-12-19 13:15:00-05:00,2252.61,2252.91,2252.54,2252.86,0,0,0
2019-12-19 13:16:00-05:00,2252.86,2253.5,2252.86,2253.41,0,0,0
2019-12-19 13:17:00-05:00,2253.41,2253.48,2253.37,2253.48,0,0,0
2019-12-19 13:18:00-05:00,2253.48,2253.48,2253.45,2253.45,0,0,0
2019-12-19 13:19:00-05:00,2253.45,2253.46,2253.39,2253.39,0,0,0
2019-12-19 13:20:00-05:00,2253.39,2253.39,2253.16,2253.16,0,0,0
2019-12-19 13:21:00-05:00,2253.14,2253.22,2253.0,2253.07,0,0,0
2019-12-19 13:22:00-05:00,2253.09,2253.31,2253.09,2253.27,0,0,0
2019-12-19 13:23:00-05:00,2253.31,2253.39,2253.23,2253.23,0,0,0
2019-12-19 13:24:00-05:00,2253.23,2253.37,2253.23,2253.35,0,0,0
2019-12-19 13:25:00-05:00,2253.35,2253.35,2253.11,2253.11,0,0,0
2019-12-19 13:26:00-05:00,2253.11,2253.11,2252.84,2252.84,0,0,0
2019-12-19 13:27:00-05:00,2252.75,2252.75,2252.56,2252.66,0,0,0
2019-12-19 13:28:00-05:00,2252.57,2252.66,2252.57,2252.66,0,0,0
2019-12-19 13:29:00-05:00,2252.57,2252.57,2252.31,2252.41,0,0,0
2019-12-19 13:30:00-05:00,2252.41,2252.41,2252.09,2252.09,0,0,0
2019-12-19 13:31:00-05:00,2252.09,2252.09,2251.68,2251.71,0,0,0
2019-12-19 13:32:00-05:00,2251.71,2251.8,2251.71,2251.8,0,0,0
2019-12-19 13:33:00-05:00,2251.82,2252.05,2251.82,2252.05,0,0,0
2019-12-19 13:34:00-05:00,2252.05,2252.25,2251.98,2252.25,0,0,0
2019-12-19 13:35:00-05:00,2252.25,2252.54,2252.25,2252.4,0,0,0
2019-12-19 13:36:00-05:00,2252.4,2252.44,2252.39,2252.39,0,0,0
2019-12-19 13:37:00-05:00,2252.43,2252.44,2252.27,2252.32,0,0,0
2019-12-19 13:38:00-05:00,2252.32,2252.32,2252.18,2252.18,0,0,0
2019-12-19 13:39:00-05:00,2252.18,2252.22,2252.08,2252.08,0,0,0
2019-12-19 13:40:00-05:00,2252.08,2252.17,2252.08,2252.1,0,0,0
2019-12-19 13:41:00-05:00,2252.1,2252.1,2252.02,2252.05,0,0,0
2019-12-19 13:42:00-05:00,2252.05,2252.05,2251.46,2251.46,0,0,0
2019-12-19 13:43:00-05:00,2251.46,2251.46,2251.3,2251.3,0,0,0
2019-12-19 13:44:00-05:00,2251.29,2251.41,2251.18,2251.41,0,0,0
2019-12-19 13:45:00-05:00,2251.41,2251.63,2251.39,2251.63,0,0,0
2019-12-19 13:46:00-05:00,2251.63,2251.63,2251.5,2251.5,0,0,0
2019-12-19 13:47:00-05:00,2251.5,2251.74,2251.49,2251.67,0,0,0
2019-12-19 13:48:00-05:00,2251.67,2251.72,2251.64,2251.72,0,0,0
2019-12-19 13:49:00-05:00,2251.72,2252.05,2251.72,2252.05,0,0,0
2019-12-19 13:50:00-05:00,2252.05,2252.05,2251.82,2251.82,0,0,0
2019-12-19 13:51:00-05:00,2251.8,2251.83,2251.65,2251.66,0,0,0
2019-12-19 13:52:00-05:00,2251.66,2251.72,2251.64,2251.7,0,0,0
2019-12-19 13:53:00-05:00,2251.7,2251.74,2251.65,2251.68,0,0,0
2019-12-19 13:54:00-05:00,2251.68,2251.68,2251.17,2251.17,0,0,0
2019-12-19 13:55:00-05:00,2251.17,2251.17,2251.17,2251.17,0,0,0
2019-12-19 13:56:00-05:00,2251.17,2251.17,2251.05,2251.08,0,0,0
2019-12-19 13:57:00-05:00,2251.08,2251.1,2251.01,2251.08,0,0,0
2019-12-19 13:58:00-05:00,2251.08,2251.13,2251.05,2251.05,0,0,0
2019-12-19 13:59:00-05:00,2251.05,2251.83,2251.05,2251.83,0,0,0
2019-12-19 14:00:00-05:00,2251.85,2251.99,2251.45,2251.45,0,0,0
2019-12-19 14:01:00-05:00,2251.47,2251.47,2251.39,2251.44,0,0,0
2019-12-19 14:02:00-05:00,2251.44,2251.44,2251.03,2251.03,0,0,0
2019-12-19 14:03:00-05:00,2251.03,2251.11,2250.98,2251.09,0,0,0
2019-12-19 14:04:00-05:00,2251.09,2251.09,2250.88,2250.94,0,0,0
2019-12-19 14:05:00-05:00,2250.94,2251.17,2250.84,2251.17,0,0,0
2019-12-19 14:06:00-05:00,2251.17,2251.17,2251.04,2251.1,0,0,0
2019-12-19 14:07:00-05:00,2251.1,2251.18,2251.1,2251.18,0,0,0
2019-12-19 14:08:00-05:00,2251.18,2251.24,2251.18,2251.23,0,0,0
2019-12-19 14:09:00-05:00,2251.23,2251.45,2251.17,2251.44,0,0,0
2019-12-19 14:10:00-05:00,2251.45,2251.5,2251.45,2251.45,0,0,0
2019-12-19 14:11:00-05:00,2251.45,2251.45,2251.23,2251.31,0,0,0
2019-12-19 14:12:00-05:00,2251.31,2251.5,2251.22,2251.47,0,0,0
2019-12-19 14:13:00-05:00,2251.47,2252.53,2251.43,2252.49,0,0,0
2019-12-19 14:14:00-05:00,2252.64,2252.64,2252.33,2252.33,0,0,0
2019-12-19 14:15:00-05:00,2252.33,2252.43,2252.33,2252.39,0,0,0
2019-12-19 14:16:00-05:00,2252.39,2252.43,2252.35,2252.36,0,0,0
2019-12-19 14:17:00-05:00,2252.35,2252.35,2252.18,2252.22,0,0,0
2019-12-19 14:18:00-05:00,2252.22,2252.41,2252.2,2252.22,0,0,0
2019-12-19 14:19:00-05:00,2252.22,2252.51,2252.2,2252.41,0,0,0
2019-12-19 14:20:00-05:00,2252.45,2252.68,2252.45,2252.64,0,0,0
2019-12-19 14:21:00-05:00,2252.74,2252.75,2252.66,2252.67,0,0,0
2019-12-19 14:22:00-05:00,2252.67,2252.7,2252.57,2252.67,0,0,0
2019-12-19 14:23:00-05:00,2252.67,2252.79,2252.63,2252.63,0,0,0
2019-12-19 14:24:00-05:00,2252.59,2252.6,2252.57,2252.6,0,0,0
2019-12-19 14:25:00-05:00,2252.6,2252.68,2252.58,2252.68,0,0,0
2019-12-19 14:26:00-05:00,2252.68,2252.78,2252.67,2252.78,0,0,0
2019-12-19 14:27:00-05:00,2252.78,2253.02,2252.78,2253.02,0,0,0
2019-12-19 14:28:00-05:00,2253.02,2253.14,2252.97,2252.98,0,0,0
2019-12-19 14:29:00-05:00,2252.98,2253.11,2252.87,2253.11,0,0,0
2019-12-19 14:30:00-05:00,2253.11,2253.14,2253.1,2253.14,0,0,0
2019-12-19 14:31:00-05:00,2253.14,2253.17,2253.1,2253.15,0,0,0
2019-12-19 14:32:00-05:00,2253.15,2253.27,2253.15,2253.26,0,0,0
2019-12-19 14:33:00-05:00,2253.26,2253.35,2253.19,2253.35,0,0,0
2019-12-19 14:34:00-05:00,2253.35,2253.87,2253.35,2253.87,0,0,0
2019-12-19 14:35:00-05:00,2253.79,2253.83,2253.06,2253.06,0,0,0
2019-12-19 14:36:00-05:00,2252.91,2252.91,2252.54,2252.54,0,0,0
2019-12-19 14:37:00-05:00,2252.51,2252.51,2252.32,2252.49,0,0,0
2019-12-19 14:38:00-05:00,2252.49,2252.79,2252.49,2252.67,0,0,0
2019-12-19 14:39:00-05:00,2252.67,2252.68,2252.57,2252.63,0,0,0
2019-12-19 14:40:00-05:00,2252.61,2252.89,2252.61,2252.67,0,0,0
2019-12-19 14:41:00-05:00,2252.62,2252.75,2252.43,2252.43,0,0,0
2019-12-19 14:42:00-05:00,2252.38,2252.51,2252.38,2252.45,0,0,0
2019-12-19 14:43:00-05:00,2252.36,2252.75,2252.33,2252.71,0,0,0
2019-12-19 14:44:00-05:00,2252.71,2252.73,2252.61,2252.72,0,0,0
2019-12-19 14:45:00-05:00,2252.67,2252.68,2252.56,2252.56,0,0,0
2019-12-19 14:46:00-05:00,2252.56,2252.56,2252.4,2252.4,0,0,0
2019-12-19 14:47:00-05:00,2252.4,2252.47,2252.4,2252.41,0,0,0
2019-12-19 14:48:00-05:00,2252.41,2252.42,2252.36,2252.4,0,0,0
2019-12-19 14:49:00-05:00,2252.4,2252.44,2252.16,2252.18,0,0,0
2019-12-19 14:50:00-05:00,2252.18,2252.24,2252.13,2252.16,0,0,0
2019-12-19 14:51:00-05:00,2252.16,2252.19,2252.0,2252.03,0,0,0
2019-12-19 14:52:00-05:00,2251.84,2251.84,2251.45,2251.47,0,0,0
2019-12-19 14:53:00-05:00,2251.46,2251.52,2251.32,2251.32,0,0,0
2019-12-19 14:54:00-05:00,2251.32,2251.32,2251.05,2251.25,0,0,0
2019-12-19 14:55:00-05:00,2251.25,2251.68,2251.21,2251.6,0,0,0
2019-12-19 14:56:00-05:00,2251.56,2251.57,2251.37,2251.38,0,0,0
2019-12-19 14:57:00-05:00,2251.38,2251.48,2251.37,2251.48,0,0,0
2019-12-19 14:58:00-05:00,2251.48,2251.49,2251.36,2251.49,0,0,0
2019-12-19 14:59:00-05:00,2251.48,2251.64,2251.48,2251.49,0,0,0
2019-12-19 15:00:00-05:00,2251.42,2251.42,2251.2,2251.2,0,0,0
2019-12-19 15:01:00-05:00,2251.2,2251.2,2251.12,2251.15,0,0,0
2019-12-19 15:02:00-05:00,2251.15,2251.15,2250.96,2250.96,0,0,0
2019-12-19 15:03:00-05:00,2250.87,2250.87,2250.44,2250.44,0,0,0
2019-12-19 15:04:00-05:00,2250.39,2250.44,2250.28,2250.28,0,0,0
2019-12-19 15:05:00-05:00,2250.28,2250.82,2250.28,2250.81,0,0,0
2019-12-19 15:06:00-05:00,2250.79,2250.93,2250.76,2250.92,0,0,0
2019-12-19 15:07:00-05:00,2250.92,2250.92,2250.3,2250.3,0,0,0
2019-12-19 15:08:00-05:00,2250.29,2250.29,2250.0,2250.03,0,0,0
2019-12-19 15:09:00-05:00,2249.77,2249.99,2249.7,2249.7,0,0,0
2019-12-19 15:10:00-05:00,2249.56,2249.56,2249.42,2249.51,0,0,0
2019-12-19 15:11:00-05:00,2249.51,2249.52,2249.34,2249.34,0,0,0
2019-12-19 15:12:00-05:00,2249.34,2249.51,2249.34,2249.51,0,0,0
2019-12-19 15:13:00-05:00,2249.56,2249.63,2249.56,2249.63,0,0,0
2019-12-19 15:14:00-05:00,2249.69,2249.79,2249.62,2249.73,0,0,0
2019-12-19 15:15:00-05:00,2249.74,2249.74,2249.45,2249.45,0,0,0
2019-12-19 15:16:00-05:00,2249.45,2249.45,2248.79,2248.99,0,0,0
2019-12-19 15:17:00-05:00,2248.97,2249.42,2248.97,2249.42,0,0,0
2019-12-19 15:18:00-05:00,2249.42,2249.42,2249.19,2249.19,0,0,0
2019-12-19 15:19:00-05:00,2249.19,2249.21,2249.08,2249.17,0,0,0
2019-12-19 15:20:00-05:00,2249.16,2249.5,2249.16,2249.5,0,0,0
2019-12-19 15:21:00-05:00,2249.42,2249.46,2249.4,2249.41,0,0,0
2019-12-19 15:22:00-05:00,2249.42,2249.42,2249.18,2249.34,0,0,0
2019-12-19 15:23:00-05:00,2249.34,2249.48,2249.28,2249.28,0,0,0
2019-12-19 15:24:00-05:00,2249.28,2249.36,2249.22,2249.28,0,0,0
2019-12-19 15:25:00-05:00,2249.32,2249.32,2249.09,2249.13,0,0,0
2019-12-19 15:26:00-05:00,2249.13,2249.27,2249.13,2249.27,0,0,0
2019-12-19 15:27:00-05:00,2249.27,2249.37,2249.23,2249.29,0,0,0
2019-12-19 15:28:00-05:00,2249.39,2249.74,2249.36,2249.74,0,0,0
2019-12-19 15:29:00-05:00,2249.74,2249.8,2249.67,2249.76,0,0,0
2019-12-19 15:30:00-05:00,2249.77,2250.45,2249.77,2250.45,0,0,0
2019-12-19 15:31:00-05:00,2250.5,2251.26,2250.5,2251.26,0,0,0
2019-12-19 15:32:00-05:00,2251.3,2251.31,2250.94,2251.11,0,0,0
2019-12-19 15:33:00-05:00,2251.14,2251.44,2251.13,2251.44,0,0,0
2019-12-19 15:34:00-05:00,2251.51,2251.6,2251.47,2251.57,0,0,0
2019-12-19 15:35:00-05:00,2251.59,2251.59,2250.79,2250.79,0,0,0
2019-12-19 15:36:00-05:00,2250.8,2250.82,2250.47,2250.78,0,0,0
2019-12-19 15:37:00-05:00,2250.91,2251.02,2250.79,2251.02,0,0,0
2019-12-19 15:38:00-05:00,2251.07,2251.16,2251.02,2251.16,0,0,0
2019-12-19 15:39:00-05:00,2251.06,2251.06,2250.75,2250.86,0,0,0
2019-12-19 15:40:00-05:00,2250.91,2251.19,2250.91,2251.19,0,0,0
2019-12-19 15:41:00-05:00,2251.19,2251.74,2251.19,2251.73,0,0,0
2019-12-19 15:42:00-05:00,2251.85,2252.26,2251.83,2252.24,0,0,0
2019-12-19 15:43:00-05:00,2252.24,2252.52,2252.24,2252.46,0,0,0
2019-12-19 15:44:00-05:00,2252.46,2252.84,2252.46,2252.84,0,0,0
2019-12-19 15:45:00-05:00,2252.79,2252.79,2252.32,2252.32,0,0,0
2019-12-19 15:46:00-05:00,2252.32,2252.32,2251.62,2251.62,0,0,0
2019-12-19 15:47:00-05:00,2251.55,2251.59,2251.41,2251.55,0,0,0
2019-12-19 15:48:00-05:00,2251.55,2251.65,2251.43,2251.45,0,0,0
2019-12-19 15:49:00-05:00,2251.44,2251.48,2250.94,2250.95,0,0,0
2019-12-19 15:50:00-05:00,2250.25,2250.39,2249.94,2250.37,0,0,0
2019-12-19 15:51:00-05:00,2250.36,2250.37,2249.89,2250.17,0,0,0
2019-12-19 15:52:00-05:00,2250.18,2250.26,2250.06,2250.11,0,0,0
2019-12-19 15:53:00-05:00,2250.14,2250.24,2249.56,2249.61,0,0,0
2019-12-19 15:54:00-05:00,2249.85,2250.59,2249.72,2250.58,0,0,0
2019-12-19 15:55:00-05:00,2250.55,2251.39,2250.37,2251.09,0,0,0
2019-12-19 15:56:00-05:00,2251.0,2251.44,2250.83,2251.27,0,0,0
2019-12-19 15:57:00-05:00,2251.2,2251.2,2250.88,2250.94,0,0,0
2019-12-19 15:58:00-05:00,2251.07,2251.11,2250.8,2251.03,0,0,0
2019-12-19 15:59:00-05:00,2251.07,2252.73,2250.97,2252.63,0,0,0
2019-12-20 09:30:00-05:00,2253.87,2254.26,2253.84,2253.95,0,0,0
2019-12-20 09:31:00-05:00,2253.49,2259.06,2253.49,2256.53,0,0,0
2019-12-20 09:32:00-05:00,2259.54,2261.92,2259.54,2261.77,0,0,0
2019-12-20 09:33:00-05:00,2262.44,2263.6,2262.44,2263.6,0,0,0
2019-12-20 09:34:00-05:00,2263.67,2265.64,2263.67,2264.91,0,0,0
2019-12-20 09:35:00-05:00,2264.45,2264.45,2261.73,2261.73,0,0,0
2019-12-20 09:36:00-05:00,2261.52,2263.71,2261.52,2263.71,0,0,0
2019-12-20 09:37:00-05:00,2263.6,2263.65,2262.48,2262.66,0,0,0
2019-12-20 09:38:00-05:00,2262.74,2263.41,2262.74,2263.31,0,0,0
2019-12-20 09:39:00-05:00,2263.32,2263.32,2262.96,2263.2,0,0,0
2019-12-20 09:40:00-05:00,2263.96,2266.21,2263.96,2266.21,0,0,0
2019-12-20 09:41:00-05:00,2267.12,2269.33,2267.12,2269.33,0,0,0
2019-12-20 09:42:00-05:00,2269.29,2269.97,2269.19,2269.74,0,0,0
2019-12-20 09:43:00-05:00,2269.75,2271.1,2269.6,2271.1,0,0,0
2019-12-20 09:44:00-05:00,2271.26,2272.93,2271.26,2272.87,0,0,0
2019-12-20 09:45:00-05:00,2272.78,2272.82,2271.96,2272.19,0,0,0
2019-12-20 09:46:00-05:00,2272.1,2272.49,2270.4,2270.4,0,0,0
2019-12-20 09:47:00-05:00,2269.58,2269.58,2268.26,2268.27,0,0,0
2019-12-20 09:48:00-05:00,2268.33,2269.58,2268.33,2269.58,0,0,0
2019-12-20 09:49:00-05:00,2269.84,2270.39,2269.41,2270.39,0,0,0
2019-12-20 09:50:00-05:00,2271.64,2271.86,2271.14,2271.69,0,0,0
2019-12-20 09:51:00-05:00,2271.59,2272.75,2271.57,2272.75,0,0,0
2019-12-20 09:52:00-05:00,2272.96,2273.26,2272.14,2272.14,0,0,0
2019-12-20 09:53:00-05:00,2271.86,2272.43,2271.86,2272.34,0,0,0
2019-12-20 09:54:00-05:00,2272.71,2273.14,2272.49,2272.49,0,0,0
2019-12-20 09:55:00-05:00,2272.52,2272.54,2272.0,2272.0,0,0,0
2019-12-20 09:56:00-05:00,2272.02,2273.04,2272.02,2273.02,0,0,0
2019-12-20 09:57:00-05:00,2273.04,2273.57,2272.68,2272.68,0,0,0
2019-12-20 09:58:00-05:00,2272.77,2272.97,2272.72,2272.91,0,0,0
2019-12-20 09:59:00-05:00,2272.81,2272.95,2272.66,2272.72,0,0,0
2019-12-20 10:00:00-05:00,2272.72,2273.19,2272.68,2273.16,0,0,0
2019-12-20 10:01:00-05:00,2272.92,2272.92,2271.39,2271.44,0,0,0
2019-12-20 10:02:00-05:00,2271.16,2271.22,2269.99,2269.99,0,0,0
2019-12-20 10:03:00-05:00,2269.78,2270.42,2269.78,2270.42,0,0,0
2019-12-20 10:04:00-05:00,2270.55,2271.77,2270.55,2271.77,0,0,0
2019-12-20 10:05:00-05:00,2271.67,2272.29,2271.67,2272.02,0,0,0
2019-12-20 10:06:00-05:00,2272.02,2272.02,2271.41,2271.48,0,0,0
2019-12-20 10:07:00-05:00,2271.23,2271.23,2270.37,2270.88,0,0,0
2019-12-20 10:08:00-05:00,2270.61,2270.61,2269.89,2269.89,0,0,0
2019-12-20 10:09:00-05:00,2269.76,2270.17,2269.76,2270.08,0,0,0
2019-12-20 10:10:00-05:00,2270.01,2270.21,2269.99,2269.99,0,0,0
2019-12-20 10:11:00-05:00,2269.77,2269.77,2268.48,2268.48,0,0,0
2019-12-20 10:12:00-05:00,2268.26,2268.43,2267.65,2267.65,0,0,0
2019-12-20 10:13:00-05:00,2267.65,2268.52,2267.65,2268.5,0,0,0
2019-12-20 10:14:00-05:00,2268.5,2268.55,2268.25,2268.41,0,0,0
2019-12-20 10:15:00-05:00,2268.61,2269.58,2268.61,2269.58,0,0,0
2019-12-20 10:16:00-05:00,2269.63,2269.95,2269.44,2269.95,0,0,0
2019-12-20 10:17:00-05:00,2270.2,2271.66,2270.2,2271.57,0,0,0
2019-12-20 10:18:00-05:00,2271.19,2271.45,2271.19,2271.34,0,0,0
2019-12-20 10:19:00-05:00,2271.21,2271.22,2270.95,2270.95,0,0,0
2019-12-20 10:20:00-05:00,2270.86,2270.86,2270.14,2270.24,0,0,0
2019-12-20 10:21:00-05:00,2270.05,2270.06,2269.27,2269.28,0,0,0
2019-12-20 10:22:00-05:00,2269.23,2269.25,2268.91,2268.91,0,0,0
2019-12-20 10:23:00-05:00,2269.01,2269.01,2268.47,2268.61,0,0,0
2019-12-20 10:24:00-05:00,2268.61,2268.62,2268.15,2268.62,0,0,0
2019-12-20 10:25:00-05:00,2268.77,2269.31,2268.77,2269.3,0,0,0
2019-12-20 10:26:00-05:00,2269.27,2269.47,2268.66,2268.66,0,0,0
2019-12-20 10:27:00-05:00,2268.69,2269.16,2268.57,2269.16,0,0,0
2019-12-20 10:28:00-05:00,2269.16,2269.18,2268.26,2268.26,0,0,0
2019-12-20 10:29:00-05:00,2268.08,2268.19,2267.98,2268.12,0,0,0
2019-12-20 10:30:00-05:00,2268.13,2268.13,2267.65,2267.91,0,0,0
2019-12-20 10:31:00-05:00,2267.92,2268.16,2267.92,2268.16,0,0,0
2019-12-20 10:32:00-05:00,2268.39,2268.6,2268.39,2268.44,0,0,0
2019-12-20 10:33:00-05:00,2268.37,2268.37,2267.66,2267.74,0,0,0
2019-12-20 10:34:00-05:00,2267.82,2268.78,2267.82,2268.78,0,0,0
2019-12-20 10:35:00-05:00,2269.14,2269.55,2269.14,2269.25,0,0,0
2019-12-20 10:36:00-05:00,2269.25,2269.51,2268.93,2268.93,0,0,0
2019-12-20 10:37:00-05:00,2268.76,2268.76,2268.12,2268.28,0,0,0
2019-12-20 10:38:00-05:00,2268.28,2268.35,2267.86,2267.86,0,0,0
2019-12-20 10:39:00-05:00,2267.8,2267.8,2267.2,2267.2,0,0,0
2019-12-20 10:40:00-05:00,2267.22,2267.22,2267.06,2267.06,0,0,0
2019-12-20 10:41:00-05:00,2266.87,2266.94,2266.85,2266.92,0,0,0
2019-12-20 10:42:00-05:00,2266.92,2266.92,2266.67,2266.74,0,0,0
2019-12-20 10:43:00-05:00,2266.71,2266.86,2266.61,2266.77,0,0,0
2019-12-20 10:44:00-05:00,2266.77,2266.86,2266.72,2266.8,0,0,0
2019-12-20 10:45:00-05:00,2266.76,2266.76,2266.24,2266.27,0,0,0
2019-12-20 10:46:00-05:00,2266.33,2266.56,2266.3,2266.56,0,0,0
2019-12-20 10:47:00-05:00,2266.48,2267.03,2266.48,2267.03,0,0,0
2019-12-20 10:48:00-05:00,2267.06,2267.06,2266.72,2266.72,0,0,0
2019-12-20 10:49:00-05:00,2266.68,2266.93,2266.68,2266.83,0,0,0
2019-12-20 10:50:00-05:00,2266.83,2267.03,2266.83,2266.99,0,0,0
2019-12-20 10:51:00-05:00,2267.02,2267.64,2267.02,2267.64,0,0,0
2019-12-20 10:52:00-05:00,2267.8,2267.8,2267.6,2267.6,0,0,0
2019-12-20 10:53:00-05:00,2267.62,2267.76,2267.61,2267.61,0,0,0
2019-12-20 10:54:00-05:00,2267.65,2267.72,2267.58,2267.58,0,0,0
2019-12-20 10:55:00-05:00,2267.58,2267.69,2267.54,2267.59,0,0,0
2019-12-20 10:56:00-05:00,2267.46,2267.46,2267.29,2267.31,0,0,0
2019-12-20 10:57:00-05:00,2267.44,2267.44,2267.24,2267.24,0,0,0
2019-12-20 10:58:00-05:00,2267.28,2267.3,2266.95,2266.96,0,0,0
2019-12-20 10:59:00-05:00,2266.69,2267.58,2266.65,2267.58,0,0,0
2019-12-20 11:00:00-05:00,2267.62,2268.83,2267.62,2268.82,0,0,0
2019-12-20 11:01:00-05:00,2268.92,2269.25,2268.9,2269.23,0,0,0
2019-12-20 11:02:00-05:00,2269.23,2269.36,2269.23,2269.35,0,0,0
2019-12-20 11:03:00-05:00,2269.26,2269.26,2268.53,2268.56,0,0,0
2019-12-20 11:04:00-05:00,2268.95,2268.99,2268.91,2268.99,0,0,0
2019-12-20 11:05:00-05:00,2268.99,2269.07,2268.98,2269.07,0,0,0
2019-12-20 11:06:00-05:00,2269.14,2269.51,2269.14,2269.37,0,0,0
2019-12-20 11:07:00-05:00,2269.37,2269.37,2269.14,2269.37,0,0,0
2019-12-20 11:08:00-05:00,2269.23,2269.23,2268.45,2268.5,0,0,0
2019-12-20 11:09:00-05:00,2268.48,2269.16,2268.48,2268.99,0,0,0
2019-12-20 11:10:00-05:00,2268.99,2269.08,2268.74,2268.74,0,0,0
2019-12-20 11:11:00-05:00,2268.71,2268.71,2267.57,2267.57,0,0,0
2019-12-20 11:12:00-05:00,2267.49,2267.75,2267.4,2267.75,0,0,0
2019-12-20 11:13:00-05:00,2267.77,2267.77,2267.71,2267.71,0,0,0
2019-12-20 11:14:00-05:00,2267.71,2267.71,2267.53,2267.6,0,0,0
2019-12-20 11:15:00-05:00,2267.57,2267.57,2266.89,2266.89,0,0,0
2019-12-20 11:16:00-05:00,2266.73,2266.73,2266.2,2266.2,0,0,0
2019-12-20 11:17:00-05:00,2266.08,2266.1,2265.77,2265.77,0,0,0
2019-12-20 11:18:00-05:00,2266.12,2266.19,2266.0,2266.11,0,0,0
2019-12-20 11:19:00-05:00,2266.03,2266.46,2266.03,2266.46,0,0,0
2019-12-20 11:20:00-05:00,2266.46,2266.6,2266.46,2266.6,0,0,0
2019-12-20 11:21:00-05:00,2266.6,2268.03,2266.59,2268.03,0,0,0
2019-12-20 11:22:00-05:00,2268.05,2268.25,2268.05,2268.22,0,0,0
2019-12-20 11:23:00-05:00,2268.21,2268.26,2268.14,2268.14,0,0,0
2019-12-20 11:24:00-05:00,2268.16,2268.16,2267.62,2267.75,0,0,0
2019-12-20 11:25:00-05:00,2267.71,2268.12,2267.71,2268.09,0,0,0
2019-12-20 11:26:00-05:00,2268.07,2268.74,2268.07,2268.72,0,0,0
2019-12-20 11:27:00-05:00,2268.77,2268.8,2268.49,2268.49,0,0,0
2019-12-20 11:28:00-05:00,2268.46,2268.61,2268.39,2268.61,0,0,0
2019-12-20 11:29:00-05:00,2268.63,2268.73,2268.47,2268.47,0,0,0
2019-12-20 11:30:00-05:00,2268.48,2270.13,2268.48,2269.82,0,0,0
2019-12-20 11:31:00-05:00,2269.78,2269.78,2269.59,2269.59,0,0,0
2019-12-20 11:32:00-05:00,2269.62,2270.06,2269.53,2270.04,0,0,0
2019-12-20 11:33:00-05:00,2270.28,2270.45,2270.27,2270.27,0,0,0
2019-12-20 11:34:00-05:00,2270.29,2270.29,2269.57,2269.57,0,0,0
2019-12-20 11:35:00-05:00,2269.48,2269.48,2269.12,2269.14,0,0,0
2019-12-20 11:36:00-05:00,2269.1,2269.1,2268.66,2268.79,0,0,0
2019-12-20 11:37:00-05:00,2268.87,2268.87,2267.98,2267.98,0,0,0
2019-12-20 11:38:00-05:00,2267.82,2267.92,2267.8,2267.88,0,0,0
2019-12-20 11:39:00-05:00,2267.88,2267.88,2267.7,2267.73,0,0,0
2019-12-20 11:40:00-05:00,2267.73,2267.74,2267.46,2267.46,0,0,0
2019-12-20 11:41:00-05:00,2267.44,2267.44,2267.17,2267.17,0,0,0
2019-12-20 11:42:00-05:00,2266.93,2267.01,2266.93,2267.01,0,0,0
2019-12-20 11:43:00-05:00,2267.1,2267.34,2266.95,2267.34,0,0,0
2019-12-20 11:44:00-05:00,2267.48,2267.53,2267.3,2267.44,0,0,0
2019-12-20 11:45:00-05:00,2267.58,2267.79,2267.58,2267.79,0,0,0
2019-12-20 11:46:00-05:00,2267.66,2267.74,2267.3,2267.3,0,0,0
2019-12-20 11:47:00-05:00,2267.3,2267.3,2266.93,2266.93,0,0,0
2019-12-20 11:48:00-05:00,2267.09,2267.22,2267.0,2267.22,0,0,0
2019-12-20 11:49:00-05:00,2267.35,2267.73,2267.35,2267.7,0,0,0
2019-12-20 11:50:00-05:00,2267.79,2267.98,2267.79,2267.98,0,0,0
2019-12-20 11:51:00-05:00,2268.0,2268.17,2267.99,2268.1,0,0,0
2019-12-20 11:52:00-05:00,2268.1,2268.65,2268.1,2268.65,0,0,0
2019-12-20 11:53:00-05:00,2268.73,2268.73,2268.31,2268.45,0,0,0
2019-12-20 11:54:00-05:00,2268.45,2268.45,2268.14,2268.22,0,0,0
2019-12-20 11:55:00-05:00,2268.08,2268.08,2267.66,2267.66,0,0,0
2019-12-20 11:56:00-05:00,2267.55,2267.55,2267.13,2267.16,0,0,0
2019-12-20 11:57:00-05:00,2267.16,2267.16,2266.64,2266.64,0,0,0
2019-12-20 11:58:00-05:00,2266.61,2266.61,2266.19,2266.31,0,0,0
2019-12-20 11:59:00-05:00,2266.34,2266.46,2265.89,2265.89,0,0,0
2019-12-20 12:00:00-05:00,2265.89,2265.89,2265.49,2265.49,0,0,0
2019-12-20 12:01:00-05:00,2265.49,2265.49,2265.16,2265.16,0,0,0
2019-12-20 12:02:00-05:00,2265.07,2265.07,2264.65,2264.66,0,0,0
2019-12-20 12:03:00-05:00,2264.66,2264.91,2264.64,2264.91,0,0,0
2019-12-20 12:04:00-05:00,2265.04,2265.31,2265.04,2265.29,0,0,0
2019-12-20 12:05:00-05:00,2265.4,2265.44,2265.17,2265.2,0,0,0
2019-12-20 12:06:00-05:00,2265.2,2265.22,2264.96,2264.98,0,0,0
2019-12-20 12:07:00-05:00,2264.94,2264.95,2264.81,2264.86,0,0,0
2019-12-20 12:08:00-05:00,2264.86,2264.93,2264.7,2264.93,0,0,0
2019-12-20 12:09:00-05:00,2264.97,2265.07,2264.91,2264.92,0,0,0
2019-12-20 12:10:00-05:00,2264.9,2264.9,2264.69,2264.7,0,0,0
2019-12-20 12:11:00-05:00,2264.7,2264.71,2264.22,2264.23,0,0,0
2019-12-20 12:12:00-05:00,2264.23,2264.45,2264.07,2264.45,0,0,0
2019-12-20 12:15:00-05:00,2265.59,2265.79,2265.59,2265.79,0,0,0
2019-12-20 12:16:00-05:00,2265.79,2266.03,2265.67,2265.94,0,0,0
2019-12-20 12:17:00-05:00,2265.85,2265.96,2265.82,2265.87,0,0,0
2019-12-20 12:18:00-05:00,2265.87,2266.02,2265.82,2265.99,0,0,0
2019-12-20 12:19:00-05:00,2266.09,2266.27,2265.76,2265.76,0,0,0
2019-12-20 12:20:00-05:00,2265.76,2265.81,2265.69,2265.74,0,0,0
2019-12-20 12:21:00-05:00,2265.73,2265.76,2265.6,2265.64,0,0,0
2019-12-20 12:22:00-05:00,2265.64,2265.64,2265.33,2265.43,0,0,0
2019-12-20 12:23:00-05:00,2265.41,2265.48,2265.34,2265.38,0,0,0
2019-12-20 12:24:00-05:00,2265.38,2265.38,2265.06,2265.18,0,0,0
2019-12-20 12:25:00-05:00,2265.12,2265.25,2265.02,2265.02,0,0,0
2019-12-20 12:26:00-05:00,2265.02,2265.02,2264.85,2264.87,0,0,0
2019-12-20 12:27:00-05:00,2264.85,2265.02,2264.78,2265.02,0,0,0
2019-12-20 12:28:00-05:00,2265.03,2265.17,2265.01,2265.17,0,0,0
2019-12-20 12:29:00-05:00,2264.97,2265.31,2264.96,2265.31,0,0,0
2019-12-20 12:30:00-05:00,2265.3,2265.47,2265.17,2265.47,0,0,0
2019-12-20 12:31:00-05:00,2265.47,2265.5,2265.33,2265.41,0,0,0
2019-12-20 12:32:00-05:00,2265.41,2265.46,2265.39,2265.39,0,0,0
2019-12-20 12:33:00-05:00,2265.39,2265.5,2265.3,2265.46,0,0,0
2019-12-20 12:34:00-05:00,2265.46,2265.66,2265.44,2265.44,0,0,0
2019-12-20 12:35:00-05:00,2265.42,2265.45,2265.3,2265.38,0,0,0
2019-12-20 12:36:00-05:00,2265.4,2266.01,2265.36,2265.95,0,0,0
2019-12-20 12:37:00-05:00,2265.95,2265.99,2265.44,2265.44,0,0,0
2019-12-20 12:38:00-05:00,2265.4,2265.41,2265.23,2265.31,0,0,0
2019-12-20 12:39:00-05:00,2265.31,2265.36,2265.23,2265.23,0,0,0
2019-12-20 12:40:00-05:00,2265.23,2265.23,2264.9,2264.91,0,0,0
2019-12-20 12:41:00-05:00,2264.91,2264.91,2264.73,2264.88,0,0,0
2019-12-20 12:42:00-05:00,2264.87,2265.14,2264.87,2265.14,0,0,0
2019-12-20 12:43:00-05:00,2265.14,2265.57,2265.14,2265.35,0,0,0
2019-12-20 12:44:00-05:00,2265.25,2265.31,2265.21,2265.31,0,0,0
2019-12-20 12:45:00-05:00,2265.31,2265.41,2265.31,2265.41,0,0,0
2019-12-20 12:46:00-05:00,2265.41,2265.53,2265.28,2265.28,0,0,0
2019-12-20 12:47:00-05:00,2265.28,2265.39,2265.28,2265.38,0,0,0
2019-12-20 12:48:00-05:00,2265.35,2265.35,2264.8,2264.8,0,0,0
2019-12-20 12:49:00-05:00,2264.8,2264.81,2264.61,2264.63,0,0,0
2019-12-20 12:50:00-05:00,2264.63,2264.73,2264.63,2264.64,0,0,0
2019-12-20 12:51:00-05:00,2264.69,2264.72,2264.58,2264.58,0,0,0
2019-12-20 12:52:00-05:00,2264.58,2264.64,2264.53,2264.53,0,0,0
2019-12-20 12:53:00-05:00,2264.53,2264.57,2264.33,2264.35,0,0,0
2019-12-20 12:54:00-05:00,2264.45,2264.66,2264.45,2264.64,0,0,0
2019-12-20 12:55:00-05:00,2264.64,2264.64,2263.99,2263.99,0,0,0
2019-12-20 12:56:00-05:00,2263.99,2263.99,2263.91,2263.94,0,0,0
2019-12-20 12:57:00-05:00,2263.94,2263.97,2263.93,2263.93,0,0,0
2019-12-20 12:58:00-05:00,2263.94,2263.94,2263.8,2263.93,0,0,0
2019-12-20 12:59:00-05:00,2263.9,2263.9,2263.72,2263.76,0,0,0
2019-12-20 13:00:00-05:00,2263.81,2264.32,2263.8,2264.32,0,0,0
2019-12-20 13:01:00-05:00,2264.33,2264.96,2264.24,2264.94,0,0,0
2019-12-20 13:02:00-05:00,2264.94,2265.19,2264.94,2265.14,0,0,0
2019-12-20 13:03:00-05:00,2265.14,2265.15,2265.01,2265.02,0,0,0
2019-12-20 13:04:00-05:00,2265.02,2265.02,2264.78,2264.9,0,0,0
2019-12-20 13:05:00-05:00,2264.87,2264.94,2264.7,2264.72,0,0,0
2019-12-20 13:06:00-05:00,2264.77,2264.79,2264.57,2264.76,0,0,0
2019-12-20 13:07:00-05:00,2264.76,2264.76,2264.61,2264.67,0,0,0
2019-12-20 13:08:00-05:00,2264.67,2264.75,2264.61,2264.75,0,0,0
2019-12-20 13:09:00-05:00,2264.7,2264.86,2264.7,2264.81,0,0,0
2019-12-20 13:10:00-05:00,2264.82,2264.98,2264.68,2264.72,0,0,0
2019-12-20 13:11:00-05:00,2264.72,2264.76,2264.61,2264.66,0,0,0
2019-12-20 13:12:00-05:00,2264.61,2264.61,2264.25,2264.25,0,0,0
2019-12-20 13:13:00-05:00,2264.25,2264.27,2264.07,2264.07,0,0,0
2019-12-20 13:14:00-05:00,2264.12,2264.22,2264.12,2264.22,0,0,0
2019-12-20 13:15:00-05:00,2264.2,2264.21,2264.17,2264.17,0,0,0
2019-12-20 13:16:00-05:00,2264.12,2264.12,2262.94,2262.98,0,0,0
2019-12-20 13:17:00-05:00,2262.87,2263.12,2262.81,2263.11,0,0,0
2019-12-20 13:18:00-05:00,2263.1,2263.1,2262.7,2262.74,0,0,0
2019-12-20 13:19:00-05:00,2262.67,2262.67,2262.2,2262.2,0,0,0
2019-12-20 13:20:00-05:00,2262.18,2262.31,2262.09,2262.16,0,0,0
2019-12-20 13:21:00-05:00,2262.16,2262.69,2262.12,2262.69,0,0,0
2019-12-20 13:22:00-05:00,2262.69,2262.88,2262.66,2262.78,0,0,0
2019-12-20 13:23:00-05:00,2262.78,2262.78,2262.32,2262.32,0,0,0
2019-12-20 13:24:00-05:00,2262.34,2262.34,2261.89,2262.13,0,0,0
2019-12-20 13:25:00-05:00,2262.23,2262.38,2262.23,2262.36,0,0,0
2019-12-20 13:26:00-05:00,2262.36,2262.46,2262.35,2262.46,0,0,0
2019-12-20 13:27:00-05:00,2262.51,2262.85,2262.51,2262.71,0,0,0
2019-12-20 13:28:00-05:00,2262.48,2262.48,2261.72,2261.72,0,0,0
2019-12-20 13:29:00-05:00,2261.72,2261.95,2261.72,2261.93,0,0,0
2019-12-20 13:30:00-05:00,2261.88,2261.88,2261.69,2261.69,0,0,0
2019-12-20 13:31:00-05:00,2261.69,2261.69,2261.55,2261.6,0,0,0
2019-12-20 13:32:00-05:00,2261.68,2261.8,2261.65,2261.65,0,0,0
2019-12-20 13:33:00-05:00,2261.65,2261.66,2261.45,2261.52,0,0,0
2019-12-20 13:34:00-05:00,2261.51,2261.85,2261.51,2261.85,0,0,0
2019-12-20 13:35:00-05:00,2261.85,2261.85,2261.7,2261.71,0,0,0
2019-12-20 13:36:00-05:00,2261.71,2261.79,2261.71,2261.76,0,0,0
2019-12-20 13:37:00-05:00,2261.78,2261.87,2261.78,2261.78,0,0,0
2019-12-20 13:38:00-05:00,2261.83,2262.25,2261.83,2262.25,0,0,0
2019-12-20 13:39:00-05:00,2262.42,2263.05,2262.42,2263.05,0,0,0
2019-12-20 13:40:00-05:00,2263.07,2263.17,2262.98,2263.09,0,0,0
2019-12-20 13:41:00-05:00,2263.14,2263.14,2262.74,2262.74,0,0,0
2019-12-20 13:42:00-05:00,2262.68,2262.68,2261.99,2262.08,0,0,0
2019-12-20 13:43:00-05:00,2262.08,2262.08,2261.92,2261.97,0,0,0
2019-12-20 13:44:00-05:00,2261.97,2261.97,2261.61,2261.61,0,0,0
2019-12-20 13:45:00-05:00,2261.55,2261.55,2261.26,2261.43,0,0,0
2019-12-20 13:46:00-05:00,2261.44,2261.53,2261.43,2261.53,0,0,0
2019-12-20 13:47:00-05:00,2261.66,2261.67,2261.5,2261.5,0,0,0
2019-12-20 13:48:00-05:00,2261.5,2261.5,2261.15,2261.15,0,0,0
2019-12-20 13:49:00-05:00,2261.17,2261.17,2260.83,2260.83,0,0,0
2019-12-20 13:50:00-05:00,2260.83,2260.83,2260.19,2260.19,0,0,0
2019-12-20 13:51:00-05:00,2260.11,2260.19,2259.88,2259.88,0,0,0
2019-12-20 13:52:00-05:00,2259.88,2260.0,2259.86,2259.92,0,0,0
2019-12-20 13:53:00-05:00,2259.89,2259.89,2259.41,2259.41,0,0,0
2019-12-20 13:54:00-05:00,2259.3,2259.41,2259.28,2259.28,0,0,0
2019-12-20 13:55:00-05:00,2259.28,2259.29,2259.26,2259.27,0,0,0
2019-12-20 13:56:00-05:00,2259.18,2259.18,2258.89,2259.04,0,0,0
2019-12-20 13:57:00-05:00,2258.86,2258.87,2258.63,2258.76,0,0,0
2019-12-20 13:58:00-05:00,2258.76,2258.76,2258.61,2258.61,0,0,0
2019-12-20 13:59:00-05:00,2258.6,2258.65,2258.5,2258.6,0,0,0
2019-12-20 14:00:00-05:00,2258.61,2258.84,2258.61,2258.84,0,0,0
2019-12-20 14:01:00-05:00,2258.91,2258.95,2258.39,2258.53,0,0,0
2019-12-20 14:02:00-05:00,2258.53,2258.53,2258.23,2258.5,0,0,0
2019-12-20 14:03:00-05:00,2258.5,2258.5,2258.19,2258.25,0,0,0
2019-12-20 14:04:00-05:00,2258.15,2258.3,2258.13,2258.29,0,0,0
2019-12-20 14:05:00-05:00,2258.29,2258.47,2258.22,2258.46,0,0,0
2019-12-20 14:06:00-05:00,2258.55,2258.77,2258.55,2258.76,0,0,0
2019-12-20 14:07:00-05:00,2258.78,2258.78,2258.43,2258.49,0,0,0
2019-12-20 14:08:00-05:00,2258.46,2258.46,2258.42,2258.42,0,0,0
2019-12-20 14:09:00-05:00,2258.49,2258.53,2258.23,2258.23,0,0,0
2019-12-20 14:10:00-05:00,2258.18,2258.55,2258.18,2258.55,0,0,0
2019-12-20 14:11:00-05:00,2258.6,2258.6,2258.47,2258.51,0,0,0
2019-12-20 14:12:00-05:00,2258.76,2258.76,2258.49,2258.49,0,0,0
2019-12-20 14:13:00-05:00,2258.49,2258.49,2258.11,2258.14,0,0,0
2019-12-20 14:14:00-05:00,2258.14,2258.64,2258.04,2258.64,0,0,0
2019-12-20 14:15:00-05:00,2258.67,2258.68,2258.54,2258.68,0,0,0
2019-12-20 14:16:00-05:00,2258.67,2258.67,2258.46,2258.46,0,0,0
2019-12-20 14:17:00-05:00,2258.46,2258.73,2258.43,2258.69,0,0,0
2019-12-20 14:18:00-05:00,2258.69,2258.84,2258.59,2258.8,0,0,0
2019-12-20 14:19:00-05:00,2258.8,2259.06,2258.8,2259.04,0,0,0
2019-12-20 14:20:00-05:00,2259.04,2259.19,2259.04,2259.19,0,0,0
2019-12-20 14:21:00-05:00,2259.17,2259.44,2259.15,2259.22,0,0,0
2019-12-20 14:22:00-05:00,2259.29,2259.45,2259.27,2259.45,0,0,0
2019-12-20 14:23:00-05:00,2259.47,2259.97,2259.47,2259.97,0,0,0
2019-12-20 14:24:00-05:00,2259.98,2260.03,2259.96,2260.02,0,0,0
2019-12-20 14:25:00-05:00,2260.16,2260.16,2259.96,2259.97,0,0,0
2019-12-20 14:26:00-05:00,2259.97,2260.02,2259.89,2260.02,0,0,0
2019-12-20 14:27:00-05:00,2260.01,2260.15,2260.01,2260.15,0,0,0
2019-12-20 14:28:00-05:00,2260.14,2260.47,2260.14,2260.47,0,0,0
2019-12-20 14:29:00-05:00,2260.41,2260.52,2260.41,2260.42,0,0,0
2019-12-20 14:30:00-05:00,2260.42,2260.66,2260.42,2260.66,0,0,0
2019-12-20 14:31:00-05:00,2260.66,2260.84,2260.49,2260.51,0,0,0
2019-12-20 14:32:00-05:00,2260.5,2260.86,2260.5,2260.86,0,0,0
2019-12-20 14:33:00-05:00,2260.85,2260.93,2260.63,2260.63,0,0,0
2019-12-20 14:34:00-05:00,2260.62,2260.8,2260.59,2260.8,0,0,0
2019-12-20 14:35:00-05:00,2260.8,2260.9,2260.73,2260.73,0,0,0
2019-12-20 14:36:00-05:00,2260.73,2260.73,2260.39,2260.5,0,0,0
2019-12-20 14:37:00-05:00,2260.47,2260.47,2259.87,2259.96,0,0,0
2019-12-20 14:38:00-05:00,2259.92,2259.92,2259.78,2259.78,0,0,0
2019-12-20 14:39:00-05:00,2259.69,2259.72,2259.67,2259.68,0,0,0
2019-12-20 14:40:00-05:00,2259.68,2259.68,2259.64,2259.64,0,0,0
2019-12-20 14:41:00-05:00,2259.69,2259.69,2259.6,2259.6,0,0,0
2019-12-20 14:42:00-05:00,2259.63,2259.63,2259.56,2259.56,0,0,0
2019-12-20 14:43:00-05:00,2259.52,2259.54,2259.45,2259.45,0,0,0
2019-12-20 14:44:00-05:00,2259.45,2259.45,2259.25,2259.28,0,0,0
2019-12-20 14:45:00-05:00,2259.3,2259.63,2259.26,2259.6,0,0,0
2019-12-20 14:46:00-05:00,2259.84,2259.94,2259.84,2259.91,0,0,0
2019-12-20 14:47:00-05:00,2259.91,2260.23,2259.91,2260.23,0,0,0
2019-12-20 14:48:00-05:00,2260.21,2260.26,2260.01,2260.01,0,0,0
2019-12-20 14:49:00-05:00,2259.99,2259.99,2259.84,2259.89,0,0,0
2019-12-20 14:50:00-05:00,2259.94,2260.11,2259.89,2260.11,0,0,0
2019-12-20 14:51:00-05:00,2260.13,2260.39,2260.13,2260.39,0,0,0
2019-12-20 14:52:00-05:00,2260.48,2261.03,2260.42,2260.88,0,0,0
2019-12-20 14:53:00-05:00,2260.98,2261.26,2260.98,2261.18,0,0,0
2019-12-20 14:54:00-05:00,2261.18,2261.18,2261.04,2261.05,0,0,0
2019-12-20 14:55:00-05:00,2261.04,2261.06,2260.97,2261.06,0,0,0
2019-12-20 14:56:00-05:00,2261.06,2261.1,2261.01,2261.06,0,0,0
2019-12-20 14:57:00-05:00,2261.08,2261.09,2261.02,2261.05,0,0,0
2019-12-20 14:58:00-05:00,2261.05,2261.18,2261.0,2261.14,0,0,0
2019-12-20 14:59:00-05:00,2261.1,2261.1,2260.99,2260.99,0,0,0
2019-12-20 15:00:00-05:00,2260.88,2260.88,2260.42,2260.42,0,0,0
2019-12-20 15:01:00-05:00,2260.42,2260.62,2260.42,2260.62,0,0,0
2019-12-20 15:02:00-05:00,2261.04,2261.23,2261.04,2261.22,0,0,0
2019-12-20 15:03:00-05:00,2261.22,2261.22,2261.08,2261.09,0,0,0
2019-12-20 15:04:00-05:00,2261.07,2261.08,2260.95,2261.0,0,0,0
2019-12-20 15:05:00-05:00,2261.05,2261.49,2261.05,2261.49,0,0,0
2019-12-20 15:06:00-05:00,2261.45,2261.46,2261.44,2261.45,0,0,0
2019-12-20 15:07:00-05:00,2261.45,2261.59,2261.4,2261.59,0,0,0
2019-12-20 15:08:00-05:00,2261.56,2261.76,2261.51,2261.76,0,0,0
2019-12-20 15:09:00-05:00,2261.77,2261.84,2261.68,2261.84,0,0,0
2019-12-20 15:10:00-05:00,2261.84,2261.95,2261.79,2261.95,0,0,0
2019-12-20 15:11:00-05:00,2261.95,2261.95,2261.83,2261.83,0,0,0
2019-12-20 15:12:00-05:00,2261.83,2261.83,2261.6,2261.62,0,0,0
2019-12-20 15:13:00-05:00,2261.62,2261.77,2261.52,2261.52,0,0,0
2019-12-20 15:14:00-05:00,2261.52,2261.73,2261.52,2261.71,0,0,0
2019-12-20 15:15:00-05:00,2261.74,2261.76,2261.47,2261.47,0,0,0
2019-12-20 15:16:00-05:00,2261.47,2261.62,2261.47,2261.57,0,0,0
2019-12-20 15:17:00-05:00,2261.57,2261.57,2261.41,2261.42,0,0,0
2019-12-20 15:18:00-05:00,2261.4,2261.4,2260.99,2261.04,0,0,0
2019-12-20 15:19:00-05:00,2260.97,2261.17,2260.97,2261.09,0,0,0
2019-12-20 15:20:00-05:00,2261.09,2261.7,2261.09,2261.27,0,0,0
2019-12-20 15:21:00-05:00,2261.23,2261.23,2261.15,2261.22,0,0,0
2019-12-20 15:22:00-05:00,2261.21,2261.31,2260.66,2260.66,0,0,0
2019-12-20 15:23:00-05:00,2260.64,2261.02,2260.64,2260.95,0,0,0
2019-12-20 15:24:00-05:00,2260.91,2260.91,2260.58,2260.63,0,0,0
2019-12-20 15:25:00-05:00,2260.61,2260.64,2260.46,2260.57,0,0,0
2019-12-20 15:26:00-05:00,2260.68,2260.72,2260.62,2260.69,0,0,0
2019-12-20 15:27:00-05:00,2260.69,2260.82,2260.58,2260.6,0,0,0
2019-12-20 15:28:00-05:00,2260.58,2260.68,2260.56,2260.59,0,0,0
2019-12-20 15:29:00-05:00,2260.59,2261.06,2260.59,2261.06,0,0,0
2019-12-20 15:30:00-05:00,2261.2,2262.16,2261.2,2262.07,0,0,0
2019-12-20 15:31:00-05:00,2261.97,2261.97,2261.57,2261.62,0,0,0
2019-12-20 15:32:00-05:00,2261.61,2262.32,2261.61,2262.32,0,0,0
2019-12-20 15:33:00-05:00,2262.28,2262.28,2261.98,2261.98,0,0,0
2019-12-20 15:34:00-05:00,2261.97,2261.97,2261.81,2261.84,0,0,0
2019-12-20 15:35:00-05:00,2261.84,2262.29,2261.8,2262.29,0,0,0
2019-12-20 15:36:00-05:00,2262.36,2262.56,2262.22,2262.56,0,0,0
2019-12-20 15:37:00-05:00,2262.57,2262.69,2261.82,2261.82,0,0,0
2019-12-20 15:38:00-05:00,2261.75,2261.78,2261.25,2261.27,0,0,0
2019-12-20 15:39:00-05:00,2261.26,2261.43,2261.09,2261.36,0,0,0
2019-12-20 15:40:00-05:00,2261.36,2261.36,2260.33,2260.33,0,0,0
2019-12-20 15:41:00-05:00,2260.25,2260.25,2259.84,2259.92,0,0,0
2019-12-20 15:42:00-05:00,2259.92,2260.16,2259.81,2260.0,0,0,0
2019-12-20 15:43:00-05:00,2259.99,2259.99,2259.52,2259.52,0,0,0
2019-12-20 15:44:00-05:00,2259.54,2259.54,2258.22,2258.22,0,0,0
2019-12-20 15:45:00-05:00,2258.31,2258.99,2258.31,2258.82,0,0,0
2019-12-20 15:46:00-05:00,2258.7,2259.29,2258.7,2259.22,0,0,0
2019-12-20 15:47:00-05:00,2259.22,2259.22,2258.92,2258.99,0,0,0
2019-12-20 15:48:00-05:00,2258.98,2259.23,2258.85,2258.87,0,0,0
2019-12-20 15:49:00-05:00,2258.83,2259.23,2258.78,2259.23,0,0,0
2019-12-20 15:50:00-05:00,2260.08,2260.08,2258.68,2258.69,0,0,0
2019-12-20 15:51:00-05:00,2258.82,2258.92,2258.38,2258.38,0,0,0
2019-12-20 15:52:00-05:00,2258.3,2258.77,2258.29,2258.45,0,0,0
2019-12-20 15:53:00-05:00,2258.41,2258.41,2258.04,2258.37,0,0,0
2019-12-20 15:54:00-05:00,2258.65,2259.63,2258.63,2258.84,0,0,0
2019-12-20 15:55:00-05:00,2259.0,2260.66,2258.71,2260.66,0,0,0
2019-12-20 15:56:00-05:00,2260.73,2261.22,2260.22,2260.61,0,0,0
2019-12-20 15:57:00-05:00,2260.73,2260.89,2260.34,2260.39,0,0,0
2019-12-20 15:58:00-05:00,2260.41,2260.41,2259.53,2259.62,0,0,0
2019-12-20 15:59:00-05:00,2259.72,2259.72,2257.5,2257.53,0,0,0
2019-12-23 09:30:00-05:00,2261.46,2261.46,2261.1,2261.21,0,0,0
2019-12-23 09:31:00-05:00,2260.65,2260.65,2259.98,2260.07,0,0,0
2019-12-23 09:32:00-05:00,2260.08,2260.08,2257.98,2258.39,0,0,0
2019-12-23 09:33:00-05:00,2258.32,2258.32,2256.54,2256.54,0,0,0
2019-12-23 09:34:00-05:00,2256.51,2257.22,2255.98,2257.01,0,0,0
2019-12-23 09:35:00-05:00,2255.64,2255.64,2253.86,2253.97,0,0,0
2019-12-23 09:36:00-05:00,2254.0,2254.0,2252.41,2252.57,0,0,0
2019-12-23 09:37:00-05:00,2252.49,2252.63,2251.95,2252.63,0,0,0
2019-12-23 09:38:00-05:00,2252.7,2252.7,2251.38,2251.38,0,0,0
2019-12-23 09:39:00-05:00,2251.35,2251.51,2250.76,2250.76,0,0,0
2019-12-23 09:40:00-05:00,2250.87,2250.97,2250.37,2250.97,0,0,0
2019-12-23 09:41:00-05:00,2250.97,2252.4,2250.97,2252.4,0,0,0
2019-12-23 09:42:00-05:00,2252.32,2253.97,2252.32,2253.62,0,0,0
2019-12-23 09:43:00-05:00,2253.72,2253.74,2252.55,2252.55,0,0,0
2019-12-23 09:44:00-05:00,2252.46,2252.46,2251.01,2251.01,0,0,0
2019-12-23 09:45:00-05:00,2250.59,2250.59,2249.63,2249.92,0,0,0
2019-12-23 09:46:00-05:00,2249.94,2251.21,2249.94,2251.21,0,0,0
2019-12-23 09:47:00-05:00,2251.97,2252.19,2251.94,2251.94,0,0,0
2019-12-23 09:48:00-05:00,2251.95,2252.1,2251.73,2251.73,0,0,0
2019-12-23 09:49:00-05:00,2251.73,2251.73,2251.07,2251.07,0,0,0
2019-12-23 09:50:00-05:00,2251.09,2251.39,2250.9,2251.39,0,0,0
2019-12-23 09:51:00-05:00,2251.36,2251.36,2250.79,2250.79,0,0,0
2019-12-23 09:52:00-05:00,2250.79,2250.79,2250.33,2250.48,0,0,0
2019-12-23 09:53:00-05:00,2250.43,2250.43,2249.73,2249.73,0,0,0
2019-12-23 09:54:00-05:00,2249.61,2249.61,2249.11,2249.11,0,0,0
2019-12-23 09:55:00-05:00,2249.1,2249.18,2249.0,2249.18,0,0,0
2019-12-23 09:56:00-05:00,2249.31,2249.31,2248.94,2249.2,0,0,0
2019-12-23 09:57:00-05:00,2249.0,2249.23,2248.88,2248.88,0,0,0
2019-12-23 09:58:00-05:00,2248.86,2248.88,2248.23,2248.26,0,0,0
2019-12-23 09:59:00-05:00,2248.41,2249.32,2248.41,2249.32,0,0,0
2019-12-23 10:00:00-05:00,2249.19,2249.19,2248.63,2248.96,0,0,0
2019-12-23 10:01:00-05:00,2248.95,2249.5,2248.95,2249.5,0,0,0
2019-12-23 10:02:00-05:00,2249.35,2249.35,2249.0,2249.0,0,0,0
2019-12-23 10:03:00-05:00,2249.0,2249.05,2248.58,2248.84,0,0,0
2019-12-23 10:04:00-05:00,2248.84,2249.41,2248.84,2249.19,0,0,0
2019-12-23 10:05:00-05:00,2249.19,2249.46,2249.08,2249.19,0,0,0
2019-12-23 10:06:00-05:00,2249.12,2249.36,2248.94,2249.36,0,0,0
2019-12-23 10:07:00-05:00,2249.16,2249.2,2248.11,2248.12,0,0,0
2019-12-23 10:08:00-05:00,2248.12,2248.12,2247.1,2247.1,0,0,0
2019-12-23 10:09:00-05:00,2247.08,2247.31,2246.87,2247.19,0,0,0
2019-12-23 10:10:00-05:00,2247.24,2248.12,2247.01,2248.12,0,0,0
2019-12-23 10:11:00-05:00,2248.12,2248.22,2248.02,2248.22,0,0,0
2019-12-23 10:12:00-05:00,2248.25,2249.35,2248.25,2249.35,0,0,0
2019-12-23 10:13:00-05:00,2249.38,2249.51,2249.01,2249.04,0,0,0
2019-12-23 10:14:00-05:00,2248.79,2248.79,2248.33,2248.47,0,0,0
2019-12-23 10:15:00-05:00,2248.39,2248.77,2248.38,2248.77,0,0,0
2019-12-23 10:16:00-05:00,2248.74,2248.97,2247.76,2247.76,0,0,0
2019-12-23 10:17:00-05:00,2247.76,2247.76,2247.31,2247.63,0,0,0
2019-12-23 10:18:00-05:00,2247.63,2248.12,2247.48,2248.12,0,0,0
2019-12-23 10:19:00-05:00,2248.2,2249.18,2248.2,2249.18,0,0,0
2019-12-23 10:20:00-05:00,2249.18,2249.31,2249.07,2249.23,0,0,0
2019-12-23 10:21:00-05:00,2249.23,2250.16,2249.23,2250.0,0,0,0
2019-12-23 10:22:00-05:00,2249.96,2250.01,2248.82,2248.82,0,0,0
2019-12-23 10:23:00-05:00,2248.81,2249.06,2248.8,2249.06,0,0,0
2019-12-23 10:24:00-05:00,2249.06,2249.4,2249.06,2249.4,0,0,0
2019-12-23 10:25:00-05:00,2249.47,2249.73,2249.25,2249.29,0,0,0
2019-12-23 10:26:00-05:00,2249.28,2249.42,2249.12,2249.28,0,0,0
2019-12-23 10:27:00-05:00,2249.32,2249.44,2249.04,2249.44,0,0,0
2019-12-23 10:28:00-05:00,2249.42,2250.1,2249.42,2250.09,0,0,0
2019-12-23 10:29:00-05:00,2250.14,2250.14,2249.53,2249.53,0,0,0
2019-12-23 10:30:00-05:00,2249.44,2249.54,2249.05,2249.05,0,0,0
2019-12-23 10:31:00-05:00,2249.0,2249.01,2248.73,2248.73,0,0,0
2019-12-23 10:32:00-05:00,2248.23,2248.32,2248.08,2248.12,0,0,0
2019-12-23 10:33:00-05:00,2247.99,2248.01,2247.77,2247.77,0,0,0
2019-12-23 10:34:00-05:00,2247.76,2247.87,2247.71,2247.87,0,0,0
2019-12-23 10:35:00-05:00,2247.89,2247.99,2246.58,2246.58,0,0,0
2019-12-23 10:36:00-05:00,2246.53,2246.53,2246.28,2246.3,0,0,0
2019-12-23 10:37:00-05:00,2245.95,2246.07,2245.91,2246.07,0,0,0
2019-12-23 10:38:00-05:00,2246.11,2246.58,2246.11,2246.58,0,0,0
2019-12-23 10:39:00-05:00,2246.6,2246.7,2246.51,2246.66,0,0,0
2019-12-23 10:40:00-05:00,2246.66,2247.18,2246.66,2247.18,0,0,0
2019-12-23 10:41:00-05:00,2247.18,2247.48,2247.18,2247.36,0,0,0
2019-12-23 10:42:00-05:00,2247.41,2247.68,2247.41,2247.67,0,0,0
2019-12-23 10:43:00-05:00,2247.69,2248.06,2247.66,2248.06,0,0,0
2019-12-23 10:44:00-05:00,2248.06,2248.11,2248.0,2248.11,0,0,0
2019-12-23 10:45:00-05:00,2247.96,2247.96,2246.73,2246.73,0,0,0
2019-12-23 10:46:00-05:00,2246.49,2246.49,2246.07,2246.07,0,0,0
2019-12-23 10:47:00-05:00,2245.92,2246.08,2245.81,2245.99,0,0,0
2019-12-23 10:48:00-05:00,2245.81,2245.81,2245.19,2245.19,0,0,0
2019-12-23 10:49:00-05:00,2245.21,2245.25,2245.2,2245.25,0,0,0
2019-12-23 10:50:00-05:00,2245.25,2245.32,2244.77,2245.05,0,0,0
2019-12-23 10:51:00-05:00,2245.03,2245.29,2245.03,2245.29,0,0,0
2019-12-23 10:52:00-05:00,2245.29,2245.29,2244.38,2244.38,0,0,0
2019-12-23 10:53:00-05:00,2244.38,2244.38,2243.05,2243.1,0,0,0
2019-12-23 10:54:00-05:00,2242.83,2242.87,2242.17,2242.17,0,0,0
2019-12-23 10:55:00-05:00,2242.17,2242.17,2242.06,2242.06,0,0,0
2019-12-23 10:56:00-05:00,2242.06,2242.06,2241.46,2241.46,0,0,0
2019-12-23 10:57:00-05:00,2241.42,2242.01,2241.42,2241.85,0,0,0
2019-12-23 10:58:00-05:00,2241.85,2241.85,2241.7,2241.7,0,0,0
2019-12-23 10:59:00-05:00,2241.7,2241.9,2241.4,2241.9,0,0,0
2019-12-23 11:00:00-05:00,2241.95,2242.6,2241.95,2242.6,0,0,0
2019-12-23 11:01:00-05:00,2242.69,2243.01,2242.69,2243.0,0,0,0
2019-12-23 11:02:00-05:00,2243.0,2243.0,2242.62,2242.69,0,0,0
2019-12-23 11:03:00-05:00,2242.89,2243.57,2242.89,2243.57,0,0,0
2019-12-23 11:04:00-05:00,2243.57,2243.57,2242.97,2242.98,0,0,0
2019-12-23 11:05:00-05:00,2242.97,2242.97,2242.62,2242.62,0,0,0
2019-12-23 11:06:00-05:00,2242.7,2242.97,2242.7,2242.97,0,0,0
2019-12-23 11:07:00-05:00,2242.89,2242.89,2242.89,2242.89,0,0,0
2019-12-23 11:08:00-05:00,2242.72,2242.84,2242.69,2242.71,0,0,0
2019-12-23 11:09:00-05:00,2242.75,2242.75,2242.45,2242.65,0,0,0
2019-12-23 11:10:00-05:00,2242.65,2242.68,2242.55,2242.55,0,0,0
2019-12-23 11:11:00-05:00,2242.55,2242.67,2242.53,2242.67,0,0,0
2019-12-23 11:12:00-05:00,2242.7,2242.77,2242.65,2242.68,0,0,0
2019-12-23 11:13:00-05:00,2242.57,2242.57,2242.04,2242.12,0,0,0
2019-12-23 11:14:00-05:00,2242.12,2242.33,2241.99,2242.33,0,0,0
2019-12-23 11:15:00-05:00,2242.31,2242.32,2242.26,2242.29,0,0,0
2019-12-23 11:16:00-05:00,2242.29,2242.29,2242.15,2242.15,0,0,0
2019-12-23 11:17:00-05:00,2242.07,2242.07,2241.64,2241.64,0,0,0
2019-12-23 11:18:00-05:00,2241.72,2242.14,2241.72,2242.14,0,0,0
2019-12-23 11:19:00-05:00,2241.98,2241.99,2241.78,2241.78,0,0,0
2019-12-23 11:20:00-05:00,2241.93,2241.97,2241.59,2241.59,0,0,0
2019-12-23 11:21:00-05:00,2241.41,2241.71,2241.41,2241.71,0,0,0
2019-12-23 11:22:00-05:00,2241.71,2242.11,2241.71,2241.98,0,0,0
2019-12-23 11:23:00-05:00,2241.98,2242.02,2241.84,2241.84,0,0,0
2019-12-23 11:24:00-05:00,2241.79,2241.79,2241.07,2241.07,0,0,0
2019-12-23 11:25:00-05:00,2241.07,2241.07,2240.79,2240.79,0,0,0
2019-12-23 11:26:00-05:00,2240.79,2240.94,2240.79,2240.91,0,0,0
2019-12-23 11:27:00-05:00,2240.84,2241.16,2240.77,2241.16,0,0,0
2019-12-23 11:28:00-05:00,2241.16,2241.48,2241.16,2241.44,0,0,0
2019-12-23 11:29:00-05:00,2241.42,2241.42,2240.71,2240.71,0,0,0
2019-12-23 11:30:00-05:00,2240.94,2240.98,2240.92,2240.93,0,0,0
2019-12-23 11:31:00-05:00,2241.02,2241.23,2241.02,2241.23,0,0,0
2019-12-23 11:32:00-05:00,2240.47,2240.51,2240.47,2240.51,0,0,0
2019-12-23 11:33:00-05:00,2240.51,2240.51,2239.94,2239.94,0,0,0
2019-12-23 11:36:00-05:00,2239.96,2240.06,2239.87,2239.95,0,0,0
2019-12-23 11:37:00-05:00,2239.92,2239.92,2239.56,2239.58,0,0,0
2019-12-23 11:38:00-05:00,2239.55,2239.76,2238.21,2238.31,0,0,0
2019-12-23 11:39:00-05:00,2238.33,2238.33,2237.22,2237.28,0,0,0
2019-12-23 11:40:00-05:00,2236.84,2236.84,2236.02,2236.02,0,0,0
2019-12-23 11:41:00-05:00,2236.02,2236.03,2234.85,2235.06,0,0,0
2019-12-23 11:42:00-05:00,2235.06,2235.06,2234.87,2235.03,0,0,0
2019-12-23 11:43:00-05:00,2235.03,2235.3,2234.91,2235.3,0,0,0
2019-12-23 11:44:00-05:00,2235.56,2235.61,2235.35,2235.36,0,0,0
2019-12-23 11:45:00-05:00,2235.41,2236.07,2235.41,2236.07,0,0,0
2019-12-23 11:46:00-05:00,2236.07,2236.16,2236.06,2236.09,0,0,0
2019-12-23 11:47:00-05:00,2235.84,2236.26,2235.81,2236.25,0,0,0
2019-12-23 11:48:00-05:00,2236.3,2236.43,2236.24,2236.43,0,0,0
2019-12-23 11:49:00-05:00,2236.46,2236.52,2236.23,2236.23,0,0,0
2019-12-23 11:50:00-05:00,2236.1,2236.2,2236.06,2236.15,0,0,0
2019-12-23 11:51:00-05:00,2236.14,2236.14,2235.79,2235.79,0,0,0
2019-12-23 11:52:00-05:00,2235.79,2235.93,2235.79,2235.88,0,0,0
2019-12-23 11:53:00-05:00,2235.56,2235.56,2235.25,2235.32,0,0,0
2019-12-23 11:54:00-05:00,2235.36,2235.79,2235.36,2235.76,0,0,0
2019-12-23 11:55:00-05:00,2235.76,2235.79,2235.7,2235.7,0,0,0
2019-12-23 11:56:00-05:00,2235.84,2236.04,2235.84,2235.96,0,0,0
2019-12-23 11:57:00-05:00,2235.89,2236.1,2235.81,2236.08,0,0,0
2019-12-23 11:58:00-05:00,2235.99,2235.99,2235.81,2235.81,0,0,0
2019-12-23 12:01:00-05:00,2234.98,2234.98,2234.82,2234.86,0,0,0
2019-12-23 12:02:00-05:00,2234.86,2235.22,2234.82,2235.14,0,0,0
2019-12-23 12:03:00-05:00,2235.11,2235.27,2235.11,2235.2,0,0,0
2019-12-23 12:04:00-05:00,2235.2,2235.81,2235.2,2235.66,0,0,0
2019-12-23 12:05:00-05:00,2235.84,2235.98,2235.81,2235.82,0,0,0
2019-12-23 12:06:00-05:00,2235.82,2235.82,2235.5,2235.59,0,0,0
2019-12-23 12:07:00-05:00,2235.59,2235.62,2235.59,2235.61,0,0,0
2019-12-23 12:08:00-05:00,2235.61,2235.61,2235.33,2235.33,0,0,0
2019-12-23 12:09:00-05:00,2235.33,2235.33,2235.08,2235.08,0,0,0
2019-12-23 12:10:00-05:00,2235.08,2235.26,2234.98,2235.26,0,0,0
2019-12-23 12:11:00-05:00,2235.27,2235.27,2235.1,2235.1,0,0,0
2019-12-23 12:12:00-05:00,2235.1,2235.1,2234.07,2234.26,0,0,0
2019-12-23 12:13:00-05:00,2234.26,2234.54,2234.26,2234.35,0,0,0
2019-12-23 12:14:00-05:00,2234.35,2234.95,2234.35,2234.77,0,0,0
2019-12-23 12:15:00-05:00,2234.77,2234.99,2234.77,2234.85,0,0,0
2019-12-23 12:16:00-05:00,2234.83,2234.92,2234.7,2234.7,0,0,0
2019-12-23 12:17:00-05:00,2234.63,2234.71,2233.82,2233.82,0,0,0
2019-12-23 12:18:00-05:00,2233.82,2233.82,2233.48,2233.51,0,0,0
2019-12-23 12:19:00-05:00,2233.51,2233.75,2233.51,2233.65,0,0,0
2019-12-23 12:20:00-05:00,2233.65,2233.65,2232.8,2232.82,0,0,0
2019-12-23 12:21:00-05:00,2232.75,2232.75,2232.58,2232.58,0,0,0
2019-12-23 12:22:00-05:00,2232.58,2232.58,2232.35,2232.54,0,0,0
2019-12-23 12:23:00-05:00,2232.49,2232.54,2232.13,2232.14,0,0,0
2019-12-23 12:24:00-05:00,2232.14,2232.31,2232.07,2232.07,0,0,0
2019-12-23 12:25:00-05:00,2232.07,2232.07,2231.67,2231.67,0,0,0
2019-12-23 12:26:00-05:00,2231.69,2231.76,2231.53,2231.61,0,0,0
2019-12-23 12:27:00-05:00,2231.69,2231.89,2231.6,2231.89,0,0,0
2019-12-23 12:28:00-05:00,2231.92,2231.98,2231.91,2231.91,0,0,0
2019-12-23 12:29:00-05:00,2231.91,2231.91,2231.58,2231.68,0,0,0
2019-12-23 12:30:00-05:00,2231.68,2231.78,2231.56,2231.7,0,0,0
2019-12-23 12:31:00-05:00,2231.62,2231.62,2231.23,2231.27,0,0,0
2019-12-23 12:32:00-05:00,2231.27,2231.4,2231.27,2231.38,0,0,0
2019-12-23 12:33:00-05:00,2231.38,2231.39,2231.24,2231.26,0,0,0
2019-12-23 12:34:00-05:00,2231.25,2231.3,2231.24,2231.29,0,0,0
2019-12-23 12:35:00-05:00,2231.29,2232.28,2231.29,2232.28,0,0,0
2019-12-23 12:36:00-05:00,2232.28,2232.97,2232.28,2232.96,0,0,0
2019-12-23 12:37:00-05:00,2232.96,2233.19,2232.92,2232.92,0,0,0
2019-12-23 12:38:00-05:00,2232.94,2232.94,2232.89,2232.92,0,0,0
2019-12-23 12:39:00-05:00,2232.94,2233.41,2232.94,2233.4,0,0,0
2019-12-23 12:40:00-05:00,2233.39,2233.63,2233.39,2233.49,0,0,0
2019-12-23 12:41:00-05:00,2233.49,2234.06,2233.47,2234.06,0,0,0
2019-12-23 12:42:00-05:00,2234.06,2234.16,2233.96,2234.16,0,0,0
2019-12-23 12:43:00-05:00,2234.16,2234.2,2234.15,2234.15,0,0,0
2019-12-23 12:44:00-05:00,2234.15,2234.15,2233.83,2233.83,0,0,0
2019-12-23 12:45:00-05:00,2233.83,2233.97,2233.62,2233.96,0,0,0
2019-12-23 12:46:00-05:00,2233.96,2234.01,2233.9,2234.01,0,0,0
2019-12-23 12:47:00-05:00,2234.01,2234.1,2233.92,2233.97,0,0,0
2019-12-23 12:48:00-05:00,2234.02,2234.02,2233.83,2233.89,0,0,0
2019-12-23 12:49:00-05:00,2233.89,2233.89,2233.59,2233.68,0,0,0
2019-12-23 12:50:00-05:00,2233.68,2233.68,2233.52,2233.61,0,0,0
2019-12-23 12:51:00-05:00,2233.61,2233.61,2232.73,2232.73,0,0,0
2019-12-23 12:52:00-05:00,2232.78,2232.89,2232.69,2232.89,0,0,0
2019-12-23 12:53:00-05:00,2232.94,2233.0,2232.94,2233.0,0,0,0
2019-12-23 12:54:00-05:00,2233.0,2233.02,2232.92,2233.0,0,0,0
2019-12-23 12:55:00-05:00,2233.0,2233.23,2233.0,2233.23,0,0,0
2019-12-23 12:56:00-05:00,2233.23,2233.67,2233.23,2233.67,0,0,0
2019-12-23 12:57:00-05:00,2233.67,2233.86,2233.67,2233.85,0,0,0
2019-12-23 12:58:00-05:00,2233.85,2234.04,2233.73,2234.04,0,0,0
2019-12-23 12:59:00-05:00,2234.13,2234.3,2234.13,2234.3,0,0,0
2019-12-23 13:00:00-05:00,2234.3,2234.64,2234.3,2234.64,0,0,0
2019-12-23 13:01:00-05:00,2234.75,2235.74,2234.75,2235.74,0,0,0
2019-12-23 13:02:00-05:00,2235.74,2236.09,2235.74,2236.09,0,0,0
2019-12-23 13:03:00-05:00,2236.15,2236.16,2236.01,2236.01,0,0,0
2019-12-23 13:04:00-05:00,2236.0,2236.0,2235.83,2235.83,0,0,0
2019-12-23 13:05:00-05:00,2235.83,2235.83,2235.7,2235.7,0,0,0
2019-12-23 13:06:00-05:00,2235.7,2235.96,2235.7,2235.96,0,0,0
2019-12-23 13:07:00-05:00,2235.99,2236.46,2235.98,2236.46,0,0,0
2019-12-23 13:08:00-05:00,2236.51,2236.66,2236.51,2236.59,0,0,0
2019-12-23 13:09:00-05:00,2236.59,2236.72,2236.59,2236.72,0,0,0
2019-12-23 13:10:00-05:00,2236.77,2236.87,2236.69,2236.69,0,0,0
2019-12-23 13:11:00-05:00,2236.69,2236.91,2236.69,2236.91,0,0,0
2019-12-23 13:12:00-05:00,2236.91,2237.31,2236.91,2237.3,0,0,0
2019-12-23 13:13:00-05:00,2237.27,2237.43,2237.27,2237.43,0,0,0
2019-12-23 13:14:00-05:00,2237.43,2237.68,2237.43,2237.63,0,0,0
2019-12-23 13:15:00-05:00,2237.63,2237.66,2237.13,2237.13,0,0,0
2019-12-23 13:16:00-05:00,2237.13,2237.4,2237.13,2237.3,0,0,0
2019-12-23 13:17:00-05:00,2237.1,2237.11,2237.03,2237.11,0,0,0
2019-12-23 13:18:00-05:00,2237.1,2237.1,2236.93,2236.94,0,0,0
2019-12-23 13:19:00-05:00,2236.94,2237.21,2236.93,2237.0,0,0,0
2019-12-23 13:20:00-05:00,2237.02,2237.11,2236.92,2237.11,0,0,0
2019-12-23 13:21:00-05:00,2237.11,2237.38,2237.1,2237.38,0,0,0
2019-12-23 13:22:00-05:00,2237.38,2237.39,2237.24,2237.36,0,0,0
2019-12-23 13:23:00-05:00,2237.36,2237.56,2237.36,2237.36,0,0,0
2019-12-23 13:24:00-05:00,2237.36,2237.36,2237.21,2237.25,0,0,0
2019-12-23 13:25:00-05:00,2237.25,2237.43,2237.19,2237.28,0,0,0
2019-12-23 13:26:00-05:00,2237.34,2237.44,2237.34,2237.44,0,0,0
2019-12-23 13:27:00-05:00,2237.44,2237.86,2237.44,2237.86,0,0,0
2019-12-23 13:28:00-05:00,2237.98,2238.4,2237.98,2238.35,0,0,0
2019-12-23 13:29:00-05:00,2238.3,2238.33,2238.19,2238.23,0,0,0
2019-12-23 13:30:00-05:00,2238.23,2238.33,2238.14,2238.23,0,0,0
2019-12-23 13:31:00-05:00,2238.23,2238.24,2237.89,2238.11,0,0,0
2019-12-23 13:32:00-05:00,2238.11,2238.11,2238.04,2238.1,0,0,0
2019-12-23 13:33:00-05:00,2238.03,2238.03,2237.78,2237.78,0,0,0
2019-12-23 13:34:00-05:00,2237.77,2237.97,2237.77,2237.96,0,0,0
2019-12-23 13:35:00-05:00,2237.96,2237.96,2237.21,2237.21,0,0,0
2019-12-23 13:36:00-05:00,2237.16,2237.21,2236.68,2236.68,0,0,0
2019-12-23 13:37:00-05:00,2236.72,2236.76,2236.66,2236.66,0,0,0
2019-12-23 13:38:00-05:00,2236.65,2236.65,2236.54,2236.54,0,0,0
2019-12-23 13:39:00-05:00,2236.51,2236.53,2236.46,2236.51,0,0,0
2019-12-23 13:40:00-05:00,2236.51,2236.51,2236.13,2236.13,0,0,0
2019-12-23 13:41:00-05:00,2236.13,2236.13,2236.04,2236.07,0,0,0
2019-12-23 13:42:00-05:00,2236.07,2236.07,2235.77,2235.77,0,0,0
2019-12-23 13:43:00-05:00,2235.79,2235.79,2235.64,2235.74,0,0,0
2019-12-23 13:44:00-05:00,2235.74,2235.77,2235.73,2235.73,0,0,0
2019-12-23 13:45:00-05:00,2235.71,2235.86,2235.65,2235.86,0,0,0
2019-12-23 13:46:00-05:00,2235.94,2236.93,2235.94,2236.89,0,0,0
2019-12-23 13:47:00-05:00,2236.89,2237.13,2236.84,2237.13,0,0,0
2019-12-23 13:48:00-05:00,2237.13,2237.35,2237.13,2237.31,0,0,0
2019-12-23 13:49:00-05:00,2237.31,2237.52,2237.22,2237.52,0,0,0
2019-12-23 13:50:00-05:00,2237.52,2237.56,2237.41,2237.55,0,0,0
2019-12-23 13:51:00-05:00,2237.54,2237.54,2237.47,2237.47,0,0,0
2019-12-23 13:52:00-05:00,2237.47,2237.8,2237.44,2237.8,0,0,0
2019-12-23 13:53:00-05:00,2237.82,2237.9,2237.79,2237.82,0,0,0
2019-12-23 13:54:00-05:00,2237.83,2237.85,2237.8,2237.8,0,0,0
2019-12-23 13:55:00-05:00,2237.8,2237.89,2237.8,2237.87,0,0,0
2019-12-23 13:56:00-05:00,2237.83,2238.09,2237.83,2238.07,0,0,0
2019-12-23 13:57:00-05:00,2238.07,2238.3,2238.07,2238.3,0,0,0
2019-12-23 13:58:00-05:00,2238.3,2238.49,2238.3,2238.48,0,0,0
2019-12-23 13:59:00-05:00,2238.48,2238.93,2238.48,2238.93,0,0,0
2019-12-23 14:00:00-05:00,2239.13,2239.54,2239.13,2239.5,0,0,0
2019-12-23 14:01:00-05:00,2239.6,2239.84,2239.6,2239.84,0,0,0
2019-12-23 14:02:00-05:00,2239.75,2239.87,2239.59,2239.87,0,0,0
2019-12-23 14:03:00-05:00,2239.84,2239.89,2239.58,2239.58,0,0,0
2019-12-23 14:04:00-05:00,2239.58,2239.64,2239.58,2239.64,0,0,0
2019-12-23 14:05:00-05:00,2239.64,2239.82,2239.64,2239.81,0,0,0
2019-12-23 14:06:00-05:00,2239.82,2239.82,2239.61,2239.64,0,0,0
2019-12-23 14:07:00-05:00,2239.64,2239.64,2239.51,2239.51,0,0,0
2019-12-23 14:08:00-05:00,2239.43,2239.43,2239.14,2239.14,0,0,0
2019-12-23 14:09:00-05:00,2239.14,2239.14,2238.88,2238.88,0,0,0
2019-12-23 14:10:00-05:00,2239.0,2239.0,2238.91,2238.92,0,0,0
2019-12-23 14:11:00-05:00,2238.92,2239.14,2238.92,2239.14,0,0,0
2019-12-23 14:12:00-05:00,2239.2,2239.86,2239.2,2239.86,0,0,0
2019-12-23 14:13:00-05:00,2239.86,2239.95,2239.75,2239.75,0,0,0
2019-12-23 14:14:00-05:00,2239.75,2239.81,2239.75,2239.78,0,0,0
2019-12-23 14:15:00-05:00,2239.78,2239.89,2239.77,2239.89,0,0,0
2019-12-23 14:16:00-05:00,2239.89,2239.89,2239.67,2239.69,0,0,0
2019-12-23 14:17:00-05:00,2239.87,2239.87,2239.8,2239.8,0,0,0
2019-12-23 14:18:00-05:00,2239.8,2239.8,2239.64,2239.64,0,0,0
2019-12-23 14:19:00-05:00,2239.62,2239.62,2239.53,2239.53,0,0,0
2019-12-23 14:20:00-05:00,2239.53,2239.57,2239.49,2239.56,0,0,0
2019-12-23 14:21:00-05:00,2239.56,2239.74,2239.52,2239.74,0,0,0
2019-12-23 14:22:00-05:00,2239.83,2239.99,2239.8,2239.93,0,0,0
2019-12-23 14:23:00-05:00,2239.98,2239.98,2239.78,2239.78,0,0,0
2019-12-23 14:24:00-05:00,2239.77,2239.9,2239.74,2239.9,0,0,0
2019-12-23 14:25:00-05:00,2239.9,2239.99,2239.9,2239.94,0,0,0
2019-12-23 14:26:00-05:00,2239.94,2239.94,2239.59,2239.64,0,0,0
2019-12-23 14:27:00-05:00,2239.62,2239.68,2239.61,2239.63,0,0,0
2019-12-23 14:28:00-05:00,2239.63,2239.63,2239.46,2239.46,0,0,0
2019-12-23 14:29:00-05:00,2239.46,2239.46,2239.13,2239.15,0,0,0
2019-12-23 14:30:00-05:00,2239.15,2239.66,2239.15,2239.66,0,0,0
2019-12-23 14:31:00-05:00,2239.76,2240.61,2239.76,2240.49,0,0,0
2019-12-23 14:32:00-05:00,2240.45,2240.51,2240.44,2240.51,0,0,0
2019-12-23 14:33:00-05:00,2240.63,2240.63,2240.0,2240.02,0,0,0
2019-12-23 14:34:00-05:00,2240.05,2240.29,2240.05,2240.27,0,0,0
2019-12-23 14:35:00-05:00,2240.27,2240.31,2239.69,2239.69,0,0,0
2019-12-23 14:36:00-05:00,2239.69,2239.82,2239.69,2239.82,0,0,0
2019-12-23 14:37:00-05:00,2239.82,2239.82,2239.25,2239.3,0,0,0
2019-12-23 14:38:00-05:00,2239.3,2239.3,2239.25,2239.25,0,0,0
2019-12-23 14:39:00-05:00,2239.35,2239.51,2239.34,2239.51,0,0,0
2019-12-23 14:40:00-05:00,2239.51,2239.51,2239.21,2239.21,0,0,0
2019-12-23 14:41:00-05:00,2239.2,2239.2,2239.07,2239.07,0,0,0
2019-12-23 14:42:00-05:00,2239.07,2239.08,2238.78,2238.78,0,0,0
2019-12-23 14:43:00-05:00,2238.74,2238.91,2238.7,2238.91,0,0,0
2019-12-23 14:44:00-05:00,2238.89,2238.9,2238.77,2238.9,0,0,0
2019-12-23 14:45:00-05:00,2238.92,2239.31,2238.92,2239.05,0,0,0
2019-12-23 14:46:00-05:00,2239.05,2239.06,2239.01,2239.01,0,0,0
2019-12-23 14:47:00-05:00,2239.01,2239.42,2239.01,2239.42,0,0,0
2019-12-23 14:48:00-05:00,2239.33,2239.33,2239.21,2239.24,0,0,0
2019-12-23 14:49:00-05:00,2239.25,2239.35,2239.24,2239.35,0,0,0
2019-12-23 14:50:00-05:00,2239.03,2239.03,2238.88,2238.91,0,0,0
2019-12-23 14:51:00-05:00,2238.91,2239.2,2238.91,2239.2,0,0,0
2019-12-23 14:52:00-05:00,2239.13,2239.13,2238.86,2238.86,0,0,0
2019-12-23 14:53:00-05:00,2238.83,2238.9,2238.77,2238.88,0,0,0
2019-12-23 14:54:00-05:00,2238.88,2238.88,2238.66,2238.66,0,0,0
2019-12-23 14:55:00-05:00,2238.71,2238.85,2238.22,2238.85,0,0,0
2019-12-23 14:56:00-05:00,2238.86,2239.49,2238.86,2239.49,0,0,0
2019-12-23 14:57:00-05:00,2239.49,2239.84,2239.49,2239.84,0,0,0
2019-12-23 14:58:00-05:00,2239.84,2239.84,2239.69,2239.69,0,0,0
2019-12-23 14:59:00-05:00,2239.69,2239.75,2239.63,2239.63,0,0,0
2019-12-23 15:00:00-05:00,2239.59,2239.59,2239.0,2239.0,0,0,0
2019-12-23 15:01:00-05:00,2238.92,2239.0,2238.92,2239.0,0,0,0
2019-12-23 15:02:00-05:00,2239.0,2239.04,2238.95,2238.99,0,0,0
2019-12-23 15:03:00-05:00,2239.0,2239.03,2238.95,2238.95,0,0,0
2019-12-23 15:04:00-05:00,2238.93,2239.16,2238.93,2239.16,0,0,0
2019-12-23 15:05:00-05:00,2239.16,2239.52,2239.16,2239.52,0,0,0
2019-12-23 15:06:00-05:00,2239.47,2239.71,2239.47,2239.66,0,0,0
2019-12-23 15:07:00-05:00,2239.67,2239.67,2239.42,2239.56,0,0,0
2019-12-23 15:08:00-05:00,2239.56,2239.56,2239.31,2239.31,0,0,0
2019-12-23 15:09:00-05:00,2239.31,2239.34,2239.18,2239.18,0,0,0
2019-12-23 15:10:00-05:00,2239.24,2239.33,2239.24,2239.33,0,0,0
2019-12-23 15:11:00-05:00,2239.33,2239.45,2239.33,2239.45,0,0,0
2019-12-23 15:12:00-05:00,2239.46,2240.01,2239.39,2240.01,0,0,0
2019-12-23 15:13:00-05:00,2240.01,2240.13,2240.01,2240.11,0,0,0
2019-12-23 15:14:00-05:00,2240.12,2240.12,2239.92,2239.94,0,0,0
2019-12-23 15:15:00-05:00,2239.94,2239.94,2239.77,2239.79,0,0,0
2019-12-23 15:16:00-05:00,2239.77,2239.78,2239.57,2239.57,0,0,0
2019-12-23 15:17:00-05:00,2239.56,2239.56,2238.93,2239.08,0,0,0
2019-12-23 15:18:00-05:00,2239.1,2239.14,2238.71,2238.78,0,0,0
2019-12-23 15:19:00-05:00,2238.85,2238.96,2238.69,2238.69,0,0,0
2019-12-23 15:20:00-05:00,2238.69,2238.69,2238.62,2238.66,0,0,0
2019-12-23 15:21:00-05:00,2238.66,2238.66,2237.9,2237.91,0,0,0
2019-12-23 15:22:00-05:00,2237.95,2238.0,2237.91,2237.97,0,0,0
2019-12-23 15:23:00-05:00,2237.99,2238.16,2237.93,2238.12,0,0,0
2019-12-23 15:24:00-05:00,2238.07,2238.18,2238.07,2238.18,0,0,0
2019-12-23 15:25:00-05:00,2238.2,2238.55,2238.2,2238.55,0,0,0
2019-12-23 15:26:00-05:00,2238.5,2238.57,2238.49,2238.57,0,0,0
2019-12-23 15:27:00-05:00,2238.57,2238.85,2238.57,2238.85,0,0,0
2019-12-23 15:28:00-05:00,2238.85,2239.23,2238.85,2239.23,0,0,0
2019-12-23 15:29:00-05:00,2239.02,2239.02,2238.8,2238.84,0,0,0
2019-12-23 15:30:00-05:00,2238.7,2238.85,2238.56,2238.85,0,0,0
2019-12-23 15:31:00-05:00,2238.85,2238.85,2238.68,2238.81,0,0,0
2019-12-23 15:32:00-05:00,2238.8,2238.8,2238.4,2238.4,0,0,0
2019-12-23 15:33:00-05:00,2238.27,2238.83,2238.27,2238.83,0,0,0
2019-12-23 15:34:00-05:00,2238.83,2239.23,2238.83,2239.23,0,0,0
2019-12-23 15:35:00-05:00,2239.26,2239.6,2239.26,2239.6,0,0,0
2019-12-23 15:36:00-05:00,2239.54,2239.54,2239.25,2239.25,0,0,0
2019-12-23 15:37:00-05:00,2239.26,2239.47,2239.26,2239.46,0,0,0
2019-12-23 15:38:00-05:00,2239.46,2239.52,2239.42,2239.47,0,0,0
2019-12-23 15:39:00-05:00,2239.38,2239.38,2239.16,2239.3,0,0,0
2019-12-23 15:40:00-05:00,2239.31,2239.31,2238.82,2239.15,0,0,0
2019-12-23 15:41:00-05:00,2239.15,2239.22,2239.11,2239.11,0,0,0
2019-12-23 15:42:00-05:00,2239.1,2239.1,2238.89,2238.9,0,0,0
2019-12-23 15:43:00-05:00,2238.9,2239.19,2238.9,2238.94,0,0,0
2019-12-23 15:44:00-05:00,2238.94,2239.08,2238.9,2239.06,0,0,0
2019-12-23 15:45:00-05:00,2239.05,2239.26,2239.05,2239.26,0,0,0
2019-12-23 15:46:00-05:00,2239.27,2239.27,2239.01,2239.23,0,0,0
2019-12-23 15:47:00-05:00,2239.41,2239.41,2239.18,2239.18,0,0,0
2019-12-23 15:48:00-05:00,2239.18,2239.18,2238.81,2239.0,0,0,0
2019-12-23 15:49:00-05:00,2238.94,2238.94,2238.78,2238.81,0,0,0
2019-12-23 15:50:00-05:00,2239.18,2239.32,2239.18,2239.23,0,0,0
2019-12-23 15:51:00-05:00,2239.22,2239.22,2239.07,2239.07,0,0,0
2019-12-23 15:52:00-05:00,2239.08,2239.19,2239.04,2239.07,0,0,0
2019-12-23 15:53:00-05:00,2239.07,2239.13,2238.93,2238.95,0,0,0
2019-12-23 15:54:00-05:00,2239.24,2239.61,2239.13,2239.56,0,0,0
2019-12-23 15:55:00-05:00,2239.69,2239.7,2238.54,2238.54,0,0,0
2019-12-23 15:56:00-05:00,2238.33,2238.35,2238.0,2238.24,0,0,0
2019-12-23 15:57:00-05:00,2238.22,2238.24,2238.07,2238.15,0,0,0
2019-12-23 15:58:00-05:00,2238.16,2238.16,2237.28,2237.36,0,0,0
2019-12-23 15:59:00-05:00,2237.73,2239.91,2237.73,2239.76,0,0,0
2019-12-24 09:30:00-05:00,2244.87,2244.87,2244.82,2244.82,0,0,0
2019-12-24 09:31:00-05:00,2244.82,2246.26,2244.82,2245.64,0,0,0
2019-12-24 09:32:00-05:00,2245.71,2246.4,2245.7,2246.4,0,0,0
2019-12-24 09:33:00-05:00,2246.37,2246.48,2244.93,2245.74,0,0,0
2019-12-24 09:34:00-05:00,2245.75,2245.75,2243.02,2243.02,0,0,0
2019-12-24 09:35:00-05:00,2243.06,2243.06,2242.1,2242.56,0,0,0
2019-12-24 09:36:00-05:00,2242.87,2243.05,2242.64,2243.0,0,0,0
2019-12-24 09:37:00-05:00,2243.0,2243.28,2242.85,2243.28,0,0,0
2019-12-24 09:38:00-05:00,2243.14,2243.3,2242.97,2242.98,0,0,0
2019-12-24 09:39:00-05:00,2242.98,2243.64,2242.98,2243.58,0,0,0
2019-12-24 09:40:00-05:00,2243.56,2243.81,2243.16,2243.81,0,0,0
2019-12-24 09:41:00-05:00,2243.79,2244.31,2243.75,2243.75,0,0,0
2019-12-24 09:42:00-05:00,2243.75,2243.78,2243.19,2243.78,0,0,0
2019-12-24 09:43:00-05:00,2243.98,2244.23,2243.98,2244.19,0,0,0
2019-12-24 09:44:00-05:00,2244.22,2244.34,2243.41,2243.41,0,0,0
2019-12-24 09:45:00-05:00,2243.32,2243.5,2243.24,2243.34,0,0,0
2019-12-24 09:46:00-05:00,2243.34,2244.1,2243.32,2244.1,0,0,0
2019-12-24 09:47:00-05:00,2243.96,2244.64,2243.96,2244.28,0,0,0
2019-12-24 09:48:00-05:00,2244.25,2244.31,2244.22,2244.24,0,0,0
2019-12-24 09:49:00-05:00,2244.24,2244.27,2243.94,2244.17,0,0,0
2019-12-24 09:50:00-05:00,2244.14,2244.47,2244.08,2244.19,0,0,0
2019-12-24 09:51:00-05:00,2244.55,2244.55,2243.53,2243.53,0,0,0
2019-12-24 09:52:00-05:00,2243.53,2243.53,2242.44,2242.44,0,0,0
2019-12-24 09:53:00-05:00,2241.75,2241.75,2241.44,2241.44,0,0,0
2019-12-24 09:54:00-05:00,2240.94,2240.94,2239.99,2239.99,0,0,0
2019-12-24 09:55:00-05:00,2240.07,2240.34,2240.07,2240.24,0,0,0
2019-12-24 09:56:00-05:00,2239.82,2240.41,2239.82,2240.41,0,0,0
2019-12-24 09:57:00-05:00,2240.35,2240.47,2239.81,2239.81,0,0,0
2019-12-24 09:58:00-05:00,2239.81,2240.24,2239.81,2239.97,0,0,0
2019-12-24 09:59:00-05:00,2239.93,2240.82,2239.9,2240.82,0,0,0
2019-12-24 10:00:00-05:00,2240.96,2241.87,2240.96,2241.87,0,0,0
2019-12-24 10:01:00-05:00,2241.75,2241.88,2240.48,2240.48,0,0,0
2019-12-24 10:02:00-05:00,2240.33,2240.33,2239.77,2239.97,0,0,0
2019-12-24 10:03:00-05:00,2240.37,2240.46,2240.03,2240.03,0,0,0
2019-12-24 10:04:00-05:00,2240.06,2240.06,2239.56,2239.58,0,0,0
2019-12-24 10:05:00-05:00,2239.75,2239.75,2239.42,2239.42,0,0,0
2019-12-24 10:06:00-05:00,2239.29,2239.73,2239.17,2239.64,0,0,0
2019-12-24 10:07:00-05:00,2239.7,2239.91,2239.7,2239.84,0,0,0
2019-12-24 10:08:00-05:00,2239.84,2240.07,2239.76,2239.8,0,0,0
2019-12-24 10:09:00-05:00,2239.8,2239.92,2239.54,2239.92,0,0,0
2019-12-24 10:10:00-05:00,2239.92,2240.18,2239.92,2240.12,0,0,0
2019-12-24 10:11:00-05:00,2240.12,2240.12,2239.93,2240.0,0,0,0
2019-12-24 10:12:00-05:00,2240.0,2240.17,2239.82,2240.17,0,0,0
2019-12-24 10:13:00-05:00,2240.26,2240.3,2239.7,2239.7,0,0,0
2019-12-24 10:14:00-05:00,2239.66,2240.01,2239.66,2240.01,0,0,0
2019-12-24 10:15:00-05:00,2240.01,2240.63,2239.87,2240.63,0,0,0
2019-12-24 10:16:00-05:00,2240.59,2240.59,2239.72,2239.72,0,0,0
2019-12-24 10:17:00-05:00,2239.64,2239.68,2239.56,2239.59,0,0,0
2019-12-24 10:18:00-05:00,2239.48,2239.48,2239.0,2239.0,0,0,0
2019-12-24 10:19:00-05:00,2239.09,2239.47,2239.08,2239.45,0,0,0
2019-12-24 10:20:00-05:00,2239.48,2239.55,2239.22,2239.22,0,0,0
2019-12-24 10:21:00-05:00,2239.22,2239.22,2238.57,2238.6,0,0,0
2019-12-24 10:22:00-05:00,2238.58,2238.58,2238.03,2238.03,0,0,0
2019-12-24 10:23:00-05:00,2237.93,2237.93,2237.52,2237.52,0,0,0
2019-12-24 10:24:00-05:00,2237.45,2237.5,2237.39,2237.5,0,0,0
2019-12-24 10:25:00-05:00,2237.47,2237.62,2237.41,2237.62,0,0,0
2019-12-24 10:26:00-05:00,2237.62,2237.62,2237.5,2237.59,0,0,0
2019-12-24 10:27:00-05:00,2237.54,2237.67,2237.54,2237.67,0,0,0
2019-12-24 10:28:00-05:00,2237.72,2237.72,2237.43,2237.43,0,0,0
2019-12-24 10:29:00-05:00,2237.43,2237.43,2237.29,2237.29,0,0,0
2019-12-24 10:30:00-05:00,2237.29,2237.29,2237.03,2237.03,0,0,0
2019-12-24 10:31:00-05:00,2236.76,2237.01,2236.76,2236.77,0,0,0
2019-12-24 10:32:00-05:00,2236.77,2236.77,2236.46,2236.6,0,0,0
2019-12-24 10:33:00-05:00,2236.6,2237.43,2236.6,2237.43,0,0,0
2019-12-24 10:34:00-05:00,2237.53,2237.66,2237.51,2237.51,0,0,0
2019-12-24 10:35:00-05:00,2237.43,2238.02,2237.43,2238.02,0,0,0
2019-12-24 10:36:00-05:00,2238.18,2238.18,2237.91,2237.91,0,0,0
2019-12-24 10:37:00-05:00,2237.91,2237.91,2237.66,2237.66,0,0,0
2019-12-24 10:38:00-05:00,2237.66,2237.8,2237.66,2237.8,0,0,0
2019-12-24 10:39:00-05:00,2237.8,2238.17,2237.78,2238.12,0,0,0
2019-12-24 10:40:00-05:00,2238.04,2238.11,2237.86,2238.11,0,0,0
2019-12-24 10:41:00-05:00,2238.11,2238.29,2238.11,2238.29,0,0,0
2019-12-24 10:42:00-05:00,2238.29,2238.39,2238.18,2238.39,0,0,0
2019-12-24 10:43:00-05:00,2238.4,2238.6,2238.38,2238.6,0,0,0
2019-12-24 10:44:00-05:00,2238.6,2238.74,2238.58,2238.58,0,0,0
2019-12-24 10:45:00-05:00,2238.58,2238.64,2238.53,2238.53,0,0,0
2019-12-24 10:46:00-05:00,2238.6,2238.88,2238.6,2238.67,0,0,0
2019-12-24 10:47:00-05:00,2238.66,2238.84,2238.62,2238.84,0,0,0
2019-12-24 10:48:00-05:00,2238.84,2239.68,2238.84,2239.68,0,0,0
2019-12-24 10:49:00-05:00,2239.65,2239.65,2239.47,2239.47,0,0,0
2019-12-24 10:50:00-05:00,2239.4,2239.43,2238.73,2238.73,0,0,0
2019-12-24 10:51:00-05:00,2238.7,2238.7,2238.35,2238.35,0,0,0
2019-12-24 10:52:00-05:00,2237.78,2237.78,2236.67,2236.67,0,0,0
2019-12-24 10:53:00-05:00,2236.65,2236.73,2236.53,2236.73,0,0,0
2019-12-24 10:54:00-05:00,2236.73,2236.73,2236.57,2236.69,0,0,0
2019-12-24 10:55:00-05:00,2236.71,2236.72,2236.63,2236.67,0,0,0
2019-12-24 10:56:00-05:00,2237.03,2237.28,2237.03,2237.28,0,0,0
2019-12-24 10:57:00-05:00,2237.31,2237.38,2237.12,2237.38,0,0,0
2019-12-24 10:58:00-05:00,2237.42,2237.42,2237.21,2237.21,0,0,0
2019-12-24 10:59:00-05:00,2237.21,2237.22,2237.11,2237.21,0,0,0
2019-12-24 11:00:00-05:00,2237.21,2238.08,2237.21,2238.08,0,0,0
2019-12-24 11:01:00-05:00,2238.08,2238.16,2237.98,2237.99,0,0,0
2019-12-24 11:02:00-05:00,2237.99,2238.0,2237.87,2237.93,0,0,0
2019-12-24 11:03:00-05:00,2237.93,2237.93,2237.92,2237.92,0,0,0
2019-12-24 11:04:00-05:00,2237.92,2238.41,2237.92,2238.41,0,0,0
2019-12-24 11:05:00-05:00,2238.44,2238.44,2237.7,2237.7,0,0,0
2019-12-24 11:06:00-05:00,2237.64,2237.64,2237.4,2237.4,0,0,0
2019-12-24 11:07:00-05:00,2237.4,2237.85,2237.36,2237.79,0,0,0
2019-12-24 11:08:00-05:00,2237.93,2238.19,2237.93,2238.17,0,0,0
2019-12-24 11:09:00-05:00,2238.17,2238.26,2238.08,2238.12,0,0,0
2019-12-24 11:10:00-05:00,2238.22,2238.26,2238.2,2238.25,0,0,0
2019-12-24 11:11:00-05:00,2238.34,2238.66,2238.3,2238.66,0,0,0
2019-12-24 11:12:00-05:00,2238.66,2238.66,2238.62,2238.64,0,0,0
2019-12-24 11:13:00-05:00,2238.64,2238.92,2238.64,2238.86,0,0,0
2019-12-24 11:14:00-05:00,2238.77,2239.03,2238.77,2239.03,0,0,0
2019-12-24 11:15:00-05:00,2239.05,2239.08,2238.99,2239.04,0,0,0
2019-12-24 11:16:00-05:00,2239.03,2239.03,2238.64,2238.64,0,0,0
2019-12-24 11:17:00-05:00,2238.64,2239.12,2238.64,2238.91,0,0,0
2019-12-24 11:18:00-05:00,2238.96,2239.17,2238.96,2239.13,0,0,0
2019-12-24 11:19:00-05:00,2239.13,2239.13,2238.96,2238.98,0,0,0
2019-12-24 11:20:00-05:00,2238.98,2238.98,2238.57,2238.57,0,0,0
2019-12-24 11:21:00-05:00,2238.57,2238.57,2238.54,2238.54,0,0,0
2019-12-24 11:22:00-05:00,2238.55,2238.65,2238.33,2238.33,0,0,0
2019-12-24 11:23:00-05:00,2238.3,2238.56,2238.3,2238.56,0,0,0
2019-12-24 11:24:00-05:00,2238.56,2238.74,2238.56,2238.73,0,0,0
2019-12-24 11:25:00-05:00,2239.27,2239.31,2239.05,2239.05,0,0,0
2019-12-24 11:26:00-05:00,2239.07,2239.1,2239.07,2239.1,0,0,0
2019-12-24 11:27:00-05:00,2238.84,2238.84,2238.52,2238.52,0,0,0
2019-12-24 11:28:00-05:00,2238.44,2238.49,2238.4,2238.4,0,0,0
2019-12-24 11:29:00-05:00,2238.39,2238.44,2238.02,2238.02,0,0,0
2019-12-24 11:30:00-05:00,2237.97,2238.16,2237.97,2238.13,0,0,0
2019-12-24 11:31:00-05:00,2238.13,2238.31,2238.13,2238.31,0,0,0
2019-12-24 11:32:00-05:00,2238.31,2238.37,2238.31,2238.37,0,0,0
2019-12-24 11:33:00-05:00,2238.48,2238.63,2238.41,2238.41,0,0,0
2019-12-24 11:34:00-05:00,2238.41,2238.41,2238.14,2238.14,0,0,0
2019-12-24 11:35:00-05:00,2238.17,2238.26,2238.17,2238.22,0,0,0
2019-12-24 11:36:00-05:00,2238.22,2238.24,2238.08,2238.11,0,0,0
2019-12-24 11:37:00-05:00,2238.11,2238.23,2238.08,2238.23,0,0,0
2019-12-24 11:38:00-05:00,2238.25,2238.45,2238.25,2238.42,0,0,0
2019-12-24 11:39:00-05:00,2238.33,2238.33,2237.7,2237.98,0,0,0
2019-12-24 11:40:00-05:00,2237.98,2238.03,2237.98,2238.03,0,0,0
2019-12-24 11:41:00-05:00,2238.11,2238.32,2238.05,2238.32,0,0,0
2019-12-24 11:42:00-05:00,2238.41,2238.41,2238.16,2238.16,0,0,0
2019-12-24 11:43:00-05:00,2238.31,2238.33,2238.16,2238.16,0,0,0
2019-12-24 11:44:00-05:00,2238.16,2238.44,2238.16,2238.44,0,0,0
2019-12-24 11:45:00-05:00,2238.47,2238.72,2238.46,2238.72,0,0,0
2019-12-24 11:46:00-05:00,2238.78,2238.78,2238.26,2238.31,0,0,0
2019-12-24 11:47:00-05:00,2238.32,2238.37,2238.25,2238.37,0,0,0
2019-12-24 11:48:00-05:00,2238.37,2238.37,2238.12,2238.12,0,0,0
2019-12-24 11:49:00-05:00,2238.12,2238.31,2238.12,2238.24,0,0,0
2019-12-24 11:50:00-05:00,2238.33,2238.34,2238.11,2238.11,0,0,0
2019-12-24 11:51:00-05:00,2238.11,2238.2,2238.11,2238.2,0,0,0
2019-12-24 11:52:00-05:00,2238.2,2238.2,2237.61,2237.61,0,0,0
2019-12-24 11:53:00-05:00,2237.58,2237.58,2237.15,2237.15,0,0,0
2019-12-24 11:54:00-05:00,2237.15,2237.22,2237.01,2237.22,0,0,0
2019-12-24 11:55:00-05:00,2237.25,2237.33,2237.24,2237.25,0,0,0
2019-12-24 11:56:00-05:00,2237.25,2237.32,2237.25,2237.31,0,0,0
2019-12-24 11:57:00-05:00,2237.28,2237.49,2237.23,2237.49,0,0,0
2019-12-24 11:58:00-05:00,2237.49,2237.67,2237.49,2237.62,0,0,0
2019-12-24 11:59:00-05:00,2237.62,2237.68,2237.59,2237.64,0,0,0
2019-12-24 12:00:00-05:00,2237.6,2237.6,2237.27,2237.27,0,0,0
2019-12-24 12:01:00-05:00,2237.25,2237.31,2237.11,2237.17,0,0,0
2019-12-24 12:02:00-05:00,2237.17,2237.48,2237.17,2237.48,0,0,0
2019-12-24 12:03:00-05:00,2237.48,2237.76,2237.47,2237.71,0,0,0
2019-12-24 12:04:00-05:00,2237.71,2237.87,2237.71,2237.85,0,0,0
2019-12-24 12:05:00-05:00,2237.85,2238.14,2237.84,2238.14,0,0,0
2019-12-24 12:06:00-05:00,2238.19,2238.19,2237.86,2237.97,0,0,0
2019-12-24 12:07:00-05:00,2237.97,2237.98,2237.96,2237.96,0,0,0
2019-12-24 12:08:00-05:00,2237.95,2237.95,2237.89,2237.91,0,0,0
2019-12-24 12:09:00-05:00,2237.82,2237.91,2237.61,2237.91,0,0,0
2019-12-24 12:10:00-05:00,2237.87,2238.03,2237.87,2238.03,0,0,0
2019-12-24 12:11:00-05:00,2238.05,2238.05,2237.99,2238.03,0,0,0
2019-12-24 12:12:00-05:00,2238.0,2238.0,2237.8,2237.8,0,0,0
2019-12-24 12:13:00-05:00,2237.75,2237.81,2237.62,2237.63,0,0,0
2019-12-24 12:14:00-05:00,2237.63,2238.26,2237.63,2238.18,0,0,0
2019-12-24 12:15:00-05:00,2238.18,2238.18,2237.72,2237.72,0,0,0
2019-12-24 12:16:00-05:00,2237.72,2237.78,2237.72,2237.75,0,0,0
2019-12-24 12:17:00-05:00,2237.76,2237.81,2237.73,2237.73,0,0,0
2019-12-24 12:18:00-05:00,2237.73,2237.81,2237.73,2237.74,0,0,0
2019-12-24 12:19:00-05:00,2237.74,2237.85,2237.72,2237.85,0,0,0
2019-12-24 12:20:00-05:00,2238.24,2238.29,2238.24,2238.26,0,0,0
2019-12-24 12:21:00-05:00,2238.26,2238.29,2238.23,2238.25,0,0,0
2019-12-24 12:22:00-05:00,2238.24,2238.26,2238.24,2238.26,0,0,0
2019-12-24 12:23:00-05:00,2238.26,2238.26,2238.18,2238.18,0,0,0
2019-12-24 12:24:00-05:00,2238.09,2238.09,2237.84,2237.93,0,0,0
2019-12-24 12:25:00-05:00,2237.93,2237.97,2237.86,2237.86,0,0,0
2019-12-24 12:26:00-05:00,2237.86,2237.91,2237.79,2237.79,0,0,0
2019-12-24 12:27:00-05:00,2237.79,2237.88,2237.76,2237.85,0,0,0
2019-12-24 12:28:00-05:00,2237.85,2237.94,2237.85,2237.94,0,0,0
2019-12-24 12:29:00-05:00,2237.94,2237.95,2237.87,2237.87,0,0,0
2019-12-24 12:30:00-05:00,2237.78,2237.78,2237.59,2237.65,0,0,0
2019-12-24 12:31:00-05:00,2237.65,2238.35,2237.65,2238.35,0,0,0
2019-12-24 12:32:00-05:00,2238.37,2238.64,2238.37,2238.6,0,0,0
2019-12-24 12:33:00-05:00,2238.6,2238.73,2238.46,2238.46,0,0,0
2019-12-24 12:34:00-05:00,2238.46,2238.56,2238.46,2238.56,0,0,0
2019-12-24 12:35:00-05:00,2238.56,2238.84,2238.56,2238.82,0,0,0
2019-12-24 12:36:00-05:00,2238.83,2238.83,2238.55,2238.55,0,0,0
2019-12-24 12:37:00-05:00,2238.55,2238.55,2238.08,2238.08,0,0,0
2019-12-24 12:38:00-05:00,2238.08,2238.08,2237.44,2237.44,0,0,0
2019-12-24 12:39:00-05:00,2237.44,2237.45,2237.04,2237.04,0,0,0
2019-12-24 12:40:00-05:00,2237.03,2237.03,2236.71,2236.73,0,0,0
2019-12-24 12:41:00-05:00,2236.84,2236.95,2236.69,2236.7,0,0,0
2019-12-24 12:42:00-05:00,2236.7,2236.74,2236.67,2236.69,0,0,0
2019-12-24 12:43:00-05:00,2236.69,2236.84,2236.64,2236.84,0,0,0
2019-12-24 12:44:00-05:00,2236.84,2236.84,2236.68,2236.76,0,0,0
2019-12-24 12:45:00-05:00,2236.74,2236.76,2236.68,2236.68,0,0,0
2019-12-24 12:46:00-05:00,2236.68,2236.84,2236.68,2236.84,0,0,0
2019-12-24 12:47:00-05:00,2236.85,2237.18,2236.85,2237.17,0,0,0
2019-12-24 12:48:00-05:00,2237.17,2237.71,2237.14,2237.71,0,0,0
2019-12-24 12:49:00-05:00,2237.71,2238.17,2237.71,2238.17,0,0,0
2019-12-24 12:50:00-05:00,2238.17,2238.2,2238.08,2238.18,0,0,0
2019-12-24 12:51:00-05:00,2238.16,2238.37,2238.16,2238.27,0,0,0
2019-12-24 12:52:00-05:00,2238.16,2238.26,2238.16,2238.24,0,0,0
2019-12-24 12:53:00-05:00,2238.24,2238.24,2238.1,2238.1,0,0,0
2019-12-24 12:54:00-05:00,2238.1,2238.12,2237.87,2237.99,0,0,0
2019-12-24 12:55:00-05:00,2237.97,2237.97,2237.47,2237.55,0,0,0
2019-12-24 12:56:00-05:00,2237.59,2237.7,2237.42,2237.7,0,0,0
2019-12-24 12:57:00-05:00,2237.7,2237.88,2237.38,2237.38,0,0,0
2019-12-24 12:58:00-05:00,2237.41,2237.85,2237.4,2237.74,0,0,0
2019-12-24 12:59:00-05:00,2237.79,2238.82,2237.77,2238.82,0,0,0
2019-12-24 13:00:00-05:00,2238.63,2238.63,2238.55,2238.55,0,0,0
