Datetime,Open,High,Low,Close,Volume,Dividends,Stock Splits
2019-12-18 16:35:00+00:00,1150.8101,1150.8101,1150.8101,1150.8101,0,0,0
2019-12-18 16:40:00+00:00,1150.5,1150.5,1150.5,1150.5,0,0,0
2019-12-18 16:50:00+00:00,1147.88,1147.88,1147.88,1147.88,0,0,0
2019-12-18 16:55:00+00:00,1150.01,1150.01,1150.01,1150.01,0,0,0
2019-12-18 17:00:00+00:00,1149.95,1149.95,1149.95,1149.95,0,0,0
2019-12-18 17:05:00+00:00,1150.15,1150.15,1150.15,1150.15,0,0,0
2019-12-18 17:10:00+00:00,1149.95,1149.95,1149.95,1149.95,0,0,0
2019-12-18 17:15:00+00:00,1149.78,1149.78,1149.78,1149.78,0,0,0
2019-12-18 17:20:00+00:00,1149.5699,1149.5699,1149.5699,1149.5699,0,0,0
2019-12-18 17:25:00+00:00,1149.65,1149.65,1149.65,1149.65,0,0,0
2019-12-18 17:30:00+00:00,1149.8,1149.8,1149.8,1149.8,0,0,0
2019-12-18 17:35:00+00:00,1149.88,1149.88,1149.88,1149.88,0,0,0
2019-12-18 17:40:00+00:00,1149.79,1149.79,1149.79,1149.79,0,0,0
2019-12-18 17:45:00+00:00,1153.0,1153.0,1153.0,1153.0,0,0,0
2019-12-18 17:50:00+00:00,1152.96,1152.96,1152.96,1152.96,0,0,0
2019-12-18 17:55:00+00:00,1152.8101,1152.8101,1152.8101,1152.8101,0,0,0
2019-12-18 18:00:00+00:00,1148.29,1148.29,1148.29,1148.29,0,0,0
2019-12-18 18:05:00+00:00,1148.71,1148.71,1148.71,1148.71,0,0,0
2019-12-18 18:10:00+00:00,1148.88,1148.88,1148.88,1148.88,0,0,0
2019-12-18 18:15:00+00:00,1148.72,1148.72,1148.72,1148.72,0,0,0
2019-12-18 18:20:00+00:00,1148.9301,1148.9301,1148.9301,1148.9301,0,0,0
2019-12-18 18:25:00+00:00,1148.8101,1148.8101,1148.8101,1148.8101,0,0,0
2019-12-18 19:45:00+00:00,1152.24,1152.24,1152.24,1152.24,0,0,0
2019-12-18 19:50:00+00:00,1152.09,1152.09,1152.09,1152.09,0,0,0
2019-12-18 19:55:00+00:00,1152.0,1152.0,1152.0,1152.0,0,0,0
2019-12-18 20:00:00+00:00,1150.2,1150.2,1150.2,1150.2,0,0,0
2019-12-18 20:05:00+00:00,1149.83,1149.83,1149.83,1149.83,0,0,0
2019-12-18 20:10:00+00:00,1149.89,1149.89,1149.89,1149.89,0,0,0
2019-12-18 20:15:00+00:00,1149.78,1149.78,1149.78,1149.78,0,0,0
2019-12-18 20:20:00+00:00,1149.98,1149.98,1149.98,1149.98,0,0,0
2019-12-18 20:25:00+00:00,1148.38,1148.38,1148.38,1148.38,0,0,0
2019-12-18 20:30:00+00:00,1148.6899,1148.6899,1148.6899,1148.6899,0,0,0
2019-12-18 20:35:00+00:00,1148.59,1148.59,1148.59,1148.59,0,0,0
2019-12-18 20:40:00+00:00,1148.71,1148.71,1148.71,1148.71,0,0,0
2019-12-18 20:45:00+00:00,1148.65,1148.65,1148.65,1148.65,0,0,0
2019-12-18 20:50:00+00:00,1148.61,1148.61,1148.61,1148.61,0,0,0
2019-12-18 21:10:00+00:00,1150.4399,1150.4399,1150.4399,1150.4399,0,0,0
2019-12-18 21:15:00+00:00,1150.4399,1150.4399,1150.4399,1150.4399,0,0,0
2019-12-18 21:20:00+00:00,1156.35,1156.35,1156.35,1156.35,0,0,0
2019-12-18 21:25:00+00:00,1156.55,1156.55,1156.55,1156.55,0,0,0
2019-12-18 21:30:00+00:00,1150.53,1150.53,1150.53,1150.53,0,0,0
2019-12-18 21:35:00+00:00,1150.54,1150.54,1150.54,1150.54,0,0,0
2019-12-18 21:40:00+00:00,1150.62,1150.62,1150.62,1150.62,0,0,0
2019-12-18 21:45:00+00:00,1150.65,1150.65,1150.65,1150.65,0,0,0
2019-12-18 21:50:00+00:00,1150.25,1150.25,1150.25,1150.25,0,0,0
2019-12-18 21:55:00+00:00,1150.2,1150.2,1150.2,1150.2,0,0,0
2019-12-19 06:30:00+00:00,1149.92,1149.92,1149.92,1149.92,0,0,0
2019-12-19 06:35:00+00:00,1149.92,1149.92,1149.92,1149.92,0,0,0
2019-12-19 06:40:00+00:00,1149.97,1149.97,1149.97,1149.97,0,0,0
2019-12-19 06:45:00+00:00,1150.2,1150.2,1150.2,1150.2,0,0,0
2019-12-19 06:50:00+00:00,1150.28,1150.28,1150.28,1150.28,0,0,0
2019-12-19 06:55:00+00:00,1150.23,1150.23,1150.23,1150.23,0,0,0
2019-12-19 07:00:00+00:00,1150.3199,1150.3199,1150.3199,1150.3199,0,0,0
2019-12-19 07:05:00+00:00,1150.39,1150.39,1150.39,1150.39,0,0,0
2019-12-19 07:10:00+00:00,1150.29,1150.29,1150.29,1150.29,0,0,0
2019-12-19 14:30:00+00:00,1148.64,1148.64,1148.64,1148.64,0,0,0
2019-12-19 14:35:00+00:00,1150.4,1150.4,1150.4,1150.4,0,0,0
2019-12-19 14:40:00+00:00,1150.0,1150.0,1150.0,1150.0,0,0,0
2019-12-19 14:45:00+00:00,1150.0601,1150.0601,1150.0601,1150.0601,0,0,0
2019-12-19 14:50:00+00:00,1153.88,1153.88,1153.88,1153.88,0,0,0
2019-12-19 14:55:00+00:00,1153.79,1153.79,1153.79,1153.79,0,0,0
2019-12-19 15:00:00+00:00,1153.75,1153.75,1153.75,1153.75,0,0,0
2019-12-19 15:05:00+00:00,1153.87,1153.87,1153.87,1153.87,0,0,0
2019-12-19 15:10:00+00:00,1153.91,1153.91,1153.91,1153.91,0,0,0
2019-12-19 15:15:00+00:00,1151.5601,1151.5601,1151.5601,1151.5601,0,0,0
2019-12-19 15:20:00+00:00,1151.38,1151.38,1151.38,1151.38,0,0,0
2019-12-19 15:25:00+00:00,1149.41,1149.41,1149.41,1149.41,0,0,0
2019-12-19 15:30:00+00:00,1149.71,1149.71,1149.71,1149.71,0,0,0
2019-12-19 15:35:00+00:00,1149.42,1149.42,1149.42,1149.42,0,0,0
2019-12-19 15:40:00+00:00,1149.4,1149.4,1149.4,1149.4,0,0,0
2019-12-19 15:45:00+00:00,1148.9301,1148.9301,1148.9301,1148.9301,0,0,0
2019-12-19 15:50:00+00:00,1148.73,1148.73,1148.73,1148.73,0,0,0
2019-12-19 15:55:00+00:00,1148.28,1148.28,1148.28,1148.28,0,0,0
2019-12-19 16:00:00+00:00,1148.8101,1148.8101,1148.8101,1148.8101,0,0,0
2019-12-19 16:25:00+00:00,1148.78,1148.78,1148.78,1148.78,0,0,0
2019-12-19 16:30:00+00:00,1148.98,1148.98,1148.98,1148.98,0,0,0
2019-12-19 16:35:00+00:00,1149.1899,1149.1899,1149.1899,1149.1899,0,0,0
2019-12-19 16:40:00+00:00,1149.1,1149.1,1149.1,1149.1,0,0,0
2019-12-19 16:45:00+00:00,1149.23,1149.23,1149.23,1149.23,0,0,0
2019-12-19 16:50:00+00:00,1149.37,1149.37,1149.37,1149.37,0,0,0
2019-12-19 16:55:00+00:00,1149.1,1149.1,1149.1,1149.1,0,0,0
2019-12-19 19:55:00+00:00,1149.61,1149.61,1149.61,1149.61,0,0,0
2019-12-19 20:00:00+00:00,1149.74,1149.74,1149.74,1149.74,0,0,0
2019-12-19 20:05:00+00:00,1149.6899,1149.6899,1149.6899,1149.6899,0,0,0
2019-12-19 20:10:00+00:00,1149.7,1149.7,1149.7,1149.7,0,0,0
2019-12-19 20:15:00+00:00,1149.67,1149.67,1149.67,1149.67,0,0,0
2019-12-19 20:20:00+00:00,1147.99,1147.99,1147.99,1147.99,0,0,0
2019-12-19 20:25:00+00:00,1149.45,1149.45,1149.45,1149.45,0,0,0
2019-12-19 20:30:00+00:00,1149.34,1149.34,1149.34,1149.34,0,0,0
2019-12-19 20:35:00+00:00,1149.28,1149.28,1149.28,1149.28,0,0,0
2019-12-19 20:40:00+00:00,1149.1801,1149.1801,1149.1801,1149.1801,0,0,0
2019-12-19 20:45:00+00:00,1149.1899,1149.1899,1149.1899,1149.1899,0,0,0
2019-12-19 20:50:00+00:00,1149.17,1149.17,1149.17,1149.17,0,0,0
2019-12-19 21:05:00+00:00,1149.29,1149.29,1149.29,1149.29,0,0,0
2019-12-19 21:10:00+00:00,1149.28,1149.28,1149.28,1149.28,0,0,0
2019-12-19 21:15:00+00:00,1149.26,1149.26,1149.26,1149.26,0,0,0
2019-12-19 21:25:00+00:00,1149.38,1149.38,1149.38,1149.38,0,0,0
2019-12-19 21:30:00+00:00,1149.39,1149.39,1149.39,1149.39,0,0,0
2019-12-19 23:40:00+00:00,1149.13,1149.13,1149.13,1149.13,0,0,0
2019-12-19 23:45:00+00:00,1149.23,1149.23,1149.23,1149.23,0,0,0
2019-12-19 23:50:00+00:00,1149.24,1149.24,1149.24,1149.24,0,0,0
2019-12-19 23:55:00+00:00,1149.22,1149.22,1149.22,1149.22,0,0,0
2019-12-20 00:00:00+00:00,1149.3101,1149.3101,1149.3101,1149.3101,0,0,0
2019-12-20 00:05:00+00:00,1149.3199,1149.3199,1149.3199,1149.3199,0,0,0
2019-12-20 00:10:00+00:00,1149.29,1149.29,1149.29,1149.29,0,0,0
2019-12-20 00:15:00+00:00,1149.3101,1149.3101,1149.3101,1149.3101,0,0,0
2019-12-20 00:20:00+00:00,1149.28,1149.28,1149.28,1149.28,0,0,0
2019-12-20 00:25:00+00:00,1149.28,1149.28,1149.28,1149.28,0,0,0
2019-12-20 00:30:00+00:00,1149.23,1149.23,1149.23,1149.23,0,0,0
2019-12-20 02:15:00+00:00,1148.42,1148.42,1148.42,1148.42,0,0,0
2019-12-20 02:20:00+00:00,1148.38,1148.38,1148.38,1148.38,0,0,0
2019-12-20 02:25:00+00:00,1148.35,1148.35,1148.35,1148.35,0,0,0
2019-12-20 02:30:00+00:00,1148.3199,1148.3199,1148.3199,1148.3199,0,0,0
2019-12-20 02:35:00+00:00,1148.33,1148.33,1148.33,1148.33,0,0,0
2019-12-20 02:40:00+00:00,1148.4,1148.4,1148.4,1148.4,0,0,0
2019-12-20 04:25:00+00:00,1148.67,1148.67,1148.67,1148.67,0,0,0
2019-12-20 04:30:00+00:00,1148.64,1148.64,1148.64,1148.64,0,0,0
2019-12-20 04:35:00+00:00,1148.71,1148.71,1148.71,1148.71,0,0,0
2019-12-20 04:40:00+00:00,1148.6,1148.6,1148.6,1148.6,0,0,0
2019-12-20 04:45:00+00:00,1148.6,1148.6,1148.6,1148.6,0,0,0
2019-12-20 04:50:00+00:00,1148.49,1148.49,1148.49,1148.49,0,0,0
2019-12-20 13:55:00+00:00,1146.41,1146.41,1146.41,1146.41,0,0,0
2019-12-20 14:00:00+00:00,1146.29,1146.29,1146.29,1146.29,0,0,0
2019-12-20 14:05:00+00:00,1146.51,1146.51,1146.51,1146.51,0,0,0
2019-12-20 14:10:00+00:00,1146.42,1146.42,1146.42,1146.42,0,0,0
2019-12-20 14:15:00+00:00,1145.98,1145.98,1145.98,1145.98,0,0,0
2019-12-20 14:20:00+00:00,1145.5601,1145.5601,1145.5601,1145.5601,0,0,0
2019-12-20 14:25:00+00:00,1145.54,1145.54,1145.54,1145.54,0,0,0
2019-12-20 14:30:00+00:00,1145.61,1145.61,1145.61,1145.61,0,0,0
2019-12-20 14:35:00+00:00,1145.53,1145.53,1145.53,1145.53,0,0,0
2019-12-20 14:40:00+00:00,1145.54,1145.54,1145.54,1145.54,0,0,0
2019-12-20 14:45:00+00:00,1145.25,1145.25,1145.25,1145.25,0,0,0
2019-12-20 14:50:00+00:00,1145.63,1145.63,1145.63,1145.63,0,0,0
2019-12-20 14:55:00+00:00,1145.62,1145.62,1145.62,1145.62,0,0,0
2019-12-20 15:05:00+00:00,1148.72,1148.72,1148.72,1148.72,0,0,0
2019-12-20 15:10:00+00:00,1148.72,1148.72,1148.72,1148.72,0,0,0
2019-12-20 15:15:00+00:00,1148.24,1148.24,1148.24,1148.24,0,0,0
2019-12-20 15:20:00+00:00,1148.41,1148.41,1148.41,1148.41,0,0,0
2019-12-20 15:25:00+00:00,1148.38,1148.38,1148.38,1148.38,0,0,0
2019-12-20 15:30:00+00:00,1148.3199,1148.3199,1148.3199,1148.3199,0,0,0
2019-12-20 15:35:00+00:00,1145.29,1145.29,1145.29,1145.29,0,0,0
2019-12-20 15:40:00+00:00,1144.97,1144.97,1144.97,1144.97,0,0,0
2019-12-20 15:45:00+00:00,1147.71,1147.71,1147.71,1147.71,0,0,0
2019-12-20 15:50:00+00:00,1147.62,1147.62,1147.62,1147.62,0,0,0
2019-12-20 15:55:00+00:00,1147.9301,1147.9301,1147.9301,1147.9301,0,0,0
2019-12-20 16:00:00+00:00,1148.5601,1148.5601,1148.5601,1148.5601,0,0,0
2019-12-20 16:05:00+00:00,1145.75,1145.75,1145.75,1145.75,0,0,0
2019-12-20 16:10:00+00:00,1145.8,1145.8,1145.8,1145.8,0,0,0
2019-12-20 16:15:00+00:00,1145.72,1145.72,1145.72,1145.72,0,0,0
2019-12-20 16:20:00+00:00,1145.89,1145.89,1145.89,1145.89,0,0,0
2019-12-20 16:25:00+00:00,1145.51,1145.51,1145.51,1145.51,0,0,0
2019-12-20 16:30:00+00:00,1145.6899,1145.6899,1145.6899,1145.6899,0,0,0
2019-12-20 17:40:00+00:00,1146.01,1146.01,1146.01,1146.01,0,0,0
2019-12-20 17:45:00+00:00,1146.0,1146.0,1146.0,1146.0,0,0,0
2019-12-20 17:50:00+00:00,1145.92,1145.92,1145.92,1145.92,0,0,0
2019-12-20 17:55:00+00:00,1146.0,1146.0,1146.0,1146.0,0,0,0
2019-12-20 18:00:00+00:00,1145.78,1145.78,1145.78,1145.78,0,0,0
2019-12-20 18:05:00+00:00,1145.55,1145.55,1145.55,1145.55,0,0,0
2019-12-20 18:25:00+00:00,1144.13,1144.13,1144.13,1144.13,0,0,0
2019-12-20 18:30:00+00:00,1145.48,1145.48,1145.48,1145.48,0,0,0
2019-12-20 18:35:00+00:00,1145.3101,1145.3101,1145.3101,1145.3101,0,0,0
2019-12-20 18:40:00+00:00,1145.45,1145.45,1145.45,1145.45,0,0,0
2019-12-20 18:45:00+00:00,1145.5601,1145.5601,1145.5601,1145.5601,0,0,0
2019-12-20 18:50:00+00:00,1145.15,1145.15,1145.15,1145.15,0,0,0
2019-12-20 18:55:00+00:00,1145.15,1145.15,1145.15,1145.15,0,0,0
2019-12-20 19:35:00+00:00,1145.99,1145.99,1145.99,1145.99,0,0,0
2019-12-20 19:40:00+00:00,1145.83,1145.83,1145.83,1145.83,0,0,0
2019-12-20 19:45:00+00:00,1145.8199,1145.8199,1145.8199,1145.8199,0,0,0
2019-12-20 19:50:00+00:00,1145.88,1145.88,1145.88,1145.88,0,0,0
2019-12-20 19:55:00+00:00,1146.03,1146.03,1146.03,1146.03,0,0,0
2019-12-20 20:00:00+00:00,1146.3,1146.3,1146.3,1146.3,0,0,0
2019-12-20 20:15:00+00:00,1146.46,1146.46,1146.46,1146.46,0,0,0
2019-12-20 20:20:00+00:00,1146.34,1146.34,1146.34,1146.34,0,0,0
2019-12-20 20:25:00+00:00,1146.24,1146.24,1146.24,1146.24,0,0,0
2019-12-20 20:30:00+00:00,1146.26,1146.26,1146.26,1146.26,0,0,0
2019-12-20 20:35:00+00:00,1146.42,1146.42,1146.42,1146.42,0,0,0
2019-12-20 20:40:00+00:00,1146.4,1146.4,1146.4,1146.4,0,0,0
2019-12-20 21:00:00+00:00,1148.78,1148.78,1148.78,1148.78,0,0,0
2019-12-20 21:05:00+00:00,1146.48,1146.48,1146.48,1146.48,0,0,0
2019-12-20 21:10:00+00:00,1147.58,1147.58,1147.58,1147.58,0,0,0
2019-12-20 21:15:00+00:00,1147.61,1147.61,1147.61,1147.61,0,0,0
2019-12-20 21:20:00+00:00,1146.61,1146.61,1146.61,1146.61,0,0,0
2019-12-20 21:25:00+00:00,1146.77,1146.77,1146.77,1146.77,0,0,0
2019-12-20 21:30:00+00:00,1146.99,1146.99,1146.99,1146.99,0,0,0
2019-12-20 21:35:00+00:00,1146.78,1146.78,1146.78,1146.78,0,0,0
2019-12-20 21:40:00+00:00,1146.89,1146.89,1146.89,1146.89,0,0,0
2019-12-20 21:45:00+00:00,1147.02,1147.02,1147.02,1147.02,0,0,0
2019-12-20 21:50:00+00:00,1146.87,1146.87,1146.87,1146.87,0,0,0
2019-12-20 21:55:00+00:00,1146.83,1146.83,1146.83,1146.83,0,0,0
2019-12-20 22:30:00+00:00,1147.3101,1147.3101,1147.3101,1147.3101,0,0,0
2019-12-20 23:20:00+00:00,1147.3101,1147.3101,1147.3101,1147.3101,0,0,0
2019-12-20 23:25:00+00:00,1147.3101,1147.3101,1147.3101,1147.3101,0,0,0
2019-12-20 23:30:00+00:00,1147.3101,1147.3101,1147.3101,1147.3101,0,0,0
2019-12-20 23:35:00+00:00,1147.3101,1147.3101,1147.3101,1147.3101,0,0,0
2019-12-20 23:40:00+00:00,1147.3101,1147.3101,1147.3101,1147.3101,0,0,0
2019-12-20 23:45:00+00:00,1147.3101,1147.3101,1147.3101,1147.3101,0,0,0
2019-12-23 00:00:00+00:00,1147.4301,1147.4301,1147.4301,1147.4301,0,0,0
2019-12-23 00:05:00+00:00,1147.2,1147.2,1147.2,1147.2,0,0,0
2019-12-23 00:10:00+00:00,1146.99,1146.99,1146.99,1146.99,0,0,0
2019-12-23 01:25:00+00:00,1146.6,1146.6,1146.6,1146.6,0,0,0
2019-12-23 01:30:00+00:00,1146.5699,1146.5699,1146.5699,1146.5699,0,0,0
2019-12-23 01:35:00+00:00,1146.47,1146.47,1146.47,1146.47,0,0,0
2019-12-23 01:40:00+00:00,1146.4399,1146.4399,1146.4399,1146.4399,0,0,0
2019-12-23 01:45:00+00:00,1146.66,1146.66,1146.66,1146.66,0,0,0
2019-12-23 01:50:00+00:00,1146.67,1146.67,1146.67,1146.67,0,0,0
2019-12-23 03:55:00+00:00,1146.8199,1146.8199,1146.8199,1146.8199,0,0,0
2019-12-23 04:00:00+00:00,1146.72,1146.72,1146.72,1146.72,0,0,0
2019-12-23 04:05:00+00:00,1146.6,1146.6,1146.6,1146.6,0,0,0
2019-12-23 04:10:00+00:00,1146.67,1146.67,1146.67,1146.67,0,0,0
2019-12-23 04:15:00+00:00,1146.75,1146.75,1146.75,1146.75,0,0,0
2019-12-23 04:20:00+00:00,1146.76,1146.76,1146.76,1146.76,0,0,0
2019-12-23 04:25:00+00:00,1146.8,1146.8,1146.8,1146.8,0,0,0
2019-12-23 04:30:00+00:00,1146.83,1146.83,1146.83,1146.83,0,0,0
2019-12-23 04:35:00+00:00,1146.8199,1146.8199,1146.8199,1146.8199,0,0,0
2019-12-23 04:40:00+00:00,1146.74,1146.74,1146.74,1146.74,0,0,0
2019-12-23 04:45:00+00:00,1146.6899,1146.6899,1146.6899,1146.6899,0,0,0
2019-12-23 04:50:00+00:00,1146.72,1146.72,1146.72,1146.72,0,0,0
2019-12-23 04:55:00+00:00,1146.61,1146.61,1146.61,1146.61,0,0,0
2019-12-23 05:00:00+00:00,1146.53,1146.53,1146.53,1146.53,0,0,0
2019-12-23 05:40:00+00:00,1146.48,1146.48,1146.48,1146.48,0,0,0
2019-12-23 05:45:00+00:00,1146.38,1146.38,1146.38,1146.38,0,0,0
2019-12-23 05:50:00+00:00,1146.4399,1146.4399,1146.4399,1146.4399,0,0,0
2019-12-23 05:55:00+00:00,1146.46,1146.46,1146.46,1146.46,0,0,0
2019-12-23 06:00:00+00:00,1146.47,1146.47,1146.47,1146.47,0,0,0
2019-12-23 06:05:00+00:00,1146.48,1146.48,1146.48,1146.48,0,0,0
2019-12-23 06:10:00+00:00,1146.39,1146.39,1146.39,1146.39,0,0,0
2019-12-23 06:15:00+00:00,1146.39,1146.39,1146.39,1146.39,0,0,0
2019-12-23 14:40:00+00:00,1145.4,1145.4,1145.4,1145.4,0,0,0
2019-12-23 14:45:00+00:00,1145.3,1145.3,1145.3,1145.3,0,0,0
2019-12-23 14:50:00+00:00,1144.99,1144.99,1144.99,1144.99,0,0,0
2019-12-23 14:55:00+00:00,1144.78,1144.78,1144.78,1144.78,0,0,0
2019-12-23 15:00:00+00:00,1144.98,1144.98,1144.98,1144.98,0,0,0
2019-12-23 15:05:00+00:00,1145.1899,1145.1899,1145.1899,1145.1899,0,0,0
2019-12-23 15:10:00+00:00,1145.3101,1145.3101,1145.3101,1145.3101,0,0,0
2019-12-23 15:15:00+00:00,1145.3,1145.3,1145.3,1145.3,0,0,0
2019-12-23 15:20:00+00:00,1145.09,1145.09,1145.09,1145.09,0,0,0
2019-12-23 15:25:00+00:00,1145.26,1145.26,1145.26,1145.26,0,0,0
2019-12-23 15:30:00+00:00,1145.34,1145.34,1145.34,1145.34,0,0,0
2019-12-23 15:35:00+00:00,1145.6801,1145.6801,1145.6801,1145.6801,0,0,0
2019-12-23 15:40:00+00:00,1145.85,1145.85,1145.85,1145.85,0,0,0
2019-12-23 15:45:00+00:00,1145.62,1145.62,1145.62,1145.62,0,0,0
2019-12-23 15:50:00+00:00,1145.64,1145.64,1145.64,1145.64,0,0,0
2019-12-23 15:55:00+00:00,1145.6899,1145.6899,1145.6899,1145.6899,0,0,0
2019-12-23 16:40:00+00:00,1145.14,1145.14,1145.14,1145.14,0,0,0
2019-12-23 16:45:00+00:00,1145.3199,1145.3199,1145.3199,1145.3199,0,0,0
2019-12-23 16:50:00+00:00,1145.37,1145.37,1145.37,1145.37,0,0,0
2019-12-23 16:55:00+00:00,1145.39,1145.39,1145.39,1145.39,0,0,0
2019-12-23 17:00:00+00:00,1145.55,1145.55,1145.55,1145.55,0,0,0
2019-12-23 17:05:00+00:00,1145.7,1145.7,1145.7,1145.7,0,0,0
2019-12-23 17:25:00+00:00,1144.26,1144.26,1144.26,1144.26,0,0,0
2019-12-23 17:30:00+00:00,1144.4,1144.4,1144.4,1144.4,0,0,0
2019-12-23 17:35:00+00:00,1144.64,1144.64,1144.64,1144.64,0,0,0
2019-12-23 17:40:00+00:00,1144.14,1144.14,1144.14,1144.14,0,0,0
2019-12-23 17:45:00+00:00,1144.42,1144.42,1144.42,1144.42,0,0,0
2019-12-23 17:50:00+00:00,1144.51,1144.51,1144.51,1144.51,0,0,0
2019-12-23 18:10:00+00:00,1143.03,1143.03,1143.03,1143.03,0,0,0
2019-12-23 18:15:00+00:00,1146.6801,1146.6801,1146.6801,1146.6801,0,0,0
2019-12-23 18:20:00+00:00,1146.74,1146.74,1146.74,1146.74,0,0,0
2019-12-23 18:25:00+00:00,1143.28,1143.28,1143.28,1143.28,0,0,0
2019-12-23 18:30:00+00:00,1143.3199,1143.3199,1143.3199,1143.3199,0,0,0
2019-12-23 18:35:00+00:00,1143.29,1143.29,1143.29,1143.29,0,0,0
2019-12-23 18:40:00+00:00,1143.52,1143.52,1143.52,1143.52,0,0,0
2019-12-23 18:45:00+00:00,1143.36,1143.36,1143.36,1143.36,0,0,0
2019-12-23 18:50:00+00:00,1143.53,1143.53,1143.53,1143.53,0,0,0
2019-12-23 18:55:00+00:00,1146.97,1146.97,1146.97,1146.97,0,0,0
2019-12-23 19:00:00+00:00,1147.22,1147.22,1147.22,1147.22,0,0,0
2019-12-23 19:05:00+00:00,1147.33,1147.33,1147.33,1147.33,0,0,0
2019-12-23 19:10:00+00:00,1147.6899,1147.6899,1147.6899,1147.6899,0,0,0
2019-12-23 19:15:00+00:00,1147.12,1147.12,1147.12,1147.12,0,0,0
2019-12-23 19:20:00+00:00,1146.99,1146.99,1146.99,1146.99,0,0,0
2019-12-23 20:15:00+00:00,1149.6801,1149.6801,1149.6801,1149.6801,0,0,0
2019-12-23 20:20:00+00:00,1149.9301,1149.9301,1149.9301,1149.9301,0,0,0
2019-12-23 20:25:00+00:00,1149.73,1149.73,1149.73,1149.73,0,0,0
2019-12-23 20:30:00+00:00,1145.73,1145.73,1145.73,1145.73,0,0,0
2019-12-23 20:35:00+00:00,1145.66,1145.66,1145.66,1145.66,0,0,0
2019-12-23 20:40:00+00:00,1147.26,1147.26,1147.26,1147.26,0,0,0
2019-12-23 20:45:00+00:00,1147.08,1147.08,1147.08,1147.08,0,0,0
2019-12-23 20:50:00+00:00,1146.84,1146.84,1146.84,1146.84,0,0,0
2019-12-23 20:55:00+00:00,1146.86,1146.86,1146.86,1146.86,0,0,0
2019-12-23 21:00:00+00:00,1147.16,1147.16,1147.16,1147.16,0,0,0
2019-12-23 21:05:00+00:00,1147.11,1147.11,1147.11,1147.11,0,0,0
2019-12-23 21:15:00+00:00,1145.24,1145.24,1145.24,1145.24,0,0,0
2019-12-23 21:20:00+00:00,1145.4301,1145.4301,1145.4301,1145.4301,0,0,0
2019-12-23 21:25:00+00:00,1145.48,1145.48,1145.48,1145.48,0,0,0
2019-12-23 21:30:00+00:00,1145.23,1145.23,1145.23,1145.23,0,0,0
2019-12-23 21:35:00+00:00,1145.62,1145.62,1145.62,1145.62,0,0,0
2019-12-23 21:40:00+00:00,1145.73,1145.73,1145.73,1145.73,0,0,0
2019-12-23 22:25:00+00:00,1147.1899,1147.1899,1147.1899,1147.1899,0,0,0
2019-12-23 22:30:00+00:00,1147.28,1147.28,1147.28,1147.28,0,0,0
2019-12-23 22:35:00+00:00,1147.46,1147.46,1147.46,1147.46,0,0,0
2019-12-23 22:40:00+00:00,1147.71,1147.71,1147.71,1147.71,0,0,0
2019-12-23 22:45:00+00:00,1147.67,1147.67,1147.67,1147.67,0,0,0
2019-12-23 22:50:00+00:00,1147.6899,1147.6899,1147.6899,1147.6899,0,0,0
2019-12-23 23:15:00+00:00,1147.5,1147.5,1147.5,1147.5,0,0,0
2019-12-23 23:20:00+00:00,1147.34,1147.34,1147.34,1147.34,0,0,0
2019-12-23 23:25:00+00:00,1147.3,1147.3,1147.3,1147.3,0,0,0
2019-12-23 23:30:00+00:00,1147.41,1147.41,1147.41,1147.41,0,0,0
2019-12-23 23:35:00+00:00,1147.35,1147.35,1147.35,1147.35,0,0,0
2019-12-23 23:40:00+00:00,1147.35,1147.35,1147.35,1147.35,0,0,0
2019-12-23 23:45:00+00:00,1147.36,1147.36,1147.36,1147.36,0,0,0
2019-12-23 23:50:00+00:00,1147.26,1147.26,1147.26,1147.26,0,0,0
2019-12-23 23:55:00+00:00,1147.33,1147.33,1147.33,1147.33,0,0,0
2019-12-24 00:00:00+00:00,1147.3199,1147.3199,1147.3199,1147.3199,0,0,0
2019-12-24 00:05:00+00:00,1147.36,1147.36,1147.36,1147.36,0,0,0
2019-12-24 00:10:00+00:00,1147.27,1147.27,1147.27,1147.27,0,0,0
2019-12-24 01:00:00+00:00,1146.86,1146.86,1146.86,1146.86,0,0,0
2019-12-24 01:05:00+00:00,1146.77,1146.77,1146.77,1146.77,0,0,0
2019-12-24 01:10:00+00:00,1146.85,1146.85,1146.85,1146.85,0,0,0
2019-12-24 01:15:00+00:00,1146.8101,1146.8101,1146.8101,1146.8101,0,0,0
2019-12-24 01:20:00+00:00,1146.75,1146.75,1146.75,1146.75,0,0,0
2019-12-24 01:25:00+00:00,1146.6801,1146.6801,1146.6801,1146.6801,0,0,0
2019-12-24 02:05:00+00:00,1146.47,1146.47,1146.47,1146.47,0,0,0
2019-12-24 02:10:00+00:00,1146.46,1146.46,1146.46,1146.46,0,0,0
2019-12-24 02:15:00+00:00,1146.46,1146.46,1146.46,1146.46,0,0,0
2019-12-24 02:20:00+00:00,1146.55,1146.55,1146.55,1146.55,0,0,0
2019-12-24 02:25:00+00:00,1146.64,1146.64,1146.64,1146.64,0,0,0
2019-12-24 02:30:00+00:00,1146.45,1146.45,1146.45,1146.45,0,0,0
2019-12-24 03:10:00+00:00,1146.72,1146.72,1146.72,1146.72,0,0,0
2019-12-24 03:15:00+00:00,1146.64,1146.64,1146.64,1146.64,0,0,0
2019-12-24 03:20:00+00:00,1146.62,1146.62,1146.62,1146.62,0,0,0
2019-12-24 03:25:00+00:00,1146.62,1146.62,1146.62,1146.62,0,0,0
2019-12-24 03:30:00+00:00,1146.64,1146.64,1146.64,1146.64,0,0,0
2019-12-24 03:35:00+00:00,1146.7,1146.7,1146.7,1146.7,0,0,0
2019-12-24 05:00:00+00:00,1146.65,1146.65,1146.65,1146.65,0,0,0
2019-12-24 05:05:00+00:00,1146.6,1146.6,1146.6,1146.6,0,0,0
2019-12-24 05:10:00+00:00,1146.67,1146.67,1146.67,1146.67,0,0,0
2019-12-24 05:15:00+00:00,1146.6801,1146.6801,1146.6801,1146.6801,0,0,0
2019-12-24 05:20:00+00:00,1146.8101,1146.8101,1146.8101,1146.8101,0,0,0
2019-12-24 05:25:00+00:00,1146.8,1146.8,1146.8,1146.8,0,0,0
2019-12-24 05:30:00+00:00,1146.76,1146.76,1146.76,1146.76,0,0,0
2019-12-24 05:35:00+00:00,1146.77,1146.77,1146.77,1146.77,0,0,0
2019-12-24 05:40:00+00:00,1146.64,1146.64,1146.64,1146.64,0,0,0
2019-12-24 13:40:00+00:00,1146.67,1146.67,1146.67,1146.67,0,0,0
2019-12-24 13:45:00+00:00,1146.66,1146.66,1146.66,1146.66,0,0,0
2019-12-24 13:50:00+00:00,1146.13,1146.13,1146.13,1146.13,0,0,0
2019-12-24 13:55:00+00:00,1146.53,1146.53,1146.53,1146.53,0,0,0
2019-12-24 14:00:00+00:00,1146.58,1146.58,1146.58,1146.58,0,0,0
2019-12-24 14:05:00+00:00,1146.62,1146.62,1146.62,1146.62,0,0,0
2019-12-24 14:10:00+00:00,1146.83,1146.83,1146.83,1146.83,0,0,0
2019-12-24 14:15:00+00:00,1146.8,1146.8,1146.8,1146.8,0,0,0
2019-12-24 14:20:00+00:00,1146.5601,1146.5601,1146.5601,1146.5601,0,0,0
2019-12-24 14:25:00+00:00,1146.53,1146.53,1146.53,1146.53,0,0,0
2019-12-24 14:30:00+00:00,1146.78,1146.78,1146.78,1146.78,0,0,0
2019-12-24 14:35:00+00:00,1146.6,1146.6,1146.6,1146.6,0,0,0
2019-12-24 14:40:00+00:00,1146.64,1146.64,1146.64,1146.64,0,0,0
2019-12-24 14:45:00+00:00,1146.66,1146.66,1146.66,1146.66,0,0,0
2019-12-24 15:15:00+00:00,1144.53,1144.53,1144.53,1144.53,0,0,0
2019-12-24 15:20:00+00:00,1144.63,1144.63,1144.63,1144.63,0,0,0
2019-12-24 15:25:00+00:00,1144.74,1144.74,1144.74,1144.74,0,0,0
2019-12-24 15:30:00+00:00,1144.8101,1144.8101,1144.8101,1144.8101,0,0,0
2019-12-24 15:35:00+00:00,1144.98,1144.98,1144.98,1144.98,0,0,0
2019-12-24 15:40:00+00:00,1145.25,1145.25,1145.25,1145.25,0,0,0
2019-12-24 16:05:00+00:00,1146.6899,1146.6899,1146.6899,1146.6899,0,0,0
2019-12-24 16:10:00+00:00,1146.98,1146.98,1146.98,1146.98,0,0,0
2019-12-24 16:15:00+00:00,1146.91,1146.91,1146.91,1146.91,0,0,0
2019-12-24 16:20:00+00:00,1146.78,1146.78,1146.78,1146.78,0,0,0
2019-12-24 16:25:00+00:00,1146.72,1146.72,1146.72,1146.72,0,0,0
2019-12-24 16:30:00+00:00,1146.8,1146.8,1146.8,1146.8,0,0,0
2019-12-24 16:50:00+00:00,1144.45,1144.45,1144.45,1144.45,0,0,0
2019-12-24 16:55:00+00:00,1145.9399,1145.9399,1145.9399,1145.9399,0,0,0
2019-12-24 17:00:00+00:00,1146.3101,1146.3101,1146.3101,1146.3101,0,0,0
2019-12-24 17:05:00+00:00,1146.01,1146.01,1146.01,1146.01,0,0,0
2019-12-24 17:10:00+00:00,1146.17,1146.17,1146.17,1146.17,0,0,0
2019-12-24 17:15:00+00:00,1146.08,1146.08,1146.08,1146.08,0,0,0
2019-12-24 17:20:00+00:00,1146.0601,1146.0601,1146.0601,1146.0601,0,0,0
2019-12-24 18:20:00+00:00,1148.4,1148.4,1148.4,1148.4,0,0,0
2019-12-24 18:25:00+00:00,1143.65,1143.65,1143.65,1143.65,0,0,0
2019-12-24 18:30:00+00:00,1143.46,1143.46,1143.46,1143.46,0,0,0
2019-12-24 18:35:00+00:00,1143.48,1143.48,1143.48,1143.48,0,0,0
2019-12-24 18:40:00+00:00,1143.46,1143.46,1143.46,1143.46,0,0,0
2019-12-24 18:45:00+00:00,1147.86,1147.86,1147.86,1147.86,0,0,0
2019-12-24 18:50:00+00:00,1147.75,1147.75,1147.75,1147.75,0,0,0
2019-12-24 18:55:00+00:00,1147.71,1147.71,1147.71,1147.71,0,0,0
2019-12-24 19:00:00+00:00,1147.58,1147.58,1147.58,1147.58,0,0,0
2019-12-24 19:05:00+00:00,1147.5,1147.5,1147.5,1147.5,0,0,0
2019-12-24 19:10:00+00:00,1147.65,1147.65,1147.65,1147.65,0,0,0
2019-12-24 19:20:00+00:00,1147.53,1147.53,1147.53,1147.53,0,0,0
2019-12-24 19:25:00+00:00,1145.8199,1145.8199,1145.8199,1145.8199,0,0,0
2019-12-24 19:30:00+00:00,1145.8101,1145.8101,1145.8101,1145.8101,0,0,0
2019-12-24 19:35:00+00:00,1145.76,1145.76,1145.76,1145.76,0,0,0
2019-12-24 19:40:00+00:00,1145.83,1145.83,1145.83,1145.83,0,0,0
2019-12-24 19:45:00+00:00,1145.96,1145.96,1145.96,1145.96,0,0,0
2019-12-24 19:50:00+00:00,1145.8,1145.8,1145.8,1145.8,0,0,0
2019-12-24 19:55:00+00:00,1145.83,1145.83,1145.83,1145.83,0,0,0
2019-12-24 20:00:00+00:00,1146.13,1146.13,1146.13,1146.13,0,0,0
2019-12-24 20:05:00+00:00,1145.85,1145.85,1145.85,1145.85,0,0,0
2019-12-24 20:10:00+00:00,1145.96,1145.96,1145.96,1145.96,0,0,0
2019-12-24 22:05:00+00:00,1145.9,1145.9,1145.9,1145.9,0,0,0
2019-12-24 22:10:00+00:00,1145.89,1145.89,1145.89,1145.89,0,0,0
2019-12-24 22:15:00+00:00,1145.89,1145.89,1145.89,1145.89,0,0,0
2019-12-24 22:20:00+00:00,1145.8,1145.8,1145.8,1145.8,0,0,0
2019-12-24 22:25:00+00:00,1145.8,1145.8,1145.8,1145.8,0,0,0
2019-12-24 22:30:00+00:00,1145.86,1145.86,1145.86,1145.86,0,0,0
2019-12-24 22:55:00+00:00,1145.87,1145.87,1145.87,1145.87,0,0,0
2019-12-24 23:00:00+00:00,1145.86,1145.86,1145.86,1145.86,0,0,0
2019-12-24 23:05:00+00:00,1146.24,1146.24,1146.24,1146.24,0,0,0
2019-12-24 23:10:00+00:00,1146.09,1146.09,1146.09,1146.09,0,0,0
2019-12-24 23:15:00+00:00,1146.1899,1146.1899,1146.1899,1146.1899,0,0,0
2019-12-24 23:20:00+00:00,1146.09,1146.09,1146.09,1146.09,0,0,0
2019-12-24 23:45:00+00:00,1146.02,1146.02,1146.02,1146.02,0,0,0
2019-12-24 23:50:00+00:00,1146.21,1146.21,1146.21,1146.21,0,0,0
2019-12-24 23:55:00+00:00,1146.13,1146.13,1146.13,1146.13,0,0,0
2019-12-25 00:00:00+00:00,1145.9,1145.9,1145.9,1145.9,0,0,0
2019-12-25 00:05:00+00:00,1145.85,1145.85,1145.85,1145.85,0,0,0
2019-12-25 00:10:00+00:00,1145.85,1145.85,1145.85,1145.85,0,0,0
2019-12-25 05:05:00+00:00,1146.1899,1146.1899,1146.1899,1146.1899,0,0,0
2019-12-25 05:10:00+00:00,1146.0,1146.0,1146.0,1146.0,0,0,0
2019-12-25 05:15:00+00:00,1146.1899,1146.1899,1146.1899,1146.1899,0,0,0
2019-12-25 05:20:00+00:00,1146.12,1146.12,1146.12,1146.12,0,0,0
2019-12-25 05:25:00+00:00,1146.09,1146.09,1146.09,1146.09,0,0,0
2019-12-25 05:30:00+00:00,1146.16,1146.16,1146.16,1146.16,0,0,0
2019-12-25 05:35:00+00:00,1146.1899,1146.1899,1146.1899,1146.1899,0,0,0
2019-12-25 05:40:00+00:00,1146.29,1146.29,1146.29,1146.29,0,0,0
2019-12-25 14:30:00+00:00,1145.53,1145.53,1145.53,1145.53,0,0,0
2019-12-25 14:35:00+00:00,1145.52,1145.52,1145.52,1145.52,0,0,0
2019-12-25 14:40:00+00:00,1145.5,1145.5,1145.5,1145.5,0,0,0
2019-12-25 14:45:00+00:00,1145.8101,1145.8101,1145.8101,1145.8101,0,0,0
2019-12-25 14:50:00+00:00,1145.7,1145.7,1145.7,1145.7,0,0,0
2019-12-25 14:55:00+00:00,1145.7,1145.7,1145.7,1145.7,0,0,0
2019-12-25 15:30:00+00:00,1145.15,1145.15,1145.15,1145.15,0,0,0
2019-12-25 15:35:00+00:00,1145.15,1145.15,1145.15,1145.15,0,0,0
2019-12-25 15:40:00+00:00,1145.15,1145.15,1145.15,1145.15,0,0,0
2019-12-25 15:45:00+00:00,1145.61,1145.61,1145.61,1145.61,0,0,0
2019-12-25 15:50:00+00:00,1145.61,1145.61,1145.61,1145.61,0,0,0
2019-12-25 15:55:00+00:00,1145.61,1145.61,1145.61,1145.61,0,0,0
2019-12-25 16:35:00+00:00,1145.84,1145.84,1145.84,1145.84,0,0,0
2019-12-25 16:40:00+00:00,1145.84,1145.84,1145.84,1145.84,0,0,0
2019-12-25 16:45:00+00:00,1145.84,1145.84,1145.84,1145.84,0,0,0
2019-12-25 16:50:00+00:00,1145.88,1145.88,1145.88,1145.88,0,0,0
2019-12-25 16:55:00+00:00,1145.8199,1145.8199,1145.8199,1145.8199,0,0,0
2019-12-25 17:00:00+00:00,1145.8199,1145.8199,1145.8199,1145.8199,0,0,0
2019-12-25 17:05:00+00:00,1146.1801,1146.1801,1146.1801,1146.1801,0,0,0
2019-12-25 17:10:00+00:00,1146.1801,1146.1801,1146.1801,1146.1801,0,0,0
2019-12-25 17:15:00+00:00,1146.1801,1146.1801,1146.1801,1146.1801,0,0,0
2019-12-25 17:20:00+00:00,1146.1801,1146.1801,1146.1801,1146.1801,0,0,0
2019-12-25 17:25:00+00:00,1146.53,1146.53,1146.53,1146.53,0,0,0
2019-12-25 17:30:00+00:00,1146.61,1146.61,1146.61,1146.61,0,0,0
2019-12-25 17:35:00+00:00,1146.61,1146.61,1146.61,1146.61,0,0,0
2019-12-25 22:05:00+00:00,1146.17,1146.17,1146.17,1146.17,0,0,0
2019-12-25 23:45:00+00:00,1146.45,1146.45,1146.45,1146.45,0,0,0
2019-12-25 23:50:00+00:00,1146.6899,1146.6899,1146.6899,1146.6899,0,0,0
2019-12-25 23:55:00+00:00,1146.5699,1146.5699,1146.5699,1146.5699,0,0,0
2019-12-26 00:00:00+00:00,1146.61,1146.61,1146.61,1146.61,0,0,0
2019-12-26 00:05:00+00:00,1146.53,1146.53,1146.53,1146.53,0,0,0
2019-12-26 00:10:00+00:00,1146.66,1146.66,1146.66,1146.66,0,0,0
2019-12-26 14:40:00+00:00,1146.17,1146.17,1146.17,1146.17,0,0,0
2019-12-26 14:45:00+00:00,1146.46,1146.46,1146.46,1146.46,0,0,0
2019-12-26 14:50:00+00:00,1146.55,1146.55,1146.55,1146.55,0,0,0
2019-12-26 14:55:00+00:00,1146.34,1146.34,1146.34,1146.34,0,0,0
2019-12-26 15:00:00+00:00,1146.01,1146.01,1146.01,1146.01,0,0,0
2019-12-26 15:05:00+00:00,1146.6899,1146.6899,1146.6899,1146.6899,0,0,0
2019-12-26 15:40:00+00:00,1152.6899,1152.6899,1152.6899,1152.6899,0,0,0
2019-12-26 15:45:00+00:00,1152.62,1152.62,1152.62,1152.62,0,0,0
2019-12-26 15:50:00+00:00,1152.79,1152.79,1152.79,1152.79,0,0,0
2019-12-26 15:55:00+00:00,1153.48,1153.48,1153.48,1153.48,0,0,0
2019-12-26 16:00:00+00:00,1148.3,1148.3,1148.3,1148.3,0,0,0
2019-12-26 16:05:00+00:00,1147.76,1147.76,1147.76,1147.76,0,0,0
2019-12-26 16:10:00+00:00,1150.02,1150.02,1150.02,1150.02,0,0,0
2019-12-26 16:15:00+00:00,1150.03,1150.03,1150.03,1150.03,0,0,0
2019-12-26 16:20:00+00:00,1149.63,1149.63,1149.63,1149.63,0,0,0
2019-12-26 16:25:00+00:00,1150.05,1150.05,1150.05,1150.05,0,0,0
2019-12-26 16:30:00+00:00,1149.12,1149.12,1149.12,1149.12,0,0,0
2019-12-26 16:35:00+00:00,1149.15,1149.15,1149.15,1149.15,0,0,0
2019-12-26 16:40:00+00:00,1149.04,1149.04,1149.04,1149.04,0,0,0
2019-12-26 16:45:00+00:00,1149.1899,1149.1899,1149.1899,1149.1899,0,0,0
2019-12-26 16:50:00+00:00,1148.95,1148.95,1148.95,1148.95,0,0,0
2019-12-26 16:55:00+00:00,1149.28,1149.28,1149.28,1149.28,0,0,0
2019-12-26 17:00:00+00:00,1149.46,1149.46,1149.46,1149.46,0,0,0
2019-12-26 17:05:00+00:00,1149.4399,1149.4399,1149.4399,1149.4399,0,0,0
2019-12-26 17:10:00+00:00,1149.65,1149.65,1149.65,1149.65,0,0,0
2019-12-26 17:15:00+00:00,1147.91,1147.91,1147.91,1147.91,0,0,0
2019-12-26 17:20:00+00:00,1147.97,1147.97,1147.97,1147.97,0,0,0
2019-12-26 17:25:00+00:00,1147.92,1147.92,1147.92,1147.92,0,0,0
2019-12-26 17:30:00+00:00,1147.9301,1147.9301,1147.9301,1147.9301,0,0,0
2019-12-26 17:35:00+00:00,1148.04,1148.04,1148.04,1148.04,0,0,0
2019-12-26 17:40:00+00:00,1148.09,1148.09,1148.09,1148.09,0,0,0
2019-12-26 19:30:00+00:00,1151.03,1151.03,1151.03,1151.03,0,0,0
2019-12-26 19:35:00+00:00,1150.9399,1150.9399,1150.9399,1150.9399,0,0,0
2019-12-26 19:40:00+00:00,1151.04,1151.04,1151.04,1151.04,0,0,0
2019-12-26 19:45:00+00:00,1151.03,1151.03,1151.03,1151.03,0,0,0
2019-12-26 19:50:00+00:00,1150.8101,1150.8101,1150.8101,1150.8101,0,0,0
2019-12-26 19:55:00+00:00,1151.14,1151.14,1151.14,1151.14,0,0,0
2019-12-26 20:00:00+00:00,1151.05,1151.05,1151.05,1151.05,0,0,0
2019-12-26 20:05:00+00:00,1151.13,1151.13,1151.13,1151.13,0,0,0
2019-12-26 20:10:00+00:00,1149.4301,1149.4301,1149.4301,1149.4301,0,0,0
2019-12-26 20:15:00+00:00,1149.4301,1149.4301,1149.4301,1149.4301,0,0,0
2019-12-26 20:20:00+00:00,1149.22,1149.22,1149.22,1149.22,0,0,0
2019-12-26 20:25:00+00:00,1149.23,1149.23,1149.23,1149.23,0,0,0
2019-12-26 20:30:00+00:00,1149.09,1149.09,1149.09,1149.09,0,0,0
2019-12-26 20:35:00+00:00,1149.1899,1149.1899,1149.1899,1149.1899,0,0,0
2019-12-26 22:40:00+00:00,1149.95,1149.95,1149.95,1149.95,0,0,0
2019-12-26 22:45:00+00:00,1150.42,1150.42,1150.42,1150.42,0,0,0
2019-12-26 22:50:00+00:00,1150.4301,1150.4301,1150.4301,1150.4301,0,0,0
2019-12-26 22:55:00+00:00,1150.6899,1150.6899,1150.6899,1150.6899,0,0,0
2019-12-26 23:00:00+00:00,1150.46,1150.46,1150.46,1150.46,0,0,0
2019-12-26 23:05:00+00:00,1150.51,1150.51,1150.51,1150.51,0,0,0
2019-12-26 23:45:00+00:00,1150.55,1150.55,1150.55,1150.55,0,0,0
2019-12-26 23:50:00+00:00,1150.47,1150.47,1150.47,1150.47,0,0,0
2019-12-26 23:55:00+00:00,1150.45,1150.45,1150.45,1150.45,0,0,0
2019-12-27 00:00:00+00:00,1150.4399,1150.4399,1150.4399,1150.4399,0,0,0
2019-12-27 00:05:00+00:00,1150.1801,1150.1801,1150.1801,1150.1801,0,0,0
2019-12-27 00:10:00+00:00,1150.03,1150.03,1150.03,1150.03,0,0,0
2019-12-27 00:30:00+00:00,1149.6,1149.6,1149.6,1149.6,0,0,0
2019-12-27 00:35:00+00:00,1150.0,1150.0,1150.0,1150.0,0,0,0
2019-12-27 00:40:00+00:00,1150.03,1150.03,1150.03,1150.03,0,0,0
2019-12-27 00:45:00+00:00,1150.04,1150.04,1150.04,1150.04,0,0,0
2019-12-27 00:50:00+00:00,1150.12,1150.12,1150.12,1150.12,0,0,0
2019-12-27 00:55:00+00:00,1150.21,1150.21,1150.21,1150.21,0,0,0
2019-12-27 01:00:00+00:00,1150.08,1150.08,1150.08,1150.08,0,0,0
2019-12-27 05:40:00+00:00,1150.95,1150.95,1150.95,1150.95,0,0,0
2019-12-27 05:45:00+00:00,1150.9301,1150.9301,1150.9301,1150.9301,0,0,0
2019-12-27 05:50:00+00:00,1151.09,1151.09,1151.09,1151.09,0,0,0
2019-12-27 05:55:00+00:00,1151.08,1151.08,1151.08,1151.08,0,0,0
2019-12-27 06:00:00+00:00,1151.33,1151.33,1151.33,1151.33,0,0,0
2019-12-27 06:05:00+00:00,1151.35,1151.35,1151.35,1151.35,0,0,0
2019-12-27 13:25:00+00:00,1152.89,1152.89,1152.89,1152.89,0,0,0
2019-12-27 13:30:00+00:00,1152.87,1152.87,1152.87,1152.87,0,0,0
2019-12-27 13:35:00+00:00,1153.01,1153.01,1153.01,1153.01,0,0,0
2019-12-27 13:40:00+00:00,1152.86,1152.86,1152.86,1152.86,0,0,0
2019-12-27 13:45:00+00:00,1153.15,1153.15,1153.15,1153.15,0,0,0
2019-12-27 13:50:00+00:00,1153.02,1153.02,1153.02,1153.02,0,0,0
2019-12-27 13:55:00+00:00,1152.95,1152.95,1152.95,1152.95,0,0,0
2019-12-27 14:00:00+00:00,1152.4301,1152.4301,1152.4301,1152.4301,0,0,0
2019-12-27 16:05:00+00:00,1152.87,1152.87,1152.87,1152.87,0,0,0
2019-12-27 16:10:00+00:00,1152.4399,1152.4399,1152.4399,1152.4399,0,0,0
2019-12-27 16:15:00+00:00,1153.0,1153.0,1153.0,1153.0,0,0,0
2019-12-27 16:20:00+00:00,1152.86,1152.86,1152.86,1152.86,0,0,0
2019-12-27 16:25:00+00:00,1152.71,1152.71,1152.71,1152.71,0,0,0
2019-12-27 16:30:00+00:00,1152.9301,1152.9301,1152.9301,1152.9301,0,0,0
2019-12-27 16:55:00+00:00,1155.96,1155.96,1155.96,1155.96,0,0,0
2019-12-27 17:00:00+00:00,1155.98,1155.98,1155.98,1155.98,0,0,0
2019-12-27 17:05:00+00:00,1156.22,1156.22,1156.22,1156.22,0,0,0
2019-12-27 17:10:00+00:00,1156.46,1156.46,1156.46,1156.46,0,0,0
2019-12-27 17:15:00+00:00,1156.01,1156.01,1156.01,1156.01,0,0,0
2019-12-27 17:20:00+00:00,1155.76,1155.76,1155.76,1155.76,0,0,0
2019-12-27 17:25:00+00:00,1155.75,1155.75,1155.75,1155.75,0,0,0
2019-12-27 17:30:00+00:00,1153.65,1153.65,1153.65,1153.65,0,0,0
2019-12-27 17:35:00+00:00,1153.91,1153.91,1153.91,1153.91,0,0,0
2019-12-27 17:40:00+00:00,1154.01,1154.01,1154.01,1154.01,0,0,0
2019-12-27 17:45:00+00:00,1153.89,1153.89,1153.89,1153.89,0,0,0
2019-12-27 17:50:00+00:00,1153.75,1153.75,1153.75,1153.75,0,0,0
2019-12-27 17:55:00+00:00,1153.6801,1153.6801,1153.6801,1153.6801,0,0,0
2019-12-27 19:10:00+00:00,1154.0,1154.0,1154.0,1154.0,0,0,0
2019-12-27 19:15:00+00:00,1153.95,1153.95,1153.95,1153.95,0,0,0
2019-12-27 19:20:00+00:00,1153.55,1153.55,1153.55,1153.55,0,0,0
2019-12-27 19:25:00+00:00,1153.52,1153.52,1153.52,1153.52,0,0,0
2019-12-27 19:30:00+00:00,1153.54,1153.54,1153.54,1153.54,0,0,0
2019-12-27 19:35:00+00:00,1153.77,1153.77,1153.77,1153.77,0,0,0
2019-12-27 20:50:00+00:00,1153.0601,1153.0601,1153.0601,1153.0601,0,0,0
2019-12-27 20:55:00+00:00,1152.98,1152.98,1152.98,1152.98,0,0,0
2019-12-27 21:00:00+00:00,1152.91,1152.91,1152.91,1152.91,0,0,0
2019-12-27 21:05:00+00:00,1152.75,1152.75,1152.75,1152.75,0,0,0
2019-12-27 21:10:00+00:00,1152.79,1152.79,1152.79,1152.79,0,0,0
2019-12-27 21:15:00+00:00,1152.91,1152.91,1152.91,1152.91,0,0,0
2019-12-27 21:20:00+00:00,1152.98,1152.98,1152.98,1152.98,0,0,0
2019-12-27 21:25:00+00:00,1153.0601,1153.0601,1153.0601,1153.0601,0,0,0
2019-12-27 21:30:00+00:00,1153.01,1153.01,1153.01,1153.01,0,0,0
2019-12-27 21:35:00+00:00,1152.66,1152.66,1152.66,1152.66,0,0,0
2019-12-27 21:40:00+00:00,1152.65,1152.65,1152.65,1152.65,0,0,0
2019-12-27 21:45:00+00:00,1152.72,1152.72,1152.72,1152.72,0,0,0
2019-12-27 21:50:00+00:00,1152.9301,1152.9301,1152.9301,1152.9301,0,0,0
2019-12-27 22:35:00+00:00,1153.3,1153.3,1153.3,1153.3,0,0,0
2019-12-27 22:40:00+00:00,1153.3,1153.3,1153.3,1153.3,0,0,0
2019-12-27 22:45:00+00:00,1153.3,1153.3,1153.3,1153.3,0,0,0
2019-12-27 22:50:00+00:00,1153.3,1153.3,1153.3,1153.3,0,0,0
2019-12-27 22:55:00+00:00,1153.3,1153.3,1153.3,1153.3,0,0,0
2019-12-27 23:00:00+00:00,1153.3,1153.3,1153.3,1153.3,0,0,0
2019-12-27 23:05:00+00:00,1153.3,1153.3,1153.3,1153.3,0,0,0
2019-12-27 23:10:00+00:00,1153.3,1153.3,1153.3,1153.3,0,0,0
2019-12-30 01:35:00+00:00,1154.04,1154.04,1154.04,1154.04,0,0,0
2019-12-30 01:40:00+00:00,1154.16,1154.16,1154.16,1154.16,0,0,0
2019-12-30 01:45:00+00:00,1153.9301,1153.9301,1153.9301,1153.9301,0,0,0
2019-12-30 01:50:00+00:00,1154.34,1154.34,1154.34,1154.34,0,0,0
2019-12-30 01:55:00+00:00,1154.3101,1154.3101,1154.3101,1154.3101,0,0,0
2019-12-30 02:00:00+00:00,1154.29,1154.29,1154.29,1154.29,0,0,0
2019-12-30 14:55:00+00:00,1154.61,1154.61,1154.61,1154.61,0,0,0
2019-12-30 15:00:00+00:00,1153.87,1153.87,1153.87,1153.87,0,0,0
2019-12-30 15:05:00+00:00,1154.14,1154.14,1154.14,1154.14,0,0,0
2019-12-30 15:10:00+00:00,1154.4399,1154.4399,1154.4399,1154.4399,0,0,0
2019-12-30 15:15:00+00:00,1154.36,1154.36,1154.36,1154.36,0,0,0
2019-12-30 15:20:00+00:00,1154.84,1154.84,1154.84,1154.84,0,0,0
2019-12-30 15:25:00+00:00,1154.95,1154.95,1154.95,1154.95,0,0,0
2019-12-30 15:30:00+00:00,1154.73,1154.73,1154.73,1154.73,0,0,0
2019-12-30 15:35:00+00:00,1154.74,1154.74,1154.74,1154.74,0,0,0
2019-12-30 15:40:00+00:00,1155.08,1155.08,1155.08,1155.08,0,0,0
2019-12-30 15:45:00+00:00,1155.03,1155.03,1155.03,1155.03,0,0,0
2019-12-30 17:45:00+00:00,1158.12,1158.12,1158.12,1158.12,0,0,0
2019-12-30 17:50:00+00:00,1158.39,1158.39,1158.39,1158.39,0,0,0
2019-12-30 17:55:00+00:00,1157.4,1157.4,1157.4,1157.4,0,0,0
2019-12-30 18:00:00+00:00,1157.04,1157.04,1157.04,1157.04,0,0,0
2019-12-30 18:05:00+00:00,1157.1899,1157.1899,1157.1899,1157.1899,0,0,0
2019-12-30 18:10:00+00:00,1156.98,1156.98,1156.98,1156.98,0,0,0
2019-12-30 18:15:00+00:00,1157.03,1157.03,1157.03,1157.03,0,0,0
2019-12-30 18:20:00+00:00,1157.27,1157.27,1157.27,1157.27,0,0,0
2019-12-30 20:00:00+00:00,1155.65,1155.65,1155.65,1155.65,0,0,0
2019-12-30 20:05:00+00:00,1155.46,1155.46,1155.46,1155.46,0,0,0
2019-12-30 20:10:00+00:00,1155.38,1155.38,1155.38,1155.38,0,0,0
2019-12-30 20:15:00+00:00,1155.41,1155.41,1155.41,1155.41,0,0,0
2019-12-30 20:20:00+00:00,1155.1899,1155.1899,1155.1899,1155.1899,0,0,0
2019-12-30 20:25:00+00:00,1155.33,1155.33,1155.33,1155.33,0,0,0
2019-12-30 20:30:00+00:00,1155.1899,1155.1899,1155.1899,1155.1899,0,0,0
2019-12-30 20:35:00+00:00,1155.34,1155.34,1155.34,1155.34,0,0,0
2019-12-30 20:40:00+00:00,1155.26,1155.26,1155.26,1155.26,0,0,0
2019-12-30 20:45:00+00:00,1155.23,1155.23,1155.23,1155.23,0,0,0
2019-12-30 20:50:00+00:00,1155.24,1155.24,1155.24,1155.24,0,0,0
2019-12-30 21:00:00+00:00,1155.11,1155.11,1155.11,1155.11,0,0,0
2019-12-30 21:05:00+00:00,1155.28,1155.28,1155.28,1155.28,0,0,0
2019-12-30 21:10:00+00:00,1155.1,1155.1,1155.1,1155.1,0,0,0
2019-12-30 21:15:00+00:00,1155.5699,1155.5699,1155.5699,1155.5699,0,0,0
2019-12-30 21:20:00+00:00,1155.24,1155.24,1155.24,1155.24,0,0,0
2019-12-30 21:25:00+00:00,1155.0601,1155.0601,1155.0601,1155.0601,0,0,0
2019-12-30 22:15:00+00:00,1154.41,1154.41,1154.41,1154.41,0,0,0
2019-12-30 22:20:00+00:00,1154.63,1154.63,1154.63,1154.63,0,0,0
2019-12-30 22:25:00+00:00,1154.58,1154.58,1154.58,1154.58,0,0,0
2019-12-30 22:30:00+00:00,1154.5699,1154.5699,1154.5699,1154.5699,0,0,0
2019-12-30 22:35:00+00:00,1154.6899,1154.6899,1154.6899,1154.6899,0,0,0
2019-12-30 22:40:00+00:00,1154.24,1154.24,1154.24,1154.24,0,0,0
2019-12-30 23:00:00+00:00,1154.85,1154.85,1154.85,1154.85,0,0,0
2019-12-30 23:05:00+00:00,1155.09,1155.09,1155.09,1155.09,0,0,0
2019-12-30 23:10:00+00:00,1155.09,1155.09,1155.09,1155.09,0,0,0
2019-12-30 23:15:00+00:00,1155.17,1155.17,1155.17,1155.17,0,0,0
2019-12-30 23:20:00+00:00,1155.13,1155.13,1155.13,1155.13,0,0,0
2019-12-30 23:25:00+00:00,1155.0699,1155.0699,1155.0699,1155.0699,0,0,0
2019-12-30 23:45:00+00:00,1154.58,1154.58,1154.58,1154.58,0,0,0
2019-12-30 23:50:00+00:00,1154.9301,1154.9301,1154.9301,1154.9301,0,0,0
2019-12-30 23:55:00+00:00,1154.96,1154.96,1154.96,1154.96,0,0,0
2019-12-31 00:00:00+00:00,1155.03,1155.03,1155.03,1155.03,0,0,0
2019-12-31 00:05:00+00:00,1155.02,1155.02,1155.02,1155.02,0,0,0
2019-12-31 00:10:00+00:00,1155.23,1155.23,1155.23,1155.23,0,0,0
2019-12-31 00:15:00+00:00,1155.22,1155.22,1155.22,1155.22,0,0,0
2019-12-31 04:50:00+00:00,1155.83,1155.83,1155.83,1155.83,0,0,0
2019-12-31 04:55:00+00:00,1155.84,1155.84,1155.84,1155.84,0,0,0
2019-12-31 05:00:00+00:00,1155.84,1155.84,1155.84,1155.84,0,0,0
2019-12-31 05:05:00+00:00,1155.8199,1155.8199,1155.8199,1155.8199,0,0,0
2019-12-31 05:10:00+00:00,1155.87,1155.87,1155.87,1155.87,0,0,0
2019-12-31 05:15:00+00:00,1156.0601,1156.0601,1156.0601,1156.0601,0,0,0
2019-12-31 13:50:00+00:00,1160.3199,1160.3199,1160.3199,1160.3199,0,0,0
2019-12-31 13:55:00+00:00,1160.26,1160.26,1160.26,1160.26,0,0,0
2019-12-31 14:00:00+00:00,1160.9301,1160.9301,1160.9301,1160.9301,0,0,0
2019-12-31 14:05:00+00:00,1160.17,1160.17,1160.17,1160.17,0,0,0
2019-12-31 14:10:00+00:00,1159.75,1159.75,1159.75,1159.75,0,0,0
2019-12-31 14:15:00+00:00,1159.64,1159.64,1159.64,1159.64,0,0,0
2019-12-31 14:20:00+00:00,1159.6899,1159.6899,1159.6899,1159.6899,0,0,0
2019-12-31 14:55:00+00:00,1164.35,1164.35,1164.35,1164.35,0,0,0
2019-12-31 15:00:00+00:00,1163.6899,1163.6899,1163.6899,1163.6899,0,0,0
2019-12-31 15:05:00+00:00,1164.0,1164.0,1164.0,1164.0,0,0,0
2019-12-31 15:10:00+00:00,1160.45,1160.45,1160.45,1160.45,0,0,0
2019-12-31 15:15:00+00:00,1160.54,1160.54,1160.54,1160.54,0,0,0
2019-12-31 15:20:00+00:00,1160.84,1160.84,1160.84,1160.84,0,0,0
2019-12-31 15:25:00+00:00,1161.5,1161.5,1161.5,1161.5,0,0,0
2019-12-31 15:30:00+00:00,1164.4399,1164.4399,1164.4399,1164.4399,0,0,0
2019-12-31 15:35:00+00:00,1162.6899,1162.6899,1162.6899,1162.6899,0,0,0
2019-12-31 15:40:00+00:00,1162.51,1162.51,1162.51,1162.51,0,0,0
2019-12-31 15:45:00+00:00,1162.51,1162.51,1162.51,1162.51,0,0,0
2019-12-31 15:50:00+00:00,1162.77,1162.77,1162.77,1162.77,0,0,0
2019-12-31 15:55:00+00:00,1162.89,1162.89,1162.89,1162.89,0,0,0
2019-12-31 16:00:00+00:00,1162.92,1162.92,1162.92,1162.92,0,0,0
2019-12-31 16:05:00+00:00,1162.6801,1162.6801,1162.6801,1162.6801,0,0,0
2019-12-31 17:00:00+00:00,1163.61,1163.61,1163.61,1163.61,0,0,0
2019-12-31 17:05:00+00:00,1163.14,1163.14,1163.14,1163.14,0,0,0
2019-12-31 17:10:00+00:00,1162.73,1162.73,1162.73,1162.73,0,0,0
2019-12-31 17:15:00+00:00,1162.4,1162.4,1162.4,1162.4,0,0,0
2019-12-31 17:20:00+00:00,1162.29,1162.29,1162.29,1162.29,0,0,0
2019-12-31 17:25:00+00:00,1162.16,1162.16,1162.16,1162.16,0,0,0
2019-12-31 17:30:00+00:00,1161.97,1161.97,1161.97,1161.97,0,0,0
2019-12-31 19:00:00+00:00,1162.5601,1162.5601,1162.5601,1162.5601,0,0,0
2019-12-31 19:05:00+00:00,1162.34,1162.34,1162.34,1162.34,0,0,0
2019-12-31 19:10:00+00:00,1162.46,1162.46,1162.46,1162.46,0,0,0
2019-12-31 19:15:00+00:00,1162.46,1162.46,1162.46,1162.46,0,0,0
2019-12-31 19:20:00+00:00,1162.53,1162.53,1162.53,1162.53,0,0,0
2019-12-31 19:25:00+00:00,1162.3199,1162.3199,1162.3199,1162.3199,0,0,0
2019-12-31 19:30:00+00:00,1162.25,1162.25,1162.25,1162.25,0,0,0
2019-12-31 21:50:00+00:00,1161.8101,1161.8101,1161.8101,1161.8101,0,0,0
2019-12-31 21:55:00+00:00,1161.2,1161.2,1161.2,1161.2,0,0,0
2019-12-31 22:00:00+00:00,1161.5699,1161.5699,1161.5699,1161.5699,0,0,0
2019-12-31 22:05:00+00:00,1161.25,1161.25,1161.25,1161.25,0,0,0
2019-12-31 22:10:00+00:00,1161.25,1161.25,1161.25,1161.25,0,0,0
2019-12-31 22:15:00+00:00,1161.25,1161.25,1161.25,1161.25,0,0,0
2019-12-31 22:45:00+00:00,1161.54,1161.54,1161.54,1161.54,0,0,0
2019-12-31 22:50:00+00:00,1161.52,1161.52,1161.52,1161.52,0,0,0
2019-12-31 22:55:00+00:00,1161.48,1161.48,1161.48,1161.48,0,0,0
2019-12-31 23:00:00+00:00,1161.3,1161.3,1161.3,1161.3,0,0,0
2019-12-31 23:05:00+00:00,1160.09,1160.09,1160.09,1160.09,0,0,0
2020-01-01 00:55:00+00:00,1161.39,1161.39,1161.39,1161.39,0,0,0
2020-01-01 01:00:00+00:00,1161.39,1161.39,1161.39,1161.39,0,0,0
2020-01-01 01:05:00+00:00,1161.39,1161.39,1161.39,1161.39,0,0,0
2020-01-01 01:10:00+00:00,1161.39,1161.39,1161.39,1161.39,0,0,0
2020-01-01 01:15:00+00:00,1161.39,1161.39,1161.39,1161.39,0,0,0
2020-01-01 01:20:00+00:00,1161.39,1161.39,1161.39,1161.39,0,0,0
2020-01-01 15:45:00+00:00,1160.58,1160.58,1160.58,1160.58,0,0,0
2020-01-01 15:50:00+00:00,1161.48,1161.48,1161.48,1161.48,0,0,0
2020-01-01 15:55:00+00:00,1160.58,1160.58,1160.58,1160.58,0,0,0
2020-01-01 16:00:00+00:00,1160.58,1160.58,1160.58,1160.58,0,0,0
2020-01-01 16:00:00+00:00,1160.58,1160.58,1160.58,1160.58,0,0,0
2020-01-01 16:05:00+00:00,1160.58,1160.58,1160.58,1160.58,0,0,0
2020-01-01 16:10:00+00:00,1160.58,1160.58,1160.58,1160.58,0,0,0
2020-01-01 18:35:00+00:00,1161.39,1161.39,1161.39,1161.39,0,0,0
2020-01-01 18:40:00+00:00,1161.39,1161.39,1161.39,1161.39,0,0,0
2020-01-01 18:45:00+00:00,1161.39,1161.39,1161.39,1161.39,0,0,0
2020-01-01 18:50:00+00:00,1161.88,1161.88,1161.88,1161.88,0,0,0
2020-01-01 18:55:00+00:00,1161.88,1161.88,1161.88,1161.88,0,0,0
2020-01-01 19:00:00+00:00,1161.88,1161.88,1161.88,1161.88,0,0,0
2020-01-01 22:20:00+00:00,1161.8199,1161.8199,1161.8199,1161.8199,0,0,0
2020-01-01 22:25:00+00:00,1161.67,1161.67,1161.67,1161.67,0,0,0
2020-01-01 22:30:00+00:00,1161.87,1161.87,1161.87,1161.87,0,0,0
2020-01-01 22:35:00+00:00,1161.8101,1161.8101,1161.8101,1161.8101,0,0,0
2020-01-01 22:40:00+00:00,1161.86,1161.86,1161.86,1161.86,0,0,0
2020-01-01 22:45:00+00:00,1161.65,1161.65,1161.65,1161.65,0,0,0
2020-01-01 23:15:00+00:00,1162.3,1162.3,1162.3,1162.3,0,0,0
2020-01-01 23:20:00+00:00,1162.23,1162.23,1162.23,1162.23,0,0,0
2020-01-01 23:25:00+00:00,1162.3101,1162.3101,1162.3101,1162.3101,0,0,0
2020-01-01 23:30:00+00:00,1162.35,1162.35,1162.35,1162.35,0,0,0
2020-01-01 23:35:00+00:00,1162.45,1162.45,1162.45,1162.45,0,0,0
2020-01-01 23:40:00+00:00,1162.48,1162.48,1162.48,1162.48,0,0,0
2020-01-01 23:45:00+00:00,1162.4301,1162.4301,1162.4301,1162.4301,0,0,0
2020-01-01 23:50:00+00:00,1162.38,1162.38,1162.38,1162.38,0,0,0
2020-01-01 23:55:00+00:00,1162.3199,1162.3199,1162.3199,1162.3199,0,0,0
2020-01-02 00:00:00+00:00,1162.41,1162.41,1162.41,1162.41,0,0,0
2020-01-02 04:10:00+00:00,1161.46,1161.46,1161.46,1161.46,0,0,0
2020-01-02 04:15:00+00:00,1161.54,1161.54,1161.54,1161.54,0,0,0
2020-01-02 04:20:00+00:00,1161.61,1161.61,1161.61,1161.61,0,0,0
2020-01-02 04:25:00+00:00,1161.39,1161.39,1161.39,1161.39,0,0,0
2020-01-02 04:30:00+00:00,1161.41,1161.41,1161.41,1161.41,0,0,0
2020-01-02 04:35:00+00:00,1161.45,1161.45,1161.45,1161.45,0,0,0
2020-01-02 04:45:00+00:00,1161.38,1161.38,1161.38,1161.38,0,0,0
2020-01-02 04:50:00+00:00,1161.36,1161.36,1161.36,1161.36,0,0,0
2020-01-02 04:55:00+00:00,1161.15,1161.15,1161.15,1161.15,0,0,0
2020-01-02 05:00:00+00:00,1160.98,1160.98,1160.98,1160.98,0,0,0
2020-01-02 05:05:00+00:00,1161.14,1161.14,1161.14,1161.14,0,0,0
2020-01-02 05:10:00+00:00,1160.95,1160.95,1160.95,1160.95,0,0,0
2020-01-02 13:35:00+00:00,1160.5699,1160.5699,1160.5699,1160.5699,0,0,0
2020-01-02 13:40:00+00:00,1160.64,1160.64,1160.64,1160.64,0,0,0
2020-01-02 13:45:00+00:00,1161.12,1161.12,1161.12,1161.12,0,0,0
2020-01-02 13:50:00+00:00,1160.89,1160.89,1160.89,1160.89,0,0,0
2020-01-02 13:55:00+00:00,1161.08,1161.08,1161.08,1161.08,0,0,0
2020-01-02 14:00:00+00:00,1161.0601,1161.0601,1161.0601,1161.0601,0,0,0
2020-01-02 14:05:00+00:00,1160.9301,1160.9301,1160.9301,1160.9301,0,0,0
2020-01-02 14:10:00+00:00,1160.75,1160.75,1160.75,1160.75,0,0,0
2020-01-02 14:30:00+00:00,1159.21,1159.21,1159.21,1159.21,0,0,0
2020-01-02 14:35:00+00:00,1160.2,1160.2,1160.2,1160.2,0,0,0
2020-01-02 14:40:00+00:00,1163.5699,1163.5699,1163.5699,1163.5699,0,0,0
2020-01-02 14:45:00+00:00,1163.35,1163.35,1163.35,1163.35,0,0,0
2020-01-02 14:50:00+00:00,1163.52,1163.52,1163.52,1163.52,0,0,0
2020-01-02 14:55:00+00:00,1163.34,1163.34,1163.34,1163.34,0,0,0
2020-01-02 15:00:00+00:00,1160.64,1160.64,1160.64,1160.64,0,0,0
2020-01-02 15:05:00+00:00,1160.83,1160.83,1160.83,1160.83,0,0,0
2020-01-02 15:10:00+00:00,1161.17,1161.17,1161.17,1161.17,0,0,0
2020-01-02 15:15:00+00:00,1161.15,1161.15,1161.15,1161.15,0,0,0
2020-01-02 15:20:00+00:00,1161.35,1161.35,1161.35,1161.35,0,0,0
2020-01-02 15:25:00+00:00,1161.1801,1161.1801,1161.1801,1161.1801,0,0,0
2020-01-02 16:10:00+00:00,1162.14,1162.14,1162.14,1162.14,0,0,0
2020-01-02 16:15:00+00:00,1161.99,1161.99,1161.99,1161.99,0,0,0
2020-01-02 16:25:00+00:00,1161.98,1161.98,1161.98,1161.98,0,0,0
2020-01-02 16:30:00+00:00,1161.75,1161.75,1161.75,1161.75,0,0,0
2020-01-02 16:35:00+00:00,1161.47,1161.47,1161.47,1161.47,0,0,0
2020-01-02 17:05:00+00:00,1160.21,1160.21,1160.21,1160.21,0,0,0
2020-01-02 17:10:00+00:00,1160.24,1160.24,1160.24,1160.24,0,0,0
2020-01-02 17:15:00+00:00,1160.3101,1160.3101,1160.3101,1160.3101,0,0,0
2020-01-02 17:20:00+00:00,1160.0699,1160.0699,1160.0699,1160.0699,0,0,0
2020-01-02 17:25:00+00:00,1160.55,1160.55,1160.55,1160.55,0,0,0
2020-01-02 17:30:00+00:00,1160.47,1160.47,1160.47,1160.47,0,0,0
2020-01-02 17:35:00+00:00,1160.59,1160.59,1160.59,1160.59,0,0,0
2020-01-02 17:40:00+00:00,1160.75,1160.75,1160.75,1160.75,0,0,0
2020-01-02 18:05:00+00:00,1160.66,1160.66,1160.66,1160.66,0,0,0
2020-01-02 18:10:00+00:00,1160.76,1160.76,1160.76,1160.76,0,0,0
2020-01-02 18:15:00+00:00,1160.8101,1160.8101,1160.8101,1160.8101,0,0,0
2020-01-02 18:20:00+00:00,1160.87,1160.87,1160.87,1160.87,0,0,0
2020-01-02 18:25:00+00:00,1160.64,1160.64,1160.64,1160.64,0,0,0
2020-01-02 18:30:00+00:00,1160.6,1160.6,1160.6,1160.6,0,0,0
2020-01-02 18:40:00+00:00,1160.6801,1160.6801,1160.6801,1160.6801,0,0,0
2020-01-02 18:45:00+00:00,1160.88,1160.88,1160.88,1160.88,0,0,0
2020-01-02 18:50:00+00:00,1160.63,1160.63,1160.63,1160.63,0,0,0
2020-01-02 18:55:00+00:00,1160.83,1160.83,1160.83,1160.83,0,0,0
2020-01-02 19:00:00+00:00,1161.0601,1161.0601,1161.0601,1161.0601,0,0,0
2020-01-02 19:05:00+00:00,1161.22,1161.22,1161.22,1161.22,0,0,0
2020-01-02 19:10:00+00:00,1161.25,1161.25,1161.25,1161.25,0,0,0
2020-01-02 19:15:00+00:00,1161.48,1161.48,1161.48,1161.48,0,0,0
2020-01-02 19:20:00+00:00,1161.4301,1161.4301,1161.4301,1161.4301,0,0,0
2020-01-02 19:25:00+00:00,1161.62,1161.62,1161.62,1161.62,0,0,0
2020-01-02 19:30:00+00:00,1161.61,1161.61,1161.61,1161.61,0,0,0
2020-01-02 19:35:00+00:00,1161.47,1161.47,1161.47,1161.47,0,0,0
2020-01-02 19:40:00+00:00,1161.3101,1161.3101,1161.3101,1161.3101,0,0,0
2020-01-02 22:15:00+00:00,1161.58,1161.58,1161.58,1161.58,0,0,0
2020-01-02 22:25:00+00:00,1161.6,1161.6,1161.6,1161.6,0,0,0
2020-01-02 22:30:00+00:00,1161.79,1161.79,1161.79,1161.79,0,0,0
2020-01-02 22:35:00+00:00,1161.79,1161.79,1161.79,1161.79,0,0,0
2020-01-02 22:40:00+00:00,1161.88,1161.88,1161.88,1161.88,0,0,0
2020-01-03 00:40:00+00:00,1161.42,1161.42,1161.42,1161.42,0,0,0
2020-01-03 00:45:00+00:00,1161.47,1161.47,1161.47,1161.47,0,0,0
2020-01-03 00:50:00+00:00,1161.5,1161.5,1161.5,1161.5,0,0,0
2020-01-03 00:55:00+00:00,1161.65,1161.65,1161.65,1161.65,0,0,0
2020-01-03 01:00:00+00:00,1161.7,1161.7,1161.7,1161.7,0,0,0
2020-01-03 01:05:00+00:00,1161.8199,1161.8199,1161.8199,1161.8199,0,0,0
2020-01-03 03:35:00+00:00,1160.48,1160.48,1160.48,1160.48,0,0,0
2020-01-03 03:40:00+00:00,1160.61,1160.61,1160.61,1160.61,0,0,0
2020-01-03 03:45:00+00:00,1160.49,1160.49,1160.49,1160.49,0,0,0
2020-01-03 03:50:00+00:00,1160.66,1160.66,1160.66,1160.66,0,0,0
2020-01-03 03:55:00+00:00,1160.7,1160.7,1160.7,1160.7,0,0,0
2020-01-03 04:00:00+00:00,1160.8,1160.8,1160.8,1160.8,0,0,0
2020-01-03 04:05:00+00:00,1160.9301,1160.9301,1160.9301,1160.9301,0,0,0
2020-01-03 04:10:00+00:00,1160.62,1160.62,1160.62,1160.62,0,0,0
2020-01-03 04:15:00+00:00,1160.9,1160.9,1160.9,1160.9,0,0,0
2020-01-03 04:20:00+00:00,1161.13,1161.13,1161.13,1161.13,0,0,0
2020-01-03 05:20:00+00:00,1160.47,1160.47,1160.47,1160.47,0,0,0
2020-01-03 05:25:00+00:00,1160.41,1160.41,1160.41,1160.41,0,0,0
2020-01-03 05:30:00+00:00,1160.62,1160.62,1160.62,1160.62,0,0,0
2020-01-03 05:35:00+00:00,1160.9399,1160.9399,1160.9399,1160.9399,0,0,0
2020-01-03 05:40:00+00:00,1160.76,1160.76,1160.76,1160.76,0,0,0
2020-01-03 05:45:00+00:00,1160.8101,1160.8101,1160.8101,1160.8101,0,0,0
2020-01-03 14:35:00+00:00,1161.73,1161.73,1161.73,1161.73,0,0,0
2020-01-03 14:40:00+00:00,1161.47,1161.47,1161.47,1161.47,0,0,0
2020-01-03 14:45:00+00:00,1164.66,1164.66,1164.66,1164.66,0,0,0
2020-01-03 14:50:00+00:00,1164.3101,1164.3101,1164.3101,1164.3101,0,0,0
2020-01-03 14:55:00+00:00,1164.2,1164.2,1164.2,1164.2,0,0,0
2020-01-03 15:00:00+00:00,1159.39,1159.39,1159.39,1159.39,0,0,0
2020-01-03 15:05:00+00:00,1159.12,1159.12,1159.12,1159.12,0,0,0
2020-01-03 15:10:00+00:00,1160.98,1160.98,1160.98,1160.98,0,0,0
2020-01-03 15:15:00+00:00,1161.3,1161.3,1161.3,1161.3,0,0,0
2020-01-03 15:20:00+00:00,1161.58,1161.58,1161.58,1161.58,0,0,0
2020-01-03 15:25:00+00:00,1161.6,1161.6,1161.6,1161.6,0,0,0
2020-01-03 15:30:00+00:00,1161.67,1161.67,1161.67,1161.67,0,0,0
2020-01-03 15:35:00+00:00,1164.39,1164.39,1164.39,1164.39,0,0,0
2020-01-03 15:40:00+00:00,1161.9399,1161.9399,1161.9399,1161.9399,0,0,0
2020-01-03 15:45:00+00:00,1161.86,1161.86,1161.86,1161.86,0,0,0
2020-01-03 15:50:00+00:00,1162.13,1162.13,1162.13,1162.13,0,0,0
2020-01-03 15:55:00+00:00,1161.98,1161.98,1161.98,1161.98,0,0,0
2020-01-03 16:00:00+00:00,1162.02,1162.02,1162.02,1162.02,0,0,0
2020-01-03 16:05:00+00:00,1162.04,1162.04,1162.04,1162.04,0,0,0
2020-01-03 16:20:00+00:00,1166.67,1166.67,1166.67,1166.67,0,0,0
2020-01-03 16:25:00+00:00,1166.64,1166.64,1166.64,1166.64,0,0,0
2020-01-03 16:35:00+00:00,1166.83,1166.83,1166.83,1166.83,0,0,0
2020-01-03 16:40:00+00:00,1166.75,1166.75,1166.75,1166.75,0,0,0
2020-01-03 16:45:00+00:00,1166.3,1166.3,1166.3,1166.3,0,0,0
2020-01-03 16:50:00+00:00,1161.8199,1161.8199,1161.8199,1161.8199,0,0,0
2020-01-03 16:55:00+00:00,1162.02,1162.02,1162.02,1162.02,0,0,0
2020-01-03 17:00:00+00:00,1161.71,1161.71,1161.71,1161.71,0,0,0
2020-01-03 17:05:00+00:00,1161.67,1161.67,1161.67,1161.67,0,0,0
2020-01-03 17:10:00+00:00,1161.62,1161.62,1161.62,1161.62,0,0,0
2020-01-03 17:15:00+00:00,1161.33,1161.33,1161.33,1161.33,0,0,0
2020-01-03 17:55:00+00:00,1161.9,1161.9,1161.9,1161.9,0,0,0
2020-01-03 18:00:00+00:00,1161.8101,1161.8101,1161.8101,1161.8101,0,0,0
2020-01-03 18:05:00+00:00,1159.78,1159.78,1159.78,1159.78,0,0,0
2020-01-03 18:10:00+00:00,1159.83,1159.83,1159.83,1159.83,0,0,0
2020-01-03 18:15:00+00:00,1161.3199,1161.3199,1161.3199,1161.3199,0,0,0
2020-01-03 18:20:00+00:00,1161.3199,1161.3199,1161.3199,1161.3199,0,0,0
2020-01-03 18:25:00+00:00,1159.3199,1159.3199,1159.3199,1159.3199,0,0,0
2020-01-03 18:30:00+00:00,1161.12,1161.12,1161.12,1161.12,0,0,0
2020-01-03 18:35:00+00:00,1161.05,1161.05,1161.05,1161.05,0,0,0
2020-01-03 18:40:00+00:00,1161.0,1161.0,1161.0,1161.0,0,0,0
2020-01-03 18:45:00+00:00,1161.14,1161.14,1161.14,1161.14,0,0,0
2020-01-03 18:50:00+00:00,1161.23,1161.23,1161.23,1161.23,0,0,0
2020-01-03 18:55:00+00:00,1161.1899,1161.1899,1161.1899,1161.1899,0,0,0
2020-01-03 19:00:00+00:00,1161.24,1161.24,1161.24,1161.24,0,0,0
2020-01-03 19:05:00+00:00,1160.78,1160.78,1160.78,1160.78,0,0,0
2020-01-03 19:10:00+00:00,1160.8101,1160.8101,1160.8101,1160.8101,0,0,0
2020-01-03 19:25:00+00:00,1160.62,1160.62,1160.62,1160.62,0,0,0
2020-01-03 19:30:00+00:00,1160.63,1160.63,1160.63,1160.63,0,0,0
2020-01-03 19:35:00+00:00,1160.54,1160.54,1160.54,1160.54,0,0,0
2020-01-03 19:40:00+00:00,1159.0601,1159.0601,1159.0601,1159.0601,0,0,0
2020-01-03 19:45:00+00:00,1159.15,1159.15,1159.15,1159.15,0,0,0
2020-01-03 19:50:00+00:00,1159.25,1159.25,1159.25,1159.25,0,0,0
2020-01-03 19:55:00+00:00,1159.16,1159.16,1159.16,1159.16,0,0,0
2020-01-03 20:00:00+00:00,1159.45,1159.45,1159.45,1159.45,0,0,0
2020-01-03 20:05:00+00:00,1159.21,1159.21,1159.21,1159.21,0,0,0
2020-01-03 20:10:00+00:00,1160.77,1160.77,1160.77,1160.77,0,0,0
2020-01-03 20:15:00+00:00,1160.65,1160.65,1160.65,1160.65,0,0,0
2020-01-03 20:20:00+00:00,1161.01,1161.01,1161.01,1161.01,0,0,0
2020-01-03 20:25:00+00:00,1160.79,1160.79,1160.79,1160.79,0,0,0
2020-01-03 20:30:00+00:00,1160.85,1160.85,1160.85,1160.85,0,0,0
2020-01-03 20:35:00+00:00,1160.88,1160.88,1160.88,1160.88,0,0,0
2020-01-03 20:40:00+00:00,1160.8101,1160.8101,1160.8101,1160.8101,0,0,0
2020-01-03 20:55:00+00:00,1164.79,1164.79,1164.79,1164.79,0,0,0
2020-01-03 21:00:00+00:00,1165.09,1165.09,1165.09,1165.09,0,0,0
2020-01-03 21:05:00+00:00,1165.13,1165.13,1165.13,1165.13,0,0,0
2020-01-03 21:10:00+00:00,1165.22,1165.22,1165.22,1165.22,0,0,0
2020-01-03 21:15:00+00:00,1163.05,1163.05,1163.05,1163.05,0,0,0
2020-01-03 21:20:00+00:00,1163.03,1163.03,1163.03,1163.03,0,0,0
2020-01-03 21:25:00+00:00,1163.09,1163.09,1163.09,1163.09,0,0,0
2020-01-03 21:30:00+00:00,1162.87,1162.87,1162.87,1162.87,0,0,0
2020-01-03 21:35:00+00:00,1162.5601,1162.5601,1162.5601,1162.5601,0,0,0
2020-01-03 21:40:00+00:00,1162.27,1162.27,1162.27,1162.27,0,0,0
2020-01-03 22:25:00+00:00,1160.3101,1160.3101,1160.3101,1160.3101,0,0,0
2020-01-03 22:30:00+00:00,1160.3101,1160.3101,1160.3101,1160.3101,0,0,0
2020-01-03 22:35:00+00:00,1160.3101,1160.3101,1160.3101,1160.3101,0,0,0
2020-01-03 22:40:00+00:00,1160.3101,1160.3101,1160.3101,1160.3101,0,0,0
2020-01-03 22:45:00+00:00,1160.3101,1160.3101,1160.3101,1160.3101,0,0,0
2020-01-03 22:50:00+00:00,1160.3101,1160.3101,1160.3101,1160.3101,0,0,0
2020-01-03 22:55:00+00:00,1160.3101,1160.3101,1160.3101,1160.3101,0,0,0
2020-01-06 01:40:00+00:00,1162.14,1162.14,1162.14,1162.14,0,0,0
2020-01-06 01:45:00+00:00,1162.05,1162.05,1162.05,1162.05,0,0,0
2020-01-06 01:50:00+00:00,1161.9,1161.9,1161.9,1161.9,0,0,0
2020-01-06 01:55:00+00:00,1161.89,1161.89,1161.89,1161.89,0,0,0
2020-01-06 02:00:00+00:00,1161.9301,1161.9301,1161.9301,1161.9301,0,0,0
2020-01-06 02:05:00+00:00,1161.99,1161.99,1161.99,1161.99,0,0,0
2020-01-06 03:30:00+00:00,1162.26,1162.26,1162.26,1162.26,0,0,0
2020-01-06 03:35:00+00:00,1162.33,1162.33,1162.33,1162.33,0,0,0
2020-01-06 03:40:00+00:00,1162.12,1162.12,1162.12,1162.12,0,0,0
2020-01-06 03:45:00+00:00,1162.12,1162.12,1162.12,1162.12,0,0,0
2020-01-06 03:50:00+00:00,1162.23,1162.23,1162.23,1162.23,0,0,0
2020-01-06 03:55:00+00:00,1162.3,1162.3,1162.3,1162.3,0,0,0
2020-01-06 05:00:00+00:00,1162.47,1162.47,1162.47,1162.47,0,0,0
2020-01-06 05:05:00+00:00,1162.1899,1162.1899,1162.1899,1162.1899,0,0,0
2020-01-06 05:10:00+00:00,1162.36,1162.36,1162.36,1162.36,0,0,0
2020-01-06 05:15:00+00:00,1162.3,1162.3,1162.3,1162.3,0,0,0
2020-01-06 05:20:00+00:00,1162.1899,1162.1899,1162.1899,1162.1899,0,0,0
2020-01-06 05:25:00+00:00,1162.28,1162.28,1162.28,1162.28,0,0,0
2020-01-06 05:30:00+00:00,1162.28,1162.28,1162.28,1162.28,0,0,0
2020-01-06 05:35:00+00:00,1162.2,1162.2,1162.2,1162.2,0,0,0
2020-01-06 05:40:00+00:00,1162.36,1162.36,1162.36,1162.36,0,0,0
2020-01-06 14:00:00+00:00,1162.88,1162.88,1162.88,1162.88,0,0,0
2020-01-06 14:05:00+00:00,1162.34,1162.34,1162.34,1162.34,0,0,0
2020-01-06 14:10:00+00:00,1162.5,1162.5,1162.5,1162.5,0,0,0
2020-01-06 14:15:00+00:00,1161.98,1161.98,1161.98,1161.98,0,0,0
2020-01-06 14:20:00+00:00,1161.91,1161.91,1161.91,1161.91,0,0,0
2020-01-06 14:25:00+00:00,1161.5699,1161.5699,1161.5699,1161.5699,0,0,0
2020-01-06 14:30:00+00:00,1162.05,1162.05,1162.05,1162.05,0,0,0
2020-01-06 14:35:00+00:00,1162.16,1162.16,1162.16,1162.16,0,0,0
2020-01-06 14:50:00+00:00,1161.71,1161.71,1161.71,1161.71,0,0,0
2020-01-06 14:55:00+00:00,1161.66,1161.66,1161.66,1161.66,0,0,0
2020-01-06 15:00:00+00:00,1161.23,1161.23,1161.23,1161.23,0,0,0
2020-01-06 15:05:00+00:00,1161.5699,1161.5699,1161.5699,1161.5699,0,0,0
2020-01-06 15:10:00+00:00,1161.8,1161.8,1161.8,1161.8,0,0,0
2020-01-06 15:15:00+00:00,1162.04,1162.04,1162.04,1162.04,0,0,0
2020-01-06 15:55:00+00:00,1165.65,1165.65,1165.65,1165.65,0,0,0
2020-01-06 16:00:00+00:00,1165.75,1165.75,1165.75,1165.75,0,0,0
2020-01-06 16:05:00+00:00,1165.62,1165.62,1165.62,1165.62,0,0,0
2020-01-06 16:10:00+00:00,1165.42,1165.42,1165.42,1165.42,0,0,0
2020-01-06 16:20:00+00:00,1165.73,1165.73,1165.73,1165.73,0,0,0
2020-01-06 16:25:00+00:00,1162.9399,1162.9399,1162.9399,1162.9399,0,0,0
2020-01-06 16:30:00+00:00,1163.02,1163.02,1163.02,1163.02,0,0,0
2020-01-06 16:35:00+00:00,1164.91,1164.91,1164.91,1164.91,0,0,0
2020-01-06 16:45:00+00:00,1165.0601,1165.0601,1165.0601,1165.0601,0,0,0
2020-01-06 16:50:00+00:00,1161.5,1161.5,1161.5,1161.5,0,0,0
2020-01-06 16:55:00+00:00,1161.71,1161.71,1161.71,1161.71,0,0,0
2020-01-06 17:00:00+00:00,1163.5601,1163.5601,1163.5601,1163.5601,0,0,0
2020-01-06 17:05:00+00:00,1163.62,1163.62,1163.62,1163.62,0,0,0
2020-01-06 17:10:00+00:00,1163.79,1163.79,1163.79,1163.79,0,0,0
2020-01-06 17:15:00+00:00,1163.6899,1163.6899,1163.6899,1163.6899,0,0,0
2020-01-06 17:20:00+00:00,1160.55,1160.55,1160.55,1160.55,0,0,0
2020-01-06 17:25:00+00:00,1163.62,1163.62,1163.62,1163.62,0,0,0
2020-01-06 17:30:00+00:00,1163.6899,1163.6899,1163.6899,1163.6899,0,0,0
2020-01-06 17:35:00+00:00,1163.6899,1163.6899,1163.6899,1163.6899,0,0,0
2020-01-06 17:40:00+00:00,1163.4399,1163.4399,1163.4399,1163.4399,0,0,0
2020-01-06 17:45:00+00:00,1163.47,1163.47,1163.47,1163.47,0,0,0
2020-01-06 17:50:00+00:00,1163.3199,1163.3199,1163.3199,1163.3199,0,0,0
2020-01-06 17:55:00+00:00,1163.47,1163.47,1163.47,1163.47,0,0,0
2020-01-06 18:00:00+00:00,1163.45,1163.45,1163.45,1163.45,0,0,0
2020-01-06 18:05:00+00:00,1163.3101,1163.3101,1163.3101,1163.3101,0,0,0
2020-01-06 18:10:00+00:00,1163.39,1163.39,1163.39,1163.39,0,0,0
2020-01-06 18:15:00+00:00,1163.55,1163.55,1163.55,1163.55,0,0,0
2020-01-06 18:20:00+00:00,1163.62,1163.62,1163.62,1163.62,0,0,0
2020-01-06 18:25:00+00:00,1163.78,1163.78,1163.78,1163.78,0,0,0
2020-01-06 18:30:00+00:00,1163.62,1163.62,1163.62,1163.62,0,0,0
2020-01-06 18:35:00+00:00,1163.73,1163.73,1163.73,1163.73,0,0,0
2020-01-06 18:40:00+00:00,1163.67,1163.67,1163.67,1163.67,0,0,0
2020-01-06 18:45:00+00:00,1163.67,1163.67,1163.67,1163.67,0,0,0
2020-01-06 18:50:00+00:00,1163.4301,1163.4301,1163.4301,1163.4301,0,0,0
2020-01-06 18:55:00+00:00,1163.1801,1163.1801,1163.1801,1163.1801,0,0,0
2020-01-06 19:00:00+00:00,1163.1801,1163.1801,1163.1801,1163.1801,0,0,0
2020-01-06 19:05:00+00:00,1162.97,1162.97,1162.97,1162.97,0,0,0
2020-01-06 20:15:00+00:00,1163.4301,1163.4301,1163.4301,1163.4301,0,0,0
2020-01-06 20:20:00+00:00,1163.37,1163.37,1163.37,1163.37,0,0,0
2020-01-06 20:25:00+00:00,1163.23,1163.23,1163.23,1163.23,0,0,0
2020-01-06 20:30:00+00:00,1163.3199,1163.3199,1163.3199,1163.3199,0,0,0
2020-01-06 20:35:00+00:00,1163.24,1163.24,1163.24,1163.24,0,0,0
2020-01-06 20:40:00+00:00,1163.16,1163.16,1163.16,1163.16,0,0,0
2020-01-06 20:45:00+00:00,1163.09,1163.09,1163.09,1163.09,0,0,0
2020-01-06 20:50:00+00:00,1163.05,1163.05,1163.05,1163.05,0,0,0
2020-01-06 20:55:00+00:00,1163.1899,1163.1899,1163.1899,1163.1899,0,0,0
2020-01-06 21:00:00+00:00,1163.5699,1163.5699,1163.5699,1163.5699,0,0,0
2020-01-06 21:20:00+00:00,1160.3,1160.3,1160.3,1160.3,0,0,0
2020-01-06 21:25:00+00:00,1160.29,1160.29,1160.29,1160.29,0,0,0
2020-01-06 21:30:00+00:00,1160.36,1160.36,1160.36,1160.36,0,0,0
2020-01-06 21:35:00+00:00,1160.39,1160.39,1160.39,1160.39,0,0,0
2020-01-06 21:40:00+00:00,1160.7,1160.7,1160.7,1160.7,0,0,0
2020-01-06 21:45:00+00:00,1163.65,1163.65,1163.65,1163.65,0,0,0
2020-01-06 21:50:00+00:00,1163.65,1163.65,1163.65,1163.65,0,0,0
2020-01-06 21:55:00+00:00,1163.64,1163.64,1163.64,1163.64,0,0,0
2020-01-06 22:00:00+00:00,1163.39,1163.39,1163.39,1163.39,0,0,0
2020-01-06 22:05:00+00:00,1163.36,1163.36,1163.36,1163.36,0,0,0
2020-01-06 22:10:00+00:00,1163.27,1163.27,1163.27,1163.27,0,0,0
2020-01-06 22:15:00+00:00,1163.67,1163.67,1163.67,1163.67,0,0,0
2020-01-06 22:25:00+00:00,1163.73,1163.73,1163.73,1163.73,0,0,0
2020-01-06 22:30:00+00:00,1163.6899,1163.6899,1163.6899,1163.6899,0,0,0
2020-01-06 22:35:00+00:00,1163.71,1163.71,1163.71,1163.71,0,0,0
2020-01-06 22:40:00+00:00,1163.78,1163.78,1163.78,1163.78,0,0,0
2020-01-06 22:50:00+00:00,1163.35,1163.35,1163.35,1163.35,0,0,0
2020-01-06 22:55:00+00:00,1163.65,1163.65,1163.65,1163.65,0,0,0
2020-01-06 23:00:00+00:00,1163.39,1163.39,1163.39,1163.39,0,0,0
2020-01-06 23:05:00+00:00,1163.49,1163.49,1163.49,1163.49,0,0,0
2020-01-06 23:10:00+00:00,1163.58,1163.58,1163.58,1163.58,0,0,0
2020-01-06 23:15:00+00:00,1163.53,1163.53,1163.53,1163.53,0,0,0
2020-01-06 23:30:00+00:00,1163.5601,1163.5601,1163.5601,1163.5601,0,0,0
2020-01-06 23:35:00+00:00,1163.51,1163.51,1163.51,1163.51,0,0,0
2020-01-06 23:40:00+00:00,1163.52,1163.52,1163.52,1163.52,0,0,0
2020-01-06 23:45:00+00:00,1163.4301,1163.4301,1163.4301,1163.4301,0,0,0
2020-01-06 23:50:00+00:00,1163.36,1163.36,1163.36,1163.36,0,0,0
2020-01-06 23:55:00+00:00,1163.49,1163.49,1163.49,1163.49,0,0,0
2020-01-07 00:00:00+00:00,1163.51,1163.51,1163.51,1163.51,0,0,0
2020-01-07 00:05:00+00:00,1163.65,1163.65,1163.65,1163.65,0,0,0
2020-01-07 00:10:00+00:00,1163.6801,1163.6801,1163.6801,1163.6801,0,0,0
2020-01-07 00:20:00+00:00,1163.4,1163.4,1163.4,1163.4,0,0,0
2020-01-07 00:25:00+00:00,1163.6801,1163.6801,1163.6801,1163.6801,0,0,0
2020-01-07 00:30:00+00:00,1163.75,1163.75,1163.75,1163.75,0,0,0
2020-01-07 00:35:00+00:00,1163.8,1163.8,1163.8,1163.8,0,0,0
2020-01-07 00:40:00+00:00,1163.8199,1163.8199,1163.8199,1163.8199,0,0,0
2020-01-07 00:45:00+00:00,1163.8101,1163.8101,1163.8101,1163.8101,0,0,0
2020-01-07 00:50:00+00:00,1163.8101,1163.8101,1163.8101,1163.8101,0,0,0
2020-01-07 03:30:00+00:00,1163.34,1163.34,1163.34,1163.34,0,0,0
2020-01-07 03:35:00+00:00,1163.41,1163.41,1163.41,1163.41,0,0,0
2020-01-07 03:40:00+00:00,1163.4301,1163.4301,1163.4301,1163.4301,0,0,0
2020-01-07 03:45:00+00:00,1163.13,1163.13,1163.13,1163.13,0,0,0
2020-01-07 03:50:00+00:00,1163.35,1163.35,1163.35,1163.35,0,0,0
2020-01-07 03:55:00+00:00,1163.35,1163.35,1163.35,1163.35,0,0,0
2020-01-07 04:30:00+00:00,1163.61,1163.61,1163.61,1163.61,0,0,0
2020-01-07 04:35:00+00:00,1163.58,1163.58,1163.58,1163.58,0,0,0
2020-01-07 04:40:00+00:00,1163.42,1163.42,1163.42,1163.42,0,0,0
2020-01-07 04:45:00+00:00,1163.42,1163.42,1163.42,1163.42,0,0,0
2020-01-07 04:50:00+00:00,1163.4301,1163.4301,1163.4301,1163.4301,0,0,0
2020-01-07 04:55:00+00:00,1163.4301,1163.4301,1163.4301,1163.4301,0,0,0
2020-01-07 06:15:00+00:00,1163.25,1163.25,1163.25,1163.25,0,0,0
2020-01-07 06:20:00+00:00,1162.98,1162.98,1162.98,1162.98,0,0,0
2020-01-07 06:25:00+00:00,1163.0,1163.0,1163.0,1163.0,0,0,0
2020-01-07 06:30:00+00:00,1163.01,1163.01,1163.01,1163.01,0,0,0
2020-01-07 06:35:00+00:00,1163.14,1163.14,1163.14,1163.14,0,0,0
2020-01-07 06:40:00+00:00,1163.12,1163.12,1163.12,1163.12,0,0,0
2020-01-07 06:45:00+00:00,1162.97,1162.97,1162.97,1162.97,0,0,0
2020-01-07 06:50:00+00:00,1163.1899,1163.1899,1163.1899,1163.1899,0,0,0
2020-01-07 06:55:00+00:00,1162.97,1162.97,1162.97,1162.97,0,0,0
2020-01-07 07:00:00+00:00,1162.88,1162.88,1162.88,1162.88,0,0,0
2020-01-07 07:05:00+00:00,1163.22,1163.22,1163.22,1163.22,0,0,0
2020-01-07 13:50:00+00:00,1160.6801,1160.6801,1160.6801,1160.6801,0,0,0
2020-01-07 13:55:00+00:00,1159.72,1159.72,1159.72,1159.72,0,0,0
2020-01-07 14:00:00+00:00,1159.76,1159.76,1159.76,1159.76,0,0,0
2020-01-07 14:05:00+00:00,1160.21,1160.21,1160.21,1160.21,0,0,0
2020-01-07 14:10:00+00:00,1159.98,1159.98,1159.98,1159.98,0,0,0
2020-01-07 14:15:00+00:00,1160.24,1160.24,1160.24,1160.24,0,0,0
2020-01-07 14:20:00+00:00,1160.1899,1160.1899,1160.1899,1160.1899,0,0,0
2020-01-07 14:25:00+00:00,1159.61,1159.61,1159.61,1159.61,0,0,0
2020-01-07 14:45:00+00:00,1158.95,1158.95,1158.95,1158.95,0,0,0
2020-01-07 14:50:00+00:00,1158.77,1158.77,1158.77,1158.77,0,0,0
2020-01-07 14:55:00+00:00,1158.84,1158.84,1158.84,1158.84,0,0,0
2020-01-07 15:00:00+00:00,1158.99,1158.99,1158.99,1158.99,0,0,0
2020-01-07 15:05:00+00:00,1158.76,1158.76,1158.76,1158.76,0,0,0
2020-01-07 15:10:00+00:00,1159.08,1159.08,1159.08,1159.08,0,0,0
2020-01-07 15:15:00+00:00,1159.3101,1159.3101,1159.3101,1159.3101,0,0,0
2020-01-07 15:20:00+00:00,1158.9399,1158.9399,1158.9399,1158.9399,0,0,0
2020-01-07 15:25:00+00:00,1158.99,1158.99,1158.99,1158.99,0,0,0
2020-01-07 15:30:00+00:00,1158.47,1158.47,1158.47,1158.47,0,0,0
2020-01-07 15:35:00+00:00,1158.1801,1158.1801,1158.1801,1158.1801,0,0,0
2020-01-07 15:40:00+00:00,1158.33,1158.33,1158.33,1158.33,0,0,0
2020-01-07 16:35:00+00:00,1159.0,1159.0,1159.0,1159.0,0,0,0
2020-01-07 16:40:00+00:00,1159.08,1159.08,1159.08,1159.08,0,0,0
2020-01-07 16:45:00+00:00,1159.05,1159.05,1159.05,1159.05,0,0,0
2020-01-07 16:50:00+00:00,1159.1801,1159.1801,1159.1801,1159.1801,0,0,0
2020-01-07 16:55:00+00:00,1159.01,1159.01,1159.01,1159.01,0,0,0
2020-01-07 17:00:00+00:00,1161.0699,1161.0699,1161.0699,1161.0699,0,0,0
2020-01-07 17:05:00+00:00,1161.0699,1161.0699,1161.0699,1161.0699,0,0,0
2020-01-07 17:10:00+00:00,1161.11,1161.11,1161.11,1161.11,0,0,0
2020-01-07 17:15:00+00:00,1161.23,1161.23,1161.23,1161.23,0,0,0
2020-01-07 17:20:00+00:00,1160.38,1160.38,1160.38,1160.38,0,0,0
2020-01-07 17:25:00+00:00,1160.1801,1160.1801,1160.1801,1160.1801,0,0,0
2020-01-07 17:30:00+00:00,1160.08,1160.08,1160.08,1160.08,0,0,0
2020-01-07 17:35:00+00:00,1156.5699,1156.5699,1156.5699,1156.5699,0,0,0
2020-01-07 17:40:00+00:00,1156.6801,1156.6801,1156.6801,1156.6801,0,0,0
2020-01-07 17:45:00+00:00,1159.23,1159.23,1159.23,1159.23,0,0,0
2020-01-07 17:50:00+00:00,1159.11,1159.11,1159.11,1159.11,0,0,0
2020-01-07 17:55:00+00:00,1159.13,1159.13,1159.13,1159.13,0,0,0
2020-01-07 18:00:00+00:00,1156.76,1156.76,1156.76,1156.76,0,0,0
2020-01-07 18:05:00+00:00,1159.24,1159.24,1159.24,1159.24,0,0,0
2020-01-07 18:10:00+00:00,1159.4,1159.4,1159.4,1159.4,0,0,0
2020-01-07 18:15:00+00:00,1159.16,1159.16,1159.16,1159.16,0,0,0
2020-01-07 18:20:00+00:00,1159.42,1159.42,1159.42,1159.42,0,0,0
2020-01-07 18:25:00+00:00,1159.61,1159.61,1159.61,1159.61,0,0,0
2020-01-07 18:30:00+00:00,1159.8101,1159.8101,1159.8101,1159.8101,0,0,0
2020-01-07 18:35:00+00:00,1159.84,1159.84,1159.84,1159.84,0,0,0
2020-01-07 18:40:00+00:00,1159.77,1159.77,1159.77,1159.77,0,0,0
2020-01-07 18:45:00+00:00,1159.83,1159.83,1159.83,1159.83,0,0,0
2020-01-07 18:50:00+00:00,1159.85,1159.85,1159.85,1159.85,0,0,0
2020-01-07 19:45:00+00:00,1158.09,1158.09,1158.09,1158.09,0,0,0
2020-01-07 19:50:00+00:00,1158.37,1158.37,1158.37,1158.37,0,0,0
2020-01-07 19:55:00+00:00,1158.52,1158.52,1158.52,1158.52,0,0,0
2020-01-07 20:00:00+00:00,1158.3199,1158.3199,1158.3199,1158.3199,0,0,0
2020-01-07 20:05:00+00:00,1158.51,1158.51,1158.51,1158.51,0,0,0
2020-01-07 20:10:00+00:00,1160.23,1160.23,1160.23,1160.23,0,0,0
2020-01-07 20:15:00+00:00,1160.1,1160.1,1160.1,1160.1,0,0,0
2020-01-07 20:20:00+00:00,1160.15,1160.15,1160.15,1160.15,0,0,0
2020-01-07 20:25:00+00:00,1160.05,1160.05,1160.05,1160.05,0,0,0
2020-01-07 20:30:00+00:00,1159.98,1159.98,1159.98,1159.98,0,0,0
2020-01-07 20:35:00+00:00,1159.91,1159.91,1159.91,1159.91,0,0,0
2020-01-07 20:55:00+00:00,1159.64,1159.64,1159.64,1159.64,0,0,0
2020-01-07 21:00:00+00:00,1159.77,1159.77,1159.77,1159.77,0,0,0
2020-01-07 21:05:00+00:00,1159.6801,1159.6801,1159.6801,1159.6801,0,0,0
2020-01-07 21:10:00+00:00,1159.71,1159.71,1159.71,1159.71,0,0,0
2020-01-07 21:15:00+00:00,1159.8,1159.8,1159.8,1159.8,0,0,0
2020-01-07 21:20:00+00:00,1159.83,1159.83,1159.83,1159.83,0,0,0
2020-01-07 21:25:00+00:00,1159.91,1159.91,1159.91,1159.91,0,0,0
2020-01-07 21:50:00+00:00,1160.08,1160.08,1160.08,1160.08,0,0,0
2020-01-07 21:55:00+00:00,1160.11,1160.11,1160.11,1160.11,0,0,0
2020-01-07 22:00:00+00:00,1159.86,1159.86,1159.86,1159.86,0,0,0
2020-01-07 22:05:00+00:00,1159.9301,1159.9301,1159.9301,1159.9301,0,0,0
2020-01-07 22:15:00+00:00,1159.9301,1159.9301,1159.9301,1159.9301,0,0,0
2020-01-07 22:20:00+00:00,1160.0,1160.0,1160.0,1160.0,0,0,0
2020-01-07 22:25:00+00:00,1160.13,1160.13,1160.13,1160.13,0,0,0
2020-01-07 22:50:00+00:00,1160.13,1160.13,1160.13,1160.13,0,0,0
2020-01-07 22:55:00+00:00,1160.08,1160.08,1160.08,1160.08,0,0,0
2020-01-07 23:00:00+00:00,1160.12,1160.12,1160.12,1160.12,0,0,0
2020-01-07 23:05:00+00:00,1159.9399,1159.9399,1159.9399,1159.9399,0,0,0
2020-01-07 23:10:00+00:00,1159.5601,1159.5601,1159.5601,1159.5601,0,0,0
2020-01-07 23:15:00+00:00,1159.8101,1159.8101,1159.8101,1159.8101,0,0,0
2020-01-07 23:30:00+00:00,1160.01,1160.01,1160.01,1160.01,0,0,0
2020-01-07 23:35:00+00:00,1160.01,1160.01,1160.01,1160.01,0,0,0
2020-01-07 23:40:00+00:00,1160.14,1160.14,1160.14,1160.14,0,0,0
2020-01-07 23:45:00+00:00,1159.89,1159.89,1159.89,1159.89,0,0,0
2020-01-07 23:50:00+00:00,1159.86,1159.86,1159.86,1159.86,0,0,0
2020-01-07 23:55:00+00:00,1159.91,1159.91,1159.91,1159.91,0,0,0
2020-01-08 00:00:00+00:00,1160.3,1160.3,1160.3,1160.3,0,0,0
2020-01-08 00:05:00+00:00,1160.08,1160.08,1160.08,1160.08,0,0,0
2020-01-08 00:10:00+00:00,1160.1,1160.1,1160.1,1160.1,0,0,0
2020-01-08 00:15:00+00:00,1160.13,1160.13,1160.13,1160.13,0,0,0
2020-01-08 00:20:00+00:00,1160.3,1160.3,1160.3,1160.3,0,0,0
2020-01-08 00:25:00+00:00,1160.25,1160.25,1160.25,1160.25,0,0,0
2020-01-08 00:30:00+00:00,1160.21,1160.21,1160.21,1160.21,0,0,0
2020-01-08 00:35:00+00:00,1160.45,1160.45,1160.45,1160.45,0,0,0
2020-01-08 00:40:00+00:00,1160.4399,1160.4399,1160.4399,1160.4399,0,0,0
2020-01-08 01:50:00+00:00,1161.42,1161.42,1161.42,1161.42,0,0,0
2020-01-08 01:55:00+00:00,1161.76,1161.76,1161.76,1161.76,0,0,0
2020-01-08 02:00:00+00:00,1161.79,1161.79,1161.79,1161.79,0,0,0
2020-01-08 02:05:00+00:00,1161.79,1161.79,1161.79,1161.79,0,0,0
2020-01-08 02:10:00+00:00,1161.71,1161.71,1161.71,1161.71,0,0,0
2020-01-08 02:15:00+00:00,1161.64,1161.64,1161.64,1161.64,0,0,0
2020-01-08 02:20:00+00:00,1161.84,1161.84,1161.84,1161.84,0,0,0
2020-01-08 02:25:00+00:00,1161.52,1161.52,1161.52,1161.52,0,0,0
2020-01-08 02:30:00+00:00,1161.46,1161.46,1161.46,1161.46,0,0,0
2020-01-08 02:35:00+00:00,1161.36,1161.36,1161.36,1161.36,0,0,0
2020-01-08 03:10:00+00:00,1161.7,1161.7,1161.7,1161.7,0,0,0
2020-01-08 03:15:00+00:00,1161.48,1161.48,1161.48,1161.48,0,0,0
2020-01-08 03:20:00+00:00,1161.5699,1161.5699,1161.5699,1161.5699,0,0,0
2020-01-08 03:25:00+00:00,1161.7,1161.7,1161.7,1161.7,0,0,0
2020-01-08 03:30:00+00:00,1161.73,1161.73,1161.73,1161.73,0,0,0
2020-01-08 03:35:00+00:00,1161.77,1161.77,1161.77,1161.77,0,0,0
2020-01-08 03:40:00+00:00,1161.71,1161.71,1161.71,1161.71,0,0,0
2020-01-08 13:10:00+00:00,1158.77,1158.77,1158.77,1158.77,0,0,0
2020-01-08 13:15:00+00:00,1158.45,1158.45,1158.45,1158.45,0,0,0
2020-01-08 13:20:00+00:00,1158.36,1158.36,1158.36,1158.36,0,0,0
2020-01-08 13:25:00+00:00,1158.72,1158.72,1158.72,1158.72,0,0,0
2020-01-08 13:30:00+00:00,1158.89,1158.89,1158.89,1158.89,0,0,0
2020-01-08 13:35:00+00:00,1159.1,1159.1,1159.1,1159.1,0,0,0
2020-01-08 13:40:00+00:00,1159.1899,1159.1899,1159.1899,1159.1899,0,0,0
2020-01-08 13:45:00+00:00,1159.0601,1159.0601,1159.0601,1159.0601,0,0,0
2020-01-08 13:50:00+00:00,1159.01,1159.01,1159.01,1159.01,0,0,0
2020-01-08 14:30:00+00:00,1156.89,1156.89,1156.89,1156.89,0,0,0
2020-01-08 14:35:00+00:00,1156.59,1156.59,1156.59,1156.59,0,0,0
2020-01-08 14:40:00+00:00,1158.79,1158.79,1158.79,1158.79,0,0,0
2020-01-08 14:45:00+00:00,1158.64,1158.64,1158.64,1158.64,0,0,0
2020-01-08 14:50:00+00:00,1158.29,1158.29,1158.29,1158.29,0,0,0
2020-01-08 14:55:00+00:00,1158.86,1158.86,1158.86,1158.86,0,0,0
2020-01-08 15:00:00+00:00,1158.78,1158.78,1158.78,1158.78,0,0,0
2020-01-08 15:05:00+00:00,1158.96,1158.96,1158.96,1158.96,0,0,0
2020-01-08 15:15:00+00:00,1158.95,1158.95,1158.95,1158.95,0,0,0
2020-01-08 15:20:00+00:00,1158.8,1158.8,1158.8,1158.8,0,0,0
2020-01-08 15:25:00+00:00,1158.83,1158.83,1158.83,1158.83,0,0,0
2020-01-08 15:30:00+00:00,1158.9,1158.9,1158.9,1158.9,0,0,0
2020-01-08 15:35:00+00:00,1157.8101,1157.8101,1157.8101,1157.8101,0,0,0
2020-01-08 15:40:00+00:00,1158.23,1158.23,1158.23,1158.23,0,0,0
2020-01-08 15:45:00+00:00,1158.24,1158.24,1158.24,1158.24,0,0,0
2020-01-08 15:50:00+00:00,1157.37,1157.37,1157.37,1157.37,0,0,0
2020-01-08 15:55:00+00:00,1157.1801,1157.1801,1157.1801,1157.1801,0,0,0
2020-01-08 16:00:00+00:00,1157.24,1157.24,1157.24,1157.24,0,0,0
