Datetime,Open,High,Low,Close,Volume,Dividends,Stock Splits
2019-12-18 16:00:00+00:00,0.27,0.27,0.27,0.27,0,0,0
2019-12-18 16:05:00+00:00,0.27,0.27,0.27,0.27,0,0,0
2019-12-18 16:10:00+00:00,0.2709,0.2709,0.2709,0.2709,0,0,0
2019-12-18 16:20:00+00:00,0.2708,0.2708,0.2708,0.2708,0,0,0
2019-12-18 16:25:00+00:00,0.2708,0.2708,0.2708,0.2708,0,0,0
2019-12-18 16:30:00+00:00,0.2707,0.2707,0.2707,0.2707,0,0,0
2019-12-18 16:35:00+00:00,0.2707,0.2707,0.2707,0.2707,0,0,0
2019-12-18 16:40:00+00:00,0.27,0.27,0.27,0.27,0,0,0
2019-12-18 16:50:00+00:00,0.2706,0.2706,0.2706,0.2706,0,0,0
2019-12-18 16:55:00+00:00,0.2698,0.2698,0.2698,0.2698,0,0,0
2019-12-18 17:00:00+00:00,0.2697,0.2697,0.2697,0.2697,0,0,0
2019-12-18 17:05:00+00:00,0.2706,0.2706,0.2706,0.2706,0,0,0
2019-12-18 17:10:00+00:00,0.2698,0.2698,0.2698,0.2698,0,0,0
2019-12-18 17:15:00+00:00,0.2706,0.2706,0.2706,0.2706,0,0,0
2019-12-18 17:20:00+00:00,0.2698,0.2698,0.2698,0.2698,0,0,0
2019-12-18 17:25:00+00:00,0.2706,0.2706,0.2706,0.2706,0,0,0
2019-12-18 17:30:00+00:00,0.2705,0.2705,0.2705,0.2705,0,0,0
2019-12-18 17:35:00+00:00,0.2705,0.2705,0.2705,0.2705,0,0,0
2019-12-18 17:40:00+00:00,0.2697,0.2697,0.2697,0.2697,0,0,0
2019-12-18 17:45:00+00:00,0.2697,0.2697,0.2697,0.2697,0,0,0
2019-12-18 17:50:00+00:00,0.2696,0.2696,0.2696,0.2696,0,0,0
2019-12-18 17:55:00+00:00,0.2705,0.2705,0.2705,0.2705,0,0,0
2019-12-18 18:00:00+00:00,0.2705,0.2705,0.2705,0.2705,0,0,0
2019-12-18 18:05:00+00:00,0.2697,0.2697,0.2697,0.2697,0,0,0
2019-12-18 18:10:00+00:00,0.2705,0.2705,0.2705,0.2705,0,0,0
2019-12-18 18:15:00+00:00,0.2705,0.2705,0.2705,0.2705,0,0,0
2019-12-18 18:20:00+00:00,0.2689,0.2689,0.2689,0.2689,0,0,0
2019-12-18 18:25:00+00:00,0.2697,0.2697,0.2697,0.2697,0,0,0
2019-12-18 18:30:00+00:00,0.2705,0.2705,0.2705,0.2705,0,0,0
2019-12-18 18:35:00+00:00,0.2697,0.2697,0.2697,0.2697,0,0,0
2019-12-18 18:40:00+00:00,0.2698,0.2698,0.2698,0.2698,0,0,0
2019-12-18 18:45:00+00:00,0.2706,0.2706,0.2706,0.2706,0,0,0
2019-12-18 18:50:00+00:00,0.2707,0.2707,0.2707,0.2707,0,0,0
2019-12-18 18:55:00+00:00,0.2707,0.2707,0.2707,0.2707,0,0,0
2019-12-18 19:00:00+00:00,0.2707,0.2707,0.2707,0.2707,0,0,0
2019-12-18 19:05:00+00:00,0.269,0.269,0.269,0.269,0,0,0
2019-12-18 19:10:00+00:00,0.2697,0.2697,0.2697,0.2697,0,0,0
2019-12-18 19:15:00+00:00,0.2697,0.2697,0.2697,0.2697,0,0,0
2019-12-18 19:20:00+00:00,0.2697,0.2697,0.2697,0.2697,0,0,0
2019-12-18 19:25:00+00:00,0.2689,0.2689,0.2689,0.2689,0,0,0
2019-12-18 19:30:00+00:00,0.2697,0.2697,0.2697,0.2697,0,0,0
2019-12-18 19:35:00+00:00,0.2696,0.2696,0.2696,0.2696,0,0,0
2019-12-18 19:40:00+00:00,0.2697,0.2697,0.2697,0.2697,0,0,0
2019-12-18 19:45:00+00:00,0.2697,0.2697,0.2697,0.2697,0,0,0
2019-12-18 19:50:00+00:00,0.2697,0.2697,0.2697,0.2697,0,0,0
2019-12-18 19:55:00+00:00,0.2696,0.2696,0.2696,0.2696,0,0,0
2019-12-18 20:00:00+00:00,0.2704,0.2704,0.2704,0.2704,0,0,0
2019-12-18 20:05:00+00:00,0.2705,0.2705,0.2705,0.2705,0,0,0
2019-12-18 20:10:00+00:00,0.2704,0.2704,0.2704,0.2704,0,0,0
2019-12-18 20:15:00+00:00,0.2704,0.2704,0.2704,0.2704,0,0,0
2019-12-18 20:20:00+00:00,0.2696,0.2696,0.2696,0.2696,0,0,0
2019-12-18 20:25:00+00:00,0.2704,0.2704,0.2704,0.2704,0,0,0
2019-12-18 20:30:00+00:00,0.2704,0.2704,0.2704,0.2704,0,0,0
2019-12-18 20:35:00+00:00,0.2696,0.2696,0.2696,0.2696,0,0,0
2019-12-18 20:40:00+00:00,0.2688,0.2688,0.2688,0.2688,0,0,0
2019-12-18 20:45:00+00:00,0.2695,0.2695,0.2695,0.2695,0,0,0
2019-12-18 20:50:00+00:00,0.2696,0.2696,0.2696,0.2696,0,0,0
2019-12-18 20:55:00+00:00,0.2697,0.2697,0.2697,0.2697,0,0,0
2019-12-18 21:00:00+00:00,0.2696,0.2696,0.2696,0.2696,0,0,0
2019-12-18 21:05:00+00:00,0.2696,0.2696,0.2696,0.2696,0,0,0
2019-12-18 21:10:00+00:00,0.2704,0.2704,0.2704,0.2704,0,0,0
2019-12-18 21:15:00+00:00,0.2696,0.2696,0.2696,0.2696,0,0,0
2019-12-18 21:20:00+00:00,0.2688,0.2688,0.2688,0.2688,0,0,0
2019-12-18 21:25:00+00:00,0.2697,0.2697,0.2697,0.2697,0,0,0
2019-12-18 21:30:00+00:00,0.2697,0.2697,0.2697,0.2697,0,0,0
2019-12-18 21:35:00+00:00,0.2697,0.2697,0.2697,0.2697,0,0,0
2019-12-18 21:40:00+00:00,0.2689,0.2689,0.2689,0.2689,0,0,0
2019-12-18 21:45:00+00:00,0.2697,0.2697,0.2697,0.2697,0,0,0
2019-12-18 21:50:00+00:00,0.2696,0.2696,0.2696,0.2696,0,0,0
2019-12-18 21:55:00+00:00,0.2688,0.2688,0.2688,0.2688,0,0,0
2019-12-18 22:00:00+00:00,0.2697,0.2697,0.2697,0.2697,0,0,0
2019-12-18 22:25:00+00:00,0.2697,0.2697,0.2697,0.2697,0,0,0
2019-12-18 22:30:00+00:00,0.2695,0.2695,0.2695,0.2695,0,0,0
2019-12-18 22:35:00+00:00,0.2688,0.2688,0.2688,0.2688,0,0,0
2019-12-18 22:40:00+00:00,0.2697,0.2697,0.2697,0.2697,0,0,0
2019-12-18 22:45:00+00:00,0.2697,0.2697,0.2697,0.2697,0,0,0
2019-12-18 22:50:00+00:00,0.2697,0.2697,0.2697,0.2697,0,0,0
2019-12-18 22:55:00+00:00,0.2696,0.2696,0.2696,0.2696,0,0,0
2019-12-18 23:00:00+00:00,0.2697,0.2697,0.2697,0.2697,0,0,0
2019-12-18 23:05:00+00:00,0.2697,0.2697,0.2697,0.2697,0,0,0
2019-12-18 23:10:00+00:00,0.2696,0.2696,0.2696,0.2696,0,0,0
2019-12-18 23:15:00+00:00,0.2696,0.2696,0.2696,0.2696,0,0,0
2019-12-18 23:20:00+00:00,0.2697,0.2697,0.2697,0.2697,0,0,0
2019-12-18 23:25:00+00:00,0.268,0.268,0.268,0.268,0,0,0
2019-12-18 23:30:00+00:00,0.2696,0.2696,0.2696,0.2696,0,0,0
2019-12-18 23:35:00+00:00,0.2696,0.2696,0.2696,0.2696,0,0,0
2019-12-18 23:40:00+00:00,0.2696,0.2696,0.2696,0.2696,0,0,0
2019-12-18 23:45:00+00:00,0.2697,0.2697,0.2697,0.2697,0,0,0
2019-12-18 23:50:00+00:00,0.2688,0.2688,0.2688,0.2688,0,0,0
2019-12-18 23:55:00+00:00,0.2696,0.2696,0.2696,0.2696,0,0,0
2019-12-19 00:00:00+00:00,0.268,0.268,0.268,0.268,0,0,0
2019-12-19 00:05:00+00:00,0.2697,0.2697,0.2697,0.2697,0,0,0
2019-12-19 00:10:00+00:00,0.2688,0.2688,0.2688,0.2688,0,0,0
2019-12-19 00:15:00+00:00,0.2689,0.2689,0.2689,0.2689,0,0,0
2019-12-19 00:20:00+00:00,0.2697,0.2697,0.2697,0.2697,0,0,0
2019-12-19 00:25:00+00:00,0.2697,0.2697,0.2697,0.2697,0,0,0
2019-12-19 00:30:00+00:00,0.2697,0.2697,0.2697,0.2697,0,0,0
2019-12-19 00:35:00+00:00,0.2697,0.2697,0.2697,0.2697,0,0,0
2019-12-19 00:40:00+00:00,0.2697,0.2697,0.2697,0.2697,0,0,0
2019-12-19 00:45:00+00:00,0.268,0.268,0.268,0.268,0,0,0
2019-12-19 00:50:00+00:00,0.2696,0.2696,0.2696,0.2696,0,0,0
2019-12-19 00:55:00+00:00,0.2697,0.2697,0.2697,0.2697,0,0,0
2019-12-19 01:00:00+00:00,0.268,0.268,0.268,0.268,0,0,0
2019-12-19 01:05:00+00:00,0.2697,0.2697,0.2697,0.2697,0,0,0
2019-12-19 01:10:00+00:00,0.2697,0.2697,0.2697,0.2697,0,0,0
2019-12-19 01:20:00+00:00,0.2697,0.2697,0.2697,0.2697,0,0,0
2019-12-19 01:25:00+00:00,0.2697,0.2697,0.2697,0.2697,0,0,0
2019-12-19 01:30:00+00:00,0.2697,0.2697,0.2697,0.2697,0,0,0
2019-12-19 01:35:00+00:00,0.269,0.269,0.269,0.269,0,0,0
2019-12-19 01:40:00+00:00,0.2697,0.2697,0.2697,0.2697,0,0,0
2019-12-19 01:45:00+00:00,0.2689,0.2689,0.2689,0.2689,0,0,0
2019-12-19 01:50:00+00:00,0.2697,0.2697,0.2697,0.2697,0,0,0
2019-12-19 01:55:00+00:00,0.2697,0.2697,0.2697,0.2697,0,0,0
2019-12-19 02:00:00+00:00,0.2697,0.2697,0.2697,0.2697,0,0,0
2019-12-19 02:05:00+00:00,0.2697,0.2697,0.2697,0.2697,0,0,0
2019-12-19 02:10:00+00:00,0.2679,0.2679,0.2679,0.2679,0,0,0
2019-12-19 02:15:00+00:00,0.2689,0.2689,0.2689,0.2689,0,0,0
2019-12-19 02:20:00+00:00,0.2697,0.2697,0.2697,0.2697,0,0,0
2019-12-19 02:25:00+00:00,0.2689,0.2689,0.2689,0.2689,0,0,0
2019-12-19 02:30:00+00:00,0.2697,0.2697,0.2697,0.2697,0,0,0
2019-12-19 02:35:00+00:00,0.2689,0.2689,0.2689,0.2689,0,0,0
2019-12-19 02:40:00+00:00,0.2697,0.2697,0.2697,0.2697,0,0,0
2019-12-19 02:45:00+00:00,0.2697,0.2697,0.2697,0.2697,0,0,0
2019-12-19 02:50:00+00:00,0.2698,0.2698,0.2698,0.2698,0,0,0
2019-12-19 02:55:00+00:00,0.2698,0.2698,0.2698,0.2698,0,0,0
2019-12-19 03:00:00+00:00,0.2698,0.2698,0.2698,0.2698,0,0,0
2019-12-19 03:05:00+00:00,0.2698,0.2698,0.2698,0.2698,0,0,0
2019-12-19 03:10:00+00:00,0.2698,0.2698,0.2698,0.2698,0,0,0
2019-12-19 03:15:00+00:00,0.2698,0.2698,0.2698,0.2698,0,0,0
2019-12-19 03:20:00+00:00,0.2698,0.2698,0.2698,0.2698,0,0,0
2019-12-19 03:25:00+00:00,0.2698,0.2698,0.2698,0.2698,0,0,0
2019-12-19 03:30:00+00:00,0.2698,0.2698,0.2698,0.2698,0,0,0
2019-12-19 03:35:00+00:00,0.2698,0.2698,0.2698,0.2698,0,0,0
2019-12-19 03:40:00+00:00,0.2698,0.2698,0.2698,0.2698,0,0,0
2019-12-19 03:45:00+00:00,0.2698,0.2698,0.2698,0.2698,0,0,0
2019-12-19 03:50:00+00:00,0.269,0.269,0.269,0.269,0,0,0
2019-12-19 03:55:00+00:00,0.2679,0.2679,0.2679,0.2679,0,0,0
2019-12-19 04:00:00+00:00,0.2698,0.2698,0.2698,0.2698,0,0,0
2019-12-19 04:05:00+00:00,0.2698,0.2698,0.2698,0.2698,0,0,0
2019-12-19 04:10:00+00:00,0.2691,0.2691,0.2691,0.2691,0,0,0
2019-12-19 04:15:00+00:00,0.2698,0.2698,0.2698,0.2698,0,0,0
2019-12-19 04:20:00+00:00,0.2698,0.2698,0.2698,0.2698,0,0,0
2019-12-19 04:25:00+00:00,0.2698,0.2698,0.2698,0.2698,0,0,0
2019-12-19 04:30:00+00:00,0.2691,0.2691,0.2691,0.2691,0,0,0
2019-12-19 04:35:00+00:00,0.2698,0.2698,0.2698,0.2698,0,0,0
2019-12-19 04:40:00+00:00,0.2698,0.2698,0.2698,0.2698,0,0,0
2019-12-19 04:45:00+00:00,0.2698,0.2698,0.2698,0.2698,0,0,0
2019-12-19 04:50:00+00:00,0.2698,0.2698,0.2698,0.2698,0,0,0
2019-12-19 04:55:00+00:00,0.268,0.268,0.268,0.268,0,0,0
2019-12-19 05:00:00+00:00,0.2698,0.2698,0.2698,0.2698,0,0,0
2019-12-19 05:05:00+00:00,0.2691,0.2691,0.2691,0.2691,0,0,0
2019-12-19 05:10:00+00:00,0.2698,0.2698,0.2698,0.2698,0,0,0
2019-12-19 05:15:00+00:00,0.2698,0.2698,0.2698,0.2698,0,0,0
2019-12-19 05:20:00+00:00,0.2691,0.2691,0.2691,0.2691,0,0,0
2019-12-19 05:25:00+00:00,0.2698,0.2698,0.2698,0.2698,0,0,0
2019-12-19 05:30:00+00:00,0.2698,0.2698,0.2698,0.2698,0,0,0
2019-12-19 05:35:00+00:00,0.269,0.269,0.269,0.269,0,0,0
2019-12-19 05:40:00+00:00,0.2698,0.2698,0.2698,0.2698,0,0,0
2019-12-19 05:45:00+00:00,0.2698,0.2698,0.2698,0.2698,0,0,0
2019-12-19 05:50:00+00:00,0.2698,0.2698,0.2698,0.2698,0,0,0
2019-12-19 05:55:00+00:00,0.269,0.269,0.269,0.269,0,0,0
2019-12-19 06:00:00+00:00,0.2698,0.2698,0.2698,0.2698,0,0,0
2019-12-19 06:05:00+00:00,0.2699,0.2699,0.2699,0.2699,0,0,0
2019-12-19 06:10:00+00:00,0.2699,0.2699,0.2699,0.2699,0,0,0
2019-12-19 06:15:00+00:00,0.2699,0.2699,0.2699,0.2699,0,0,0
2019-12-19 06:20:00+00:00,0.2699,0.2699,0.2699,0.2699,0,0,0
2019-12-19 06:25:00+00:00,0.2698,0.2698,0.2698,0.2698,0,0,0
2019-12-19 06:30:00+00:00,0.2698,0.2698,0.2698,0.2698,0,0,0
2019-12-19 06:35:00+00:00,0.2698,0.2698,0.2698,0.2698,0,0,0
2019-12-19 06:40:00+00:00,0.2698,0.2698,0.2698,0.2698,0,0,0
2019-12-19 06:45:00+00:00,0.2698,0.2698,0.2698,0.2698,0,0,0
2019-12-19 06:50:00+00:00,0.2697,0.2697,0.2697,0.2697,0,0,0
2019-12-19 06:55:00+00:00,0.2689,0.2689,0.2689,0.2689,0,0,0
2019-12-19 07:00:00+00:00,0.2704,0.2704,0.2704,0.2704,0,0,0
2019-12-19 07:05:00+00:00,0.2704,0.2704,0.2704,0.2704,0,0,0
2019-12-19 07:10:00+00:00,0.2696,0.2696,0.2696,0.2696,0,0,0
2019-12-19 07:15:00+00:00,0.2704,0.2704,0.2704,0.2704,0,0,0
2019-12-19 07:20:00+00:00,0.2696,0.2696,0.2696,0.2696,0,0,0
2019-12-19 07:25:00+00:00,0.2702,0.2702,0.2702,0.2702,0,0,0
2019-12-19 07:30:00+00:00,0.2702,0.2702,0.2702,0.2702,0,0,0
2019-12-19 07:35:00+00:00,0.27,0.27,0.27,0.27,0,0,0
2019-12-19 07:40:00+00:00,0.2683,0.2683,0.2683,0.2683,0,0,0
2019-12-19 07:45:00+00:00,0.27,0.27,0.27,0.27,0,0,0
2019-12-19 07:50:00+00:00,0.2699,0.2699,0.2699,0.2699,0,0,0
2019-12-19 07:55:00+00:00,0.2699,0.2699,0.2699,0.2699,0,0,0
2019-12-19 08:00:00+00:00,0.2692,0.2692,0.2692,0.2692,0,0,0
2019-12-19 08:05:00+00:00,0.27,0.27,0.27,0.27,0,0,0
2019-12-19 08:10:00+00:00,0.2678,0.2678,0.2678,0.2678,0,0,0
2019-12-19 08:15:00+00:00,0.2685,0.2685,0.2685,0.2685,0,0,0
2019-12-19 08:20:00+00:00,0.2677,0.2677,0.2677,0.2677,0,0,0
2019-12-19 08:25:00+00:00,0.2677,0.2677,0.2677,0.2677,0,0,0
2019-12-19 08:30:00+00:00,0.2699,0.2699,0.2699,0.2699,0,0,0
2019-12-19 08:35:00+00:00,0.2692,0.2692,0.2692,0.2692,0,0,0
2019-12-19 08:40:00+00:00,0.2679,0.2679,0.2679,0.2679,0,0,0
2019-12-19 08:45:00+00:00,0.2679,0.2679,0.2679,0.2679,0,0,0
2019-12-19 08:50:00+00:00,0.2678,0.2678,0.2678,0.2678,0,0,0
2019-12-19 08:55:00+00:00,0.2679,0.2679,0.2679,0.2679,0,0,0
2019-12-19 09:00:00+00:00,0.268,0.268,0.268,0.268,0,0,0
2019-12-19 09:05:00+00:00,0.268,0.268,0.268,0.268,0,0,0
2019-12-19 14:30:00+00:00,0.2714,0.2714,0.2714,0.2714,0,0,0
2019-12-19 14:35:00+00:00,0.2714,0.2714,0.2714,0.2714,0,0,0
2019-12-19 14:40:00+00:00,0.269,0.269,0.269,0.269,0,0,0
2019-12-19 14:45:00+00:00,0.2705,0.2705,0.2705,0.2705,0,0,0
2019-12-19 14:50:00+00:00,0.2714,0.2714,0.2714,0.2714,0,0,0
2019-12-19 14:55:00+00:00,0.2705,0.2705,0.2705,0.2705,0,0,0
2019-12-19 15:00:00+00:00,0.2715,0.2715,0.2715,0.2715,0,0,0
2019-12-19 15:05:00+00:00,0.2694,0.2694,0.2694,0.2694,0,0,0
2019-12-19 15:10:00+00:00,0.2711,0.2711,0.2711,0.2711,0,0,0
2019-12-19 15:15:00+00:00,0.2693,0.2693,0.2693,0.2693,0,0,0
2019-12-19 15:20:00+00:00,0.2715,0.2715,0.2715,0.2715,0,0,0
2019-12-19 15:25:00+00:00,0.2716,0.2716,0.2716,0.2716,0,0,0
2019-12-19 15:30:00+00:00,0.2716,0.2716,0.2716,0.2716,0,0,0
2019-12-19 15:35:00+00:00,0.2709,0.2709,0.2709,0.2709,0,0,0
2019-12-19 15:40:00+00:00,0.2718,0.2718,0.2718,0.2718,0,0,0
2019-12-19 15:45:00+00:00,0.2694,0.2694,0.2694,0.2694,0,0,0
2019-12-19 15:50:00+00:00,0.2719,0.2719,0.2719,0.2719,0,0,0
2019-12-19 15:55:00+00:00,0.2717,0.2717,0.2717,0.2717,0,0,0
2019-12-19 16:00:00+00:00,0.2717,0.2717,0.2717,0.2717,0,0,0
2019-12-19 16:05:00+00:00,0.2695,0.2695,0.2695,0.2695,0,0,0
2019-12-19 16:10:00+00:00,0.272,0.272,0.272,0.272,0,0,0
2019-12-19 16:15:00+00:00,0.2721,0.2721,0.2721,0.2721,0,0,0
2019-12-19 16:20:00+00:00,0.2696,0.2696,0.2696,0.2696,0,0,0
2019-12-19 16:25:00+00:00,0.2698,0.2698,0.2698,0.2698,0,0,0
2019-12-19 16:30:00+00:00,0.2719,0.2719,0.2719,0.2719,0,0,0
2019-12-19 16:35:00+00:00,0.2718,0.2718,0.2718,0.2718,0,0,0
2019-12-19 16:40:00+00:00,0.2694,0.2694,0.2694,0.2694,0,0,0
2019-12-19 16:45:00+00:00,0.2716,0.2716,0.2716,0.2716,0,0,0
2019-12-19 16:50:00+00:00,0.2708,0.2708,0.2708,0.2708,0,0,0
2019-12-19 16:55:00+00:00,0.2717,0.2717,0.2717,0.2717,0,0,0
2019-12-19 17:05:00+00:00,0.2693,0.2693,0.2693,0.2693,0,0,0
2019-12-19 17:10:00+00:00,0.2717,0.2717,0.2717,0.2717,0,0,0
2019-12-19 17:15:00+00:00,0.2693,0.2693,0.2693,0.2693,0,0,0
2019-12-19 17:20:00+00:00,0.2694,0.2694,0.2694,0.2694,0,0,0
2019-12-19 17:25:00+00:00,0.2693,0.2693,0.2693,0.2693,0,0,0
2019-12-19 17:30:00+00:00,0.2708,0.2708,0.2708,0.2708,0,0,0
2019-12-19 17:35:00+00:00,0.2692,0.2692,0.2692,0.2692,0,0,0
2019-12-19 17:40:00+00:00,0.2708,0.2708,0.2708,0.2708,0,0,0
2019-12-19 17:45:00+00:00,0.2693,0.2693,0.2693,0.2693,0,0,0
2019-12-19 17:50:00+00:00,0.2707,0.2707,0.2707,0.2707,0,0,0
2019-12-19 17:55:00+00:00,0.2707,0.2707,0.2707,0.2707,0,0,0
2019-12-19 18:00:00+00:00,0.2715,0.2715,0.2715,0.2715,0,0,0
2019-12-19 18:05:00+00:00,0.2701,0.2701,0.2701,0.2701,0,0,0
2019-12-19 18:10:00+00:00,0.2688,0.2688,0.2688,0.2688,0,0,0
2019-12-19 18:15:00+00:00,0.2718,0.2718,0.2718,0.2718,0,0,0
2019-12-19 18:20:00+00:00,0.2718,0.2718,0.2718,0.2718,0,0,0
2019-12-19 18:25:00+00:00,0.2695,0.2695,0.2695,0.2695,0,0,0
2019-12-19 18:30:00+00:00,0.271,0.271,0.271,0.271,0,0,0
2019-12-19 18:35:00+00:00,0.2696,0.2696,0.2696,0.2696,0,0,0
2019-12-19 18:40:00+00:00,0.2711,0.2711,0.2711,0.2711,0,0,0
2019-12-19 18:45:00+00:00,0.271,0.271,0.271,0.271,0,0,0
2019-12-19 18:50:00+00:00,0.2711,0.2711,0.2711,0.2711,0,0,0
2019-12-19 18:55:00+00:00,0.2696,0.2696,0.2696,0.2696,0,0,0
2019-12-19 19:00:00+00:00,0.2719,0.2719,0.2719,0.2719,0,0,0
2019-12-19 19:05:00+00:00,0.2719,0.2719,0.2719,0.2719,0,0,0
2019-12-19 19:10:00+00:00,0.2703,0.2703,0.2703,0.2703,0,0,0
2019-12-19 19:15:00+00:00,0.2697,0.2697,0.2697,0.2697,0,0,0
2019-12-19 19:20:00+00:00,0.2696,0.2696,0.2696,0.2696,0,0,0
2019-12-19 19:25:00+00:00,0.2721,0.2721,0.2721,0.2721,0,0,0
2019-12-19 19:30:00+00:00,0.2721,0.2721,0.2721,0.2721,0,0,0
2019-12-19 19:35:00+00:00,0.2698,0.2698,0.2698,0.2698,0,0,0
2019-12-19 19:40:00+00:00,0.2721,0.2721,0.2721,0.2721,0,0,0
2019-12-19 19:45:00+00:00,0.2698,0.2698,0.2698,0.2698,0,0,0
2019-12-19 19:50:00+00:00,0.2714,0.2714,0.2714,0.2714,0,0,0
2019-12-19 19:55:00+00:00,0.272,0.272,0.272,0.272,0,0,0
2019-12-19 20:00:00+00:00,0.2697,0.2697,0.2697,0.2697,0,0,0
2019-12-19 20:05:00+00:00,0.2697,0.2697,0.2697,0.2697,0,0,0
2019-12-19 20:10:00+00:00,0.2711,0.2711,0.2711,0.2711,0,0,0
2019-12-19 20:15:00+00:00,0.2718,0.2718,0.2718,0.2718,0,0,0
2019-12-19 20:20:00+00:00,0.2695,0.2695,0.2695,0.2695,0,0,0
2019-12-19 20:25:00+00:00,0.2703,0.2703,0.2703,0.2703,0,0,0
2019-12-19 20:30:00+00:00,0.2695,0.2695,0.2695,0.2695,0,0,0
2019-12-19 20:35:00+00:00,0.2711,0.2711,0.2711,0.2711,0,0,0
2019-12-19 20:40:00+00:00,0.2695,0.2695,0.2695,0.2695,0,0,0
2019-12-19 20:45:00+00:00,0.2719,0.2719,0.2719,0.2719,0,0,0
2019-12-19 20:50:00+00:00,0.272,0.272,0.272,0.272,0,0,0
2019-12-19 20:55:00+00:00,0.2697,0.2697,0.2697,0.2697,0,0,0
2019-12-19 21:00:00+00:00,0.2697,0.2697,0.2697,0.2697,0,0,0
2019-12-19 21:05:00+00:00,0.2697,0.2697,0.2697,0.2697,0,0,0
2019-12-19 21:10:00+00:00,0.2693,0.2693,0.2693,0.2693,0,0,0
2019-12-19 21:15:00+00:00,0.2693,0.2693,0.2693,0.2693,0,0,0
2019-12-19 21:25:00+00:00,0.2713,0.2713,0.2713,0.2713,0,0,0
2019-12-19 21:30:00+00:00,0.2697,0.2697,0.2697,0.2697,0,0,0
2019-12-19 21:35:00+00:00,0.2713,0.2713,0.2713,0.2713,0,0,0
2019-12-19 21:40:00+00:00,0.2697,0.2697,0.2697,0.2697,0,0,0
2019-12-19 21:45:00+00:00,0.2713,0.2713,0.2713,0.2713,0,0,0
2019-12-19 21:50:00+00:00,0.2698,0.2698,0.2698,0.2698,0,0,0
2019-12-19 21:55:00+00:00,0.2699,0.2699,0.2699,0.2699,0,0,0
2019-12-19 22:00:00+00:00,0.2697,0.2697,0.2697,0.2697,0,0,0
2019-12-19 22:05:00+00:00,0.2713,0.2713,0.2713,0.2713,0,0,0
2019-12-19 22:10:00+00:00,0.2713,0.2713,0.2713,0.2713,0,0,0
2019-12-19 22:15:00+00:00,0.2705,0.2705,0.2705,0.2705,0,0,0
2019-12-19 22:20:00+00:00,0.2704,0.2704,0.2704,0.2704,0,0,0
2019-12-19 22:25:00+00:00,0.2698,0.2698,0.2698,0.2698,0,0,0
2019-12-19 22:30:00+00:00,0.2697,0.2697,0.2697,0.2697,0,0,0
2019-12-19 22:35:00+00:00,0.2698,0.2698,0.2698,0.2698,0,0,0
2019-12-19 22:40:00+00:00,0.2698,0.2698,0.2698,0.2698,0,0,0
2019-12-19 22:45:00+00:00,0.2697,0.2697,0.2697,0.2697,0,0,0
2019-12-19 22:50:00+00:00,0.2698,0.2698,0.2698,0.2698,0,0,0
2019-12-19 22:55:00+00:00,0.2698,0.2698,0.2698,0.2698,0,0,0
2019-12-19 23:00:00+00:00,0.2698,0.2698,0.2698,0.2698,0,0,0
2019-12-19 23:05:00+00:00,0.2697,0.2697,0.2697,0.2697,0,0,0
2019-12-19 23:10:00+00:00,0.2697,0.2697,0.2697,0.2697,0,0,0
2019-12-19 23:15:00+00:00,0.2697,0.2697,0.2697,0.2697,0,0,0
2019-12-19 23:20:00+00:00,0.2697,0.2697,0.2697,0.2697,0,0,0
2019-12-19 23:25:00+00:00,0.2697,0.2697,0.2697,0.2697,0,0,0
2019-12-19 23:30:00+00:00,0.2697,0.2697,0.2697,0.2697,0,0,0
2019-12-19 23:35:00+00:00,0.2696,0.2696,0.2696,0.2696,0,0,0
2019-12-19 23:40:00+00:00,0.2712,0.2712,0.2712,0.2712,0,0,0
2019-12-19 23:45:00+00:00,0.2697,0.2697,0.2697,0.2697,0,0,0
2019-12-19 23:50:00+00:00,0.2711,0.2711,0.2711,0.2711,0,0,0
2019-12-19 23:55:00+00:00,0.2695,0.2695,0.2695,0.2695,0,0,0
2019-12-20 00:00:00+00:00,0.2696,0.2696,0.2696,0.2696,0,0,0
2019-12-20 00:05:00+00:00,0.2696,0.2696,0.2696,0.2696,0,0,0
2019-12-20 00:10:00+00:00,0.2696,0.2696,0.2696,0.2696,0,0,0
2019-12-20 00:15:00+00:00,0.2695,0.2695,0.2695,0.2695,0,0,0
2019-12-20 00:20:00+00:00,0.2696,0.2696,0.2696,0.2696,0,0,0
2019-12-20 00:25:00+00:00,0.2697,0.2697,0.2697,0.2697,0,0,0
2019-12-20 00:30:00+00:00,0.2712,0.2712,0.2712,0.2712,0,0,0
2019-12-20 00:35:00+00:00,0.2712,0.2712,0.2712,0.2712,0,0,0
2019-12-20 00:40:00+00:00,0.2697,0.2697,0.2697,0.2697,0,0,0
2019-12-20 00:45:00+00:00,0.2697,0.2697,0.2697,0.2697,0,0,0
2019-12-20 00:50:00+00:00,0.2713,0.2713,0.2713,0.2713,0,0,0
2019-12-20 00:55:00+00:00,0.2697,0.2697,0.2697,0.2697,0,0,0
2019-12-20 01:00:00+00:00,0.2697,0.2697,0.2697,0.2697,0,0,0
2019-12-20 01:10:00+00:00,0.2697,0.2697,0.2697,0.2697,0,0,0
2019-12-20 01:15:00+00:00,0.2695,0.2695,0.2695,0.2695,0,0,0
2019-12-20 01:25:00+00:00,0.2696,0.2696,0.2696,0.2696,0,0,0
2019-12-20 01:30:00+00:00,0.2696,0.2696,0.2696,0.2696,0,0,0
2019-12-20 01:35:00+00:00,0.2696,0.2696,0.2696,0.2696,0,0,0
2019-12-20 01:40:00+00:00,0.2711,0.2711,0.2711,0.2711,0,0,0
2019-12-20 01:45:00+00:00,0.2696,0.2696,0.2696,0.2696,0,0,0
2019-12-20 01:50:00+00:00,0.2696,0.2696,0.2696,0.2696,0,0,0
2019-12-20 01:55:00+00:00,0.2693,0.2693,0.2693,0.2693,0,0,0
2019-12-20 02:00:00+00:00,0.2695,0.2695,0.2695,0.2695,0,0,0
2019-12-20 02:05:00+00:00,0.2694,0.2694,0.2694,0.2694,0,0,0
2019-12-20 02:10:00+00:00,0.2694,0.2694,0.2694,0.2694,0,0,0
2019-12-20 02:15:00+00:00,0.2694,0.2694,0.2694,0.2694,0,0,0
2019-12-20 02:20:00+00:00,0.271,0.271,0.271,0.271,0,0,0
2019-12-20 02:25:00+00:00,0.2695,0.2695,0.2695,0.2695,0,0,0
2019-12-20 02:30:00+00:00,0.2694,0.2694,0.2694,0.2694,0,0,0
2019-12-20 02:35:00+00:00,0.2692,0.2692,0.2692,0.2692,0,0,0
2019-12-20 02:40:00+00:00,0.2695,0.2695,0.2695,0.2695,0,0,0
2019-12-20 02:45:00+00:00,0.2695,0.2695,0.2695,0.2695,0,0,0
2019-12-20 02:50:00+00:00,0.271,0.271,0.271,0.271,0,0,0
2019-12-20 02:55:00+00:00,0.2692,0.2692,0.2692,0.2692,0,0,0
2019-12-20 03:00:00+00:00,0.2692,0.2692,0.2692,0.2692,0,0,0
2019-12-20 03:05:00+00:00,0.2694,0.2694,0.2694,0.2694,0,0,0
2019-12-20 03:10:00+00:00,0.2691,0.2691,0.2691,0.2691,0,0,0
2019-12-20 03:15:00+00:00,0.2691,0.2691,0.2691,0.2691,0,0,0
2019-12-20 03:20:00+00:00,0.2692,0.2692,0.2692,0.2692,0,0,0
2019-12-20 03:25:00+00:00,0.2709,0.2709,0.2709,0.2709,0,0,0
2019-12-20 03:30:00+00:00,0.2693,0.2693,0.2693,0.2693,0,0,0
2019-12-20 03:35:00+00:00,0.2694,0.2694,0.2694,0.2694,0,0,0
2019-12-20 03:40:00+00:00,0.2709,0.2709,0.2709,0.2709,0,0,0
2019-12-20 03:45:00+00:00,0.2709,0.2709,0.2709,0.2709,0,0,0
2019-12-20 03:50:00+00:00,0.2709,0.2709,0.2709,0.2709,0,0,0
2019-12-20 03:55:00+00:00,0.2691,0.2691,0.2691,0.2691,0,0,0
2019-12-20 04:00:00+00:00,0.2694,0.2694,0.2694,0.2694,0,0,0
2019-12-20 04:05:00+00:00,0.2694,0.2694,0.2694,0.2694,0,0,0
2019-12-20 04:10:00+00:00,0.2709,0.2709,0.2709,0.2709,0,0,0
2019-12-20 04:15:00+00:00,0.2694,0.2694,0.2694,0.2694,0,0,0
2019-12-20 04:20:00+00:00,0.2693,0.2693,0.2693,0.2693,0,0,0
2019-12-20 04:25:00+00:00,0.2694,0.2694,0.2694,0.2694,0,0,0
2019-12-20 04:30:00+00:00,0.2694,0.2694,0.2694,0.2694,0,0,0
2019-12-20 04:35:00+00:00,0.2693,0.2693,0.2693,0.2693,0,0,0
2019-12-20 04:40:00+00:00,0.2694,0.2694,0.2694,0.2694,0,0,0
2019-12-20 04:45:00+00:00,0.2694,0.2694,0.2694,0.2694,0,0,0
2019-12-20 04:50:00+00:00,0.2709,0.2709,0.2709,0.2709,0,0,0
2019-12-20 04:55:00+00:00,0.2694,0.2694,0.2694,0.2694,0,0,0
2019-12-20 05:00:00+00:00,0.2694,0.2694,0.2694,0.2694,0,0,0
2019-12-20 05:05:00+00:00,0.2694,0.2694,0.2694,0.2694,0,0,0
2019-12-20 05:10:00+00:00,0.2709,0.2709,0.2709,0.2709,0,0,0
2019-12-20 05:15:00+00:00,0.2693,0.2693,0.2693,0.2693,0,0,0
2019-12-20 05:20:00+00:00,0.2694,0.2694,0.2694,0.2694,0,0,0
2019-12-20 05:25:00+00:00,0.2694,0.2694,0.2694,0.2694,0,0,0
2019-12-20 05:30:00+00:00,0.2694,0.2694,0.2694,0.2694,0,0,0
2019-12-20 05:35:00+00:00,0.2701,0.2701,0.2701,0.2701,0,0,0
2019-12-20 05:40:00+00:00,0.2694,0.2694,0.2694,0.2694,0,0,0
2019-12-20 05:45:00+00:00,0.2694,0.2694,0.2694,0.2694,0,0,0
2019-12-20 05:50:00+00:00,0.271,0.271,0.271,0.271,0,0,0
2019-12-20 05:55:00+00:00,0.2695,0.2695,0.2695,0.2695,0,0,0
2019-12-20 06:00:00+00:00,0.2695,0.2695,0.2695,0.2695,0,0,0
2019-12-20 06:05:00+00:00,0.2695,0.2695,0.2695,0.2695,0,0,0
2019-12-20 06:10:00+00:00,0.2711,0.2711,0.2711,0.2711,0,0,0
2019-12-20 06:15:00+00:00,0.271,0.271,0.271,0.271,0,0,0
2019-12-20 06:20:00+00:00,0.2695,0.2695,0.2695,0.2695,0,0,0
2019-12-20 06:25:00+00:00,0.2695,0.2695,0.2695,0.2695,0,0,0
2019-12-20 06:30:00+00:00,0.271,0.271,0.271,0.271,0,0,0
2019-12-20 06:35:00+00:00,0.2695,0.2695,0.2695,0.2695,0,0,0
2019-12-20 06:40:00+00:00,0.271,0.271,0.271,0.271,0,0,0
2019-12-20 06:45:00+00:00,0.2694,0.2694,0.2694,0.2694,0,0,0
2019-12-20 06:50:00+00:00,0.2694,0.2694,0.2694,0.2694,0,0,0
2019-12-20 06:55:00+00:00,0.2694,0.2694,0.2694,0.2694,0,0,0
2019-12-20 07:00:00+00:00,0.2694,0.2694,0.2694,0.2694,0,0,0
2019-12-20 07:05:00+00:00,0.2708,0.2708,0.2708,0.2708,0,0,0
2019-12-20 07:10:00+00:00,0.2715,0.2715,0.2715,0.2715,0,0,0
2019-12-20 07:15:00+00:00,0.2716,0.2716,0.2716,0.2716,0,0,0
2019-12-20 07:20:00+00:00,0.2711,0.2711,0.2711,0.2711,0,0,0
2019-12-20 07:25:00+00:00,0.2712,0.2712,0.2712,0.2712,0,0,0
2019-12-20 07:30:00+00:00,0.2694,0.2694,0.2694,0.2694,0,0,0
2019-12-20 07:35:00+00:00,0.2694,0.2694,0.2694,0.2694,0,0,0
2019-12-20 07:40:00+00:00,0.2715,0.2715,0.2715,0.2715,0,0,0
2019-12-20 07:45:00+00:00,0.2715,0.2715,0.2715,0.2715,0,0,0
2019-12-20 07:50:00+00:00,0.2714,0.2714,0.2714,0.2714,0,0,0
2019-12-20 07:55:00+00:00,0.2695,0.2695,0.2695,0.2695,0,0,0
2019-12-20 08:00:00+00:00,0.2719,0.2719,0.2719,0.2719,0,0,0
2019-12-20 08:05:00+00:00,0.2713,0.2713,0.2713,0.2713,0,0,0
2019-12-20 08:10:00+00:00,0.2694,0.2694,0.2694,0.2694,0,0,0
2019-12-20 08:15:00+00:00,0.2713,0.2713,0.2713,0.2713,0,0,0
2019-12-20 08:20:00+00:00,0.2713,0.2713,0.2713,0.2713,0,0,0
2019-12-20 08:25:00+00:00,0.2694,0.2694,0.2694,0.2694,0,0,0
2019-12-20 08:30:00+00:00,0.2709,0.2709,0.2709,0.2709,0,0,0
2019-12-20 08:35:00+00:00,0.2713,0.2713,0.2713,0.2713,0,0,0
2019-12-20 08:40:00+00:00,0.2692,0.2692,0.2692,0.2692,0,0,0
2019-12-20 08:45:00+00:00,0.2711,0.2711,0.2711,0.2711,0,0,0
2019-12-20 08:50:00+00:00,0.2708,0.2708,0.2708,0.2708,0,0,0
2019-12-20 08:55:00+00:00,0.2692,0.2692,0.2692,0.2692,0,0,0
2019-12-20 09:00:00+00:00,0.2691,0.2691,0.2691,0.2691,0,0,0
2019-12-20 09:05:00+00:00,0.2691,0.2691,0.2691,0.2691,0,0,0
2019-12-20 09:10:00+00:00,0.2693,0.2693,0.2693,0.2693,0,0,0
2019-12-20 09:15:00+00:00,0.2692,0.2692,0.2692,0.2692,0,0,0
2019-12-20 09:20:00+00:00,0.269,0.269,0.269,0.269,0,0,0
2019-12-20 09:25:00+00:00,0.271,0.271,0.271,0.271,0,0,0
2019-12-20 09:30:00+00:00,0.2691,0.2691,0.2691,0.2691,0,0,0
2019-12-20 09:35:00+00:00,0.2707,0.2707,0.2707,0.2707,0,0,0
2019-12-20 09:40:00+00:00,0.2689,0.2689,0.2689,0.2689,0,0,0
2019-12-20 09:45:00+00:00,0.269,0.269,0.269,0.269,0,0,0
2019-12-20 09:50:00+00:00,0.2691,0.2691,0.2691,0.2691,0,0,0
2019-12-20 09:55:00+00:00,0.269,0.269,0.269,0.269,0,0,0
2019-12-20 10:00:00+00:00,0.269,0.269,0.269,0.269,0,0,0
2019-12-20 10:05:00+00:00,0.2691,0.2691,0.2691,0.2691,0,0,0
2019-12-20 10:10:00+00:00,0.2715,0.2715,0.2715,0.2715,0,0,0
2019-12-20 10:15:00+00:00,0.2707,0.2707,0.2707,0.2707,0,0,0
2019-12-20 10:20:00+00:00,0.2714,0.2714,0.2714,0.2714,0,0,0
2019-12-20 10:25:00+00:00,0.2709,0.2709,0.2709,0.2709,0,0,0
2019-12-20 10:35:00+00:00,0.2709,0.2709,0.2709,0.2709,0,0,0
2019-12-20 10:40:00+00:00,0.269,0.269,0.269,0.269,0,0,0
2019-12-20 10:45:00+00:00,0.2709,0.2709,0.2709,0.2709,0,0,0
2019-12-20 10:50:00+00:00,0.2708,0.2708,0.2708,0.2708,0,0,0
2019-12-20 10:55:00+00:00,0.2709,0.2709,0.2709,0.2709,0,0,0
2019-12-20 11:00:00+00:00,0.2689,0.2689,0.2689,0.2689,0,0,0
2019-12-20 11:05:00+00:00,0.2688,0.2688,0.2688,0.2688,0,0,0
2019-12-20 11:10:00+00:00,0.2687,0.2687,0.2687,0.2687,0,0,0
2019-12-20 11:15:00+00:00,0.2705,0.2705,0.2705,0.2705,0,0,0
2019-12-20 11:20:00+00:00,0.2686,0.2686,0.2686,0.2686,0,0,0
2019-12-20 11:25:00+00:00,0.2686,0.2686,0.2686,0.2686,0,0,0
2019-12-20 11:30:00+00:00,0.2689,0.2689,0.2689,0.2689,0,0,0
2019-12-20 11:35:00+00:00,0.2688,0.2688,0.2688,0.2688,0,0,0
2019-12-20 11:40:00+00:00,0.2712,0.2712,0.2712,0.2712,0,0,0
2019-12-20 11:45:00+00:00,0.2689,0.2689,0.2689,0.2689,0,0,0
2019-12-20 11:50:00+00:00,0.2689,0.2689,0.2689,0.2689,0,0,0
2019-12-20 11:55:00+00:00,0.2705,0.2705,0.2705,0.2705,0,0,0
2019-12-20 12:00:00+00:00,0.2691,0.2691,0.2691,0.2691,0,0,0
2019-12-20 12:05:00+00:00,0.2691,0.2691,0.2691,0.2691,0,0,0
2019-12-20 12:10:00+00:00,0.2689,0.2689,0.2689,0.2689,0,0,0
2019-12-20 12:15:00+00:00,0.2704,0.2704,0.2704,0.2704,0,0,0
2019-12-20 12:20:00+00:00,0.2689,0.2689,0.2689,0.2689,0,0,0
2019-12-20 12:25:00+00:00,0.269,0.269,0.269,0.269,0,0,0
2019-12-20 12:30:00+00:00,0.2691,0.2691,0.2691,0.2691,0,0,0
2019-12-20 12:35:00+00:00,0.2692,0.2692,0.2692,0.2692,0,0,0
2019-12-20 12:40:00+00:00,0.269,0.269,0.269,0.269,0,0,0
2019-12-20 12:45:00+00:00,0.269,0.269,0.269,0.269,0,0,0
2019-12-20 12:50:00+00:00,0.2689,0.2689,0.2689,0.2689,0,0,0
2019-12-20 12:55:00+00:00,0.2689,0.2689,0.2689,0.2689,0,0,0
2019-12-20 13:00:00+00:00,0.2713,0.2713,0.2713,0.2713,0,0,0
2019-12-20 13:05:00+00:00,0.2689,0.2689,0.2689,0.2689,0,0,0
2019-12-20 13:10:00+00:00,0.2704,0.2704,0.2704,0.2704,0,0,0
2019-12-20 13:15:00+00:00,0.2712,0.2712,0.2712,0.2712,0,0,0
2019-12-20 13:20:00+00:00,0.2686,0.2686,0.2686,0.2686,0,0,0
2019-12-20 13:25:00+00:00,0.2702,0.2702,0.2702,0.2702,0,0,0
2019-12-20 13:30:00+00:00,0.2711,0.2711,0.2711,0.2711,0,0,0
2019-12-20 13:35:00+00:00,0.2712,0.2712,0.2712,0.2712,0,0,0
2019-12-20 13:40:00+00:00,0.2715,0.2715,0.2715,0.2715,0,0,0
2019-12-20 13:45:00+00:00,0.2702,0.2702,0.2702,0.2702,0,0,0
2019-12-20 13:50:00+00:00,0.2686,0.2686,0.2686,0.2686,0,0,0
2019-12-20 13:55:00+00:00,0.2685,0.2685,0.2685,0.2685,0,0,0
2019-12-20 14:00:00+00:00,0.2713,0.2713,0.2713,0.2713,0,0,0
2019-12-20 14:05:00+00:00,0.2713,0.2713,0.2713,0.2713,0,0,0
2019-12-20 14:10:00+00:00,0.2699,0.2699,0.2699,0.2699,0,0,0
2019-12-20 14:15:00+00:00,0.2684,0.2684,0.2684,0.2684,0,0,0
2019-12-20 14:20:00+00:00,0.2684,0.2684,0.2684,0.2684,0,0,0
2019-12-20 14:25:00+00:00,0.2713,0.2713,0.2713,0.2713,0,0,0
2019-12-20 14:30:00+00:00,0.2714,0.2714,0.2714,0.2714,0,0,0
2019-12-20 14:35:00+00:00,0.2701,0.2701,0.2701,0.2701,0,0,0
2019-12-20 14:40:00+00:00,0.2715,0.2715,0.2715,0.2715,0,0,0
2019-12-20 14:45:00+00:00,0.2701,0.2701,0.2701,0.2701,0,0,0
2019-12-20 14:50:00+00:00,0.2713,0.2713,0.2713,0.2713,0,0,0
2019-12-20 14:55:00+00:00,0.271,0.271,0.271,0.271,0,0,0
2019-12-20 15:00:00+00:00,0.2686,0.2686,0.2686,0.2686,0,0,0
2019-12-20 15:05:00+00:00,0.2709,0.2709,0.2709,0.2709,0,0,0
2019-12-20 15:10:00+00:00,0.2684,0.2684,0.2684,0.2684,0,0,0
2019-12-20 15:15:00+00:00,0.2683,0.2683,0.2683,0.2683,0,0,0
2019-12-20 15:20:00+00:00,0.2684,0.2684,0.2684,0.2684,0,0,0
2019-12-20 15:25:00+00:00,0.2711,0.2711,0.2711,0.2711,0,0,0
2019-12-20 15:30:00+00:00,0.2705,0.2705,0.2705,0.2705,0,0,0
2019-12-20 15:35:00+00:00,0.2679,0.2679,0.2679,0.2679,0,0,0
2019-12-20 15:40:00+00:00,0.2707,0.2707,0.2707,0.2707,0,0,0
2019-12-20 15:45:00+00:00,0.2681,0.2681,0.2681,0.2681,0,0,0
2019-12-20 15:50:00+00:00,0.2705,0.2705,0.2705,0.2705,0,0,0
2019-12-20 15:55:00+00:00,0.271,0.271,0.271,0.271,0,0,0
2019-12-20 16:00:00+00:00,0.2712,0.2712,0.2712,0.2712,0,0,0
2019-12-20 16:05:00+00:00,0.2683,0.2683,0.2683,0.2683,0,0,0
2019-12-20 16:10:00+00:00,0.2708,0.2708,0.2708,0.2708,0,0,0
2019-12-20 16:20:00+00:00,0.2699,0.2699,0.2699,0.2699,0,0,0
2019-12-20 16:25:00+00:00,0.2713,0.2713,0.2713,0.2713,0,0,0
2019-12-20 16:30:00+00:00,0.2712,0.2712,0.2712,0.2712,0,0,0
2019-12-20 16:35:00+00:00,0.2707,0.2707,0.2707,0.2707,0,0,0
2019-12-20 16:40:00+00:00,0.2697,0.2697,0.2697,0.2697,0,0,0
2019-12-20 16:45:00+00:00,0.2706,0.2706,0.2706,0.2706,0,0,0
2019-12-20 16:50:00+00:00,0.2707,0.2707,0.2707,0.2707,0,0,0
2019-12-20 16:55:00+00:00,0.2708,0.2708,0.2708,0.2708,0,0,0
2019-12-20 17:00:00+00:00,0.27,0.27,0.27,0.27,0,0,0
2019-12-20 17:05:00+00:00,0.2709,0.2709,0.2709,0.2709,0,0,0
2019-12-20 17:10:00+00:00,0.2698,0.2698,0.2698,0.2698,0,0,0
2019-12-20 17:15:00+00:00,0.2713,0.2713,0.2713,0.2713,0,0,0
2019-12-20 17:20:00+00:00,0.2699,0.2699,0.2699,0.2699,0,0,0
2019-12-20 17:25:00+00:00,0.2713,0.2713,0.2713,0.2713,0,0,0
2019-12-20 17:30:00+00:00,0.2699,0.2699,0.2699,0.2699,0,0,0
2019-12-20 17:35:00+00:00,0.2714,0.2714,0.2714,0.2714,0,0,0
2019-12-20 17:40:00+00:00,0.2699,0.2699,0.2699,0.2699,0,0,0
2019-12-20 17:45:00+00:00,0.2699,0.2699,0.2699,0.2699,0,0,0
2019-12-20 17:50:00+00:00,0.27,0.27,0.27,0.27,0,0,0
2019-12-20 17:55:00+00:00,0.2715,0.2715,0.2715,0.2715,0,0,0
2019-12-20 18:00:00+00:00,0.2715,0.2715,0.2715,0.2715,0,0,0
2019-12-20 18:05:00+00:00,0.2702,0.2702,0.2702,0.2702,0,0,0
2019-12-20 18:10:00+00:00,0.2711,0.2711,0.2711,0.2711,0,0,0
2019-12-20 18:15:00+00:00,0.2711,0.2711,0.2711,0.2711,0,0,0
2019-12-20 18:20:00+00:00,0.2715,0.2715,0.2715,0.2715,0,0,0
2019-12-20 18:25:00+00:00,0.2712,0.2712,0.2712,0.2712,0,0,0
2019-12-20 18:30:00+00:00,0.2712,0.2712,0.2712,0.2712,0,0,0
2019-12-20 18:35:00+00:00,0.2717,0.2717,0.2717,0.2717,0,0,0
2019-12-20 18:40:00+00:00,0.2718,0.2718,0.2718,0.2718,0,0,0
2019-12-20 18:45:00+00:00,0.2717,0.2717,0.2717,0.2717,0,0,0
2019-12-20 18:50:00+00:00,0.2717,0.2717,0.2717,0.2717,0,0,0
2019-12-20 18:55:00+00:00,0.2717,0.2717,0.2717,0.2717,0,0,0
2019-12-20 19:00:00+00:00,0.2713,0.2713,0.2713,0.2713,0,0,0
2019-12-20 19:05:00+00:00,0.2713,0.2713,0.2713,0.2713,0,0,0
2019-12-20 19:10:00+00:00,0.2703,0.2703,0.2703,0.2703,0,0,0
2019-12-20 19:15:00+00:00,0.2716,0.2716,0.2716,0.2716,0,0,0
2019-12-20 19:20:00+00:00,0.2713,0.2713,0.2713,0.2713,0,0,0
2019-12-20 19:25:00+00:00,0.2717,0.2717,0.2717,0.2717,0,0,0
2019-12-20 19:30:00+00:00,0.2703,0.2703,0.2703,0.2703,0,0,0
2019-12-20 19:35:00+00:00,0.2689,0.2689,0.2689,0.2689,0,0,0
2019-12-20 19:40:00+00:00,0.2718,0.2718,0.2718,0.2718,0,0,0
2019-12-20 19:45:00+00:00,0.2719,0.2719,0.2719,0.2719,0,0,0
2019-12-20 19:50:00+00:00,0.269,0.269,0.269,0.269,0,0,0
2019-12-20 19:55:00+00:00,0.2704,0.2704,0.2704,0.2704,0,0,0
2019-12-20 20:00:00+00:00,0.2713,0.2713,0.2713,0.2713,0,0,0
2019-12-20 20:05:00+00:00,0.2704,0.2704,0.2704,0.2704,0,0,0
2019-12-20 20:10:00+00:00,0.2689,0.2689,0.2689,0.2689,0,0,0
2019-12-20 20:15:00+00:00,0.269,0.269,0.269,0.269,0,0,0
2019-12-20 20:20:00+00:00,0.2704,0.2704,0.2704,0.2704,0,0,0
2019-12-20 20:25:00+00:00,0.2705,0.2705,0.2705,0.2705,0,0,0
2019-12-20 20:30:00+00:00,0.2718,0.2718,0.2718,0.2718,0,0,0
2019-12-20 20:35:00+00:00,0.2719,0.2719,0.2719,0.2719,0,0,0
2019-12-20 20:40:00+00:00,0.2718,0.2718,0.2718,0.2718,0,0,0
2019-12-20 20:45:00+00:00,0.2691,0.2691,0.2691,0.2691,0,0,0
2019-12-20 20:50:00+00:00,0.2719,0.2719,0.2719,0.2719,0,0,0
2019-12-20 20:55:00+00:00,0.2719,0.2719,0.2719,0.2719,0,0,0
2019-12-20 21:00:00+00:00,0.2691,0.2691,0.2691,0.2691,0,0,0
2019-12-20 21:05:00+00:00,0.2706,0.2706,0.2706,0.2706,0,0,0
2019-12-20 21:10:00+00:00,0.272,0.272,0.272,0.272,0,0,0
2019-12-20 21:15:00+00:00,0.2695,0.2695,0.2695,0.2695,0,0,0
2019-12-20 21:20:00+00:00,0.2693,0.2693,0.2693,0.2693,0,0,0
2019-12-20 21:25:00+00:00,0.2723,0.2723,0.2723,0.2723,0,0,0
2019-12-20 21:30:00+00:00,0.2708,0.2708,0.2708,0.2708,0,0,0
2019-12-20 21:35:00+00:00,0.2721,0.2721,0.2721,0.2721,0,0,0
2019-12-20 21:40:00+00:00,0.2721,0.2721,0.2721,0.2721,0,0,0
2019-12-20 21:45:00+00:00,0.2692,0.2692,0.2692,0.2692,0,0,0
2019-12-20 21:50:00+00:00,0.2692,0.2692,0.2692,0.2692,0,0,0
2019-12-20 21:55:00+00:00,0.2692,0.2692,0.2692,0.2692,0,0,0
2019-12-20 22:25:00+00:00,0.2699,0.2699,0.2699,0.2699,0,0,0
2019-12-23 00:00:00+00:00,0.2722,0.2722,0.2722,0.2722,0,0,0
2019-12-23 00:05:00+00:00,0.2722,0.2722,0.2722,0.2722,0,0,0
2019-12-23 00:10:00+00:00,0.2722,0.2722,0.2722,0.2722,0,0,0
2019-12-23 01:25:00+00:00,0.2697,0.2697,0.2697,0.2697,0,0,0
2019-12-23 01:30:00+00:00,0.2696,0.2696,0.2696,0.2696,0,0,0
2019-12-23 01:35:00+00:00,0.2697,0.2697,0.2697,0.2697,0,0,0
2019-12-23 01:40:00+00:00,0.2697,0.2697,0.2697,0.2697,0,0,0
2019-12-23 01:45:00+00:00,0.2697,0.2697,0.2697,0.2697,0,0,0
2019-12-23 01:50:00+00:00,0.2696,0.2696,0.2696,0.2696,0,0,0
2019-12-23 03:55:00+00:00,0.2696,0.2696,0.2696,0.2696,0,0,0
2019-12-23 04:00:00+00:00,0.2697,0.2697,0.2697,0.2697,0,0,0
2019-12-23 04:05:00+00:00,0.2697,0.2697,0.2697,0.2697,0,0,0
2019-12-23 04:10:00+00:00,0.2696,0.2696,0.2696,0.2696,0,0,0
2019-12-23 04:15:00+00:00,0.2696,0.2696,0.2696,0.2696,0,0,0
2019-12-23 04:20:00+00:00,0.2696,0.2696,0.2696,0.2696,0,0,0
2019-12-23 04:25:00+00:00,0.2696,0.2696,0.2696,0.2696,0,0,0
2019-12-23 04:30:00+00:00,0.2696,0.2696,0.2696,0.2696,0,0,0
2019-12-23 04:35:00+00:00,0.2696,0.2696,0.2696,0.2696,0,0,0
2019-12-23 04:40:00+00:00,0.2697,0.2697,0.2697,0.2697,0,0,0
2019-12-23 04:45:00+00:00,0.2697,0.2697,0.2697,0.2697,0,0,0
2019-12-23 04:50:00+00:00,0.2697,0.2697,0.2697,0.2697,0,0,0
2019-12-23 04:55:00+00:00,0.2697,0.2697,0.2697,0.2697,0,0,0
2019-12-23 05:00:00+00:00,0.2697,0.2697,0.2697,0.2697,0,0,0
2019-12-23 05:40:00+00:00,0.2697,0.2697,0.2697,0.2697,0,0,0
2019-12-23 05:45:00+00:00,0.2697,0.2697,0.2697,0.2697,0,0,0
2019-12-23 05:50:00+00:00,0.2697,0.2697,0.2697,0.2697,0,0,0
2019-12-23 05:55:00+00:00,0.2696,0.2696,0.2696,0.2696,0,0,0
2019-12-23 06:00:00+00:00,0.2696,0.2696,0.2696,0.2696,0,0,0
2019-12-23 06:05:00+00:00,0.2696,0.2696,0.2696,0.2696,0,0,0
2019-12-23 06:10:00+00:00,0.2696,0.2696,0.2696,0.2696,0,0,0
2019-12-23 06:15:00+00:00,0.2696,0.2696,0.2696,0.2696,0,0,0
2019-12-23 06:45:00+00:00,0.2688,0.2688,0.2688,0.2688,0,0,0
2019-12-23 06:50:00+00:00,0.2689,0.2689,0.2689,0.2689,0,0,0
2019-12-23 06:55:00+00:00,0.2689,0.2689,0.2689,0.2689,0,0,0
2019-12-23 07:00:00+00:00,0.2689,0.2689,0.2689,0.2689,0,0,0
2019-12-23 07:05:00+00:00,0.2689,0.2689,0.2689,0.2689,0,0,0
2019-12-23 07:10:00+00:00,0.269,0.269,0.269,0.269,0,0,0
2019-12-23 07:15:00+00:00,0.2689,0.2689,0.2689,0.2689,0,0,0
2019-12-23 07:20:00+00:00,0.2691,0.2691,0.2691,0.2691,0,0,0
2019-12-23 07:25:00+00:00,0.2691,0.2691,0.2691,0.2691,0,0,0
2019-12-23 07:30:00+00:00,0.2698,0.2698,0.2698,0.2698,0,0,0
2019-12-23 07:35:00+00:00,0.269,0.269,0.269,0.269,0,0,0
2019-12-23 07:40:00+00:00,0.269,0.269,0.269,0.269,0,0,0
2019-12-23 07:45:00+00:00,0.2689,0.2689,0.2689,0.2689,0,0,0
2019-12-23 07:50:00+00:00,0.2698,0.2698,0.2698,0.2698,0,0,0
2019-12-23 07:55:00+00:00,0.269,0.269,0.269,0.269,0,0,0
2019-12-23 08:00:00+00:00,0.2696,0.2696,0.2696,0.2696,0,0,0
2019-12-23 08:05:00+00:00,0.2687,0.2687,0.2687,0.2687,0,0,0
2019-12-23 08:10:00+00:00,0.269,0.269,0.269,0.269,0,0,0
2019-12-23 08:15:00+00:00,0.2695,0.2695,0.2695,0.2695,0,0,0
2019-12-23 08:20:00+00:00,0.2688,0.2688,0.2688,0.2688,0,0,0
2019-12-23 08:25:00+00:00,0.2688,0.2688,0.2688,0.2688,0,0,0
2019-12-23 08:30:00+00:00,0.2695,0.2695,0.2695,0.2695,0,0,0
2019-12-23 08:35:00+00:00,0.2696,0.2696,0.2696,0.2696,0,0,0
2019-12-23 08:40:00+00:00,0.2688,0.2688,0.2688,0.2688,0,0,0
2019-12-23 08:45:00+00:00,0.2688,0.2688,0.2688,0.2688,0,0,0
2019-12-23 08:50:00+00:00,0.2688,0.2688,0.2688,0.2688,0,0,0
2019-12-23 08:55:00+00:00,0.2687,0.2687,0.2687,0.2687,0,0,0
2019-12-23 09:00:00+00:00,0.2688,0.2688,0.2688,0.2688,0,0,0
2019-12-23 09:05:00+00:00,0.2689,0.2689,0.2689,0.2689,0,0,0
2019-12-23 09:10:00+00:00,0.2689,0.2689,0.2689,0.2689,0,0,0
2019-12-23 13:55:00+00:00,0.2727,0.2727,0.2727,0.2727,0,0,0
2019-12-23 14:00:00+00:00,0.2726,0.2726,0.2726,0.2726,0,0,0
2019-12-23 14:05:00+00:00,0.2726,0.2726,0.2726,0.2726,0,0,0
2019-12-23 14:10:00+00:00,0.2733,0.2733,0.2733,0.2733,0,0,0
2019-12-23 14:15:00+00:00,0.2727,0.2727,0.2727,0.2727,0,0,0
2019-12-23 14:20:00+00:00,0.2725,0.2725,0.2725,0.2725,0,0,0
2019-12-23 14:25:00+00:00,0.2705,0.2705,0.2705,0.2705,0,0,0
2019-12-23 14:30:00+00:00,0.2725,0.2725,0.2725,0.2725,0,0,0
2019-12-23 14:35:00+00:00,0.2731,0.2731,0.2731,0.2731,0,0,0
2019-12-23 14:40:00+00:00,0.2724,0.2724,0.2724,0.2724,0,0,0
2019-12-23 14:45:00+00:00,0.2726,0.2726,0.2726,0.2726,0,0,0
2019-12-23 14:50:00+00:00,0.2725,0.2725,0.2725,0.2725,0,0,0
2019-12-23 14:55:00+00:00,0.2724,0.2724,0.2724,0.2724,0,0,0
2019-12-23 15:00:00+00:00,0.2725,0.2725,0.2725,0.2725,0,0,0
2019-12-23 15:05:00+00:00,0.2732,0.2732,0.2732,0.2732,0,0,0
2019-12-23 15:10:00+00:00,0.2723,0.2723,0.2723,0.2723,0,0,0
2019-12-23 15:15:00+00:00,0.2722,0.2722,0.2722,0.2722,0,0,0
2019-12-23 15:20:00+00:00,0.2702,0.2702,0.2702,0.2702,0,0,0
2019-12-23 15:25:00+00:00,0.2723,0.2723,0.2723,0.2723,0,0,0
2019-12-23 15:30:00+00:00,0.273,0.273,0.273,0.273,0,0,0
2019-12-23 15:35:00+00:00,0.2724,0.2724,0.2724,0.2724,0,0,0
2019-12-23 15:40:00+00:00,0.2725,0.2725,0.2725,0.2725,0,0,0
2019-12-23 15:45:00+00:00,0.2725,0.2725,0.2725,0.2725,0,0,0
2019-12-23 15:50:00+00:00,0.2727,0.2727,0.2727,0.2727,0,0,0
2019-12-23 15:55:00+00:00,0.2727,0.2727,0.2727,0.2727,0,0,0
2019-12-23 16:00:00+00:00,0.2727,0.2727,0.2727,0.2727,0,0,0
2019-12-23 16:05:00+00:00,0.2727,0.2727,0.2727,0.2727,0,0,0
2019-12-23 16:10:00+00:00,0.2727,0.2727,0.2727,0.2727,0,0,0
2019-12-23 16:15:00+00:00,0.2728,0.2728,0.2728,0.2728,0,0,0
2019-12-23 16:20:00+00:00,0.2728,0.2728,0.2728,0.2728,0,0,0
2019-12-23 16:25:00+00:00,0.2728,0.2728,0.2728,0.2728,0,0,0
2019-12-23 16:30:00+00:00,0.2729,0.2729,0.2729,0.2729,0,0,0
2019-12-23 16:40:00+00:00,0.2728,0.2728,0.2728,0.2728,0,0,0
2019-12-23 16:45:00+00:00,0.2729,0.2729,0.2729,0.2729,0,0,0
2019-12-23 16:50:00+00:00,0.2736,0.2736,0.2736,0.2736,0,0,0
2019-12-23 16:55:00+00:00,0.2737,0.2737,0.2737,0.2737,0,0,0
2019-12-23 17:00:00+00:00,0.2736,0.2736,0.2736,0.2736,0,0,0
2019-12-23 17:05:00+00:00,0.2728,0.2728,0.2728,0.2728,0,0,0
2019-12-23 17:10:00+00:00,0.2729,0.2729,0.2729,0.2729,0,0,0
2019-12-23 17:15:00+00:00,0.2734,0.2734,0.2734,0.2734,0,0,0
2019-12-23 17:20:00+00:00,0.2728,0.2728,0.2728,0.2728,0,0,0
2019-12-23 17:25:00+00:00,0.2727,0.2727,0.2727,0.2727,0,0,0
2019-12-23 17:30:00+00:00,0.2727,0.2727,0.2727,0.2727,0,0,0
2019-12-23 17:35:00+00:00,0.2726,0.2726,0.2726,0.2726,0,0,0
2019-12-23 17:40:00+00:00,0.2726,0.2726,0.2726,0.2726,0,0,0
2019-12-23 17:45:00+00:00,0.2727,0.2727,0.2727,0.2727,0,0,0
2019-12-23 17:50:00+00:00,0.2734,0.2734,0.2734,0.2734,0,0,0
2019-12-23 17:55:00+00:00,0.2727,0.2727,0.2727,0.2727,0,0,0
2019-12-23 18:00:00+00:00,0.2726,0.2726,0.2726,0.2726,0,0,0
2019-12-23 18:05:00+00:00,0.2727,0.2727,0.2727,0.2727,0,0,0
2019-12-23 18:10:00+00:00,0.2726,0.2726,0.2726,0.2726,0,0,0
2019-12-23 18:15:00+00:00,0.2733,0.2733,0.2733,0.2733,0,0,0
2019-12-23 18:20:00+00:00,0.2733,0.2733,0.2733,0.2733,0,0,0
2019-12-23 18:25:00+00:00,0.2726,0.2726,0.2726,0.2726,0,0,0
2019-12-23 18:30:00+00:00,0.2727,0.2727,0.2727,0.2727,0,0,0
2019-12-23 18:35:00+00:00,0.2716,0.2716,0.2716,0.2716,0,0,0
2019-12-23 18:40:00+00:00,0.2734,0.2734,0.2734,0.2734,0,0,0
2019-12-23 18:45:00+00:00,0.2728,0.2728,0.2728,0.2728,0,0,0
2019-12-23 18:50:00+00:00,0.2716,0.2716,0.2716,0.2716,0,0,0
2019-12-23 18:55:00+00:00,0.2726,0.2726,0.2726,0.2726,0,0,0
2019-12-23 19:00:00+00:00,0.2726,0.2726,0.2726,0.2726,0,0,0
2019-12-23 19:05:00+00:00,0.2725,0.2725,0.2725,0.2725,0,0,0
2019-12-23 19:10:00+00:00,0.2732,0.2732,0.2732,0.2732,0,0,0
2019-12-23 19:15:00+00:00,0.2732,0.2732,0.2732,0.2732,0,0,0
2019-12-23 19:20:00+00:00,0.2726,0.2726,0.2726,0.2726,0,0,0
2019-12-23 19:25:00+00:00,0.2732,0.2732,0.2732,0.2732,0,0,0
2019-12-23 19:30:00+00:00,0.2725,0.2725,0.2725,0.2725,0,0,0
2019-12-23 19:35:00+00:00,0.2726,0.2726,0.2726,0.2726,0,0,0
2019-12-23 19:40:00+00:00,0.2733,0.2733,0.2733,0.2733,0,0,0
2019-12-23 19:45:00+00:00,0.2733,0.2733,0.2733,0.2733,0,0,0
2019-12-23 19:50:00+00:00,0.2726,0.2726,0.2726,0.2726,0,0,0
2019-12-23 19:55:00+00:00,0.2726,0.2726,0.2726,0.2726,0,0,0
2019-12-23 20:00:00+00:00,0.2732,0.2732,0.2732,0.2732,0,0,0
2019-12-23 20:05:00+00:00,0.2725,0.2725,0.2725,0.2725,0,0,0
2019-12-23 20:10:00+00:00,0.2724,0.2724,0.2724,0.2724,0,0,0
2019-12-23 20:15:00+00:00,0.2725,0.2725,0.2725,0.2725,0,0,0
2019-12-23 20:20:00+00:00,0.2725,0.2725,0.2725,0.2725,0,0,0
2019-12-23 20:25:00+00:00,0.2725,0.2725,0.2725,0.2725,0,0,0
2019-12-23 20:30:00+00:00,0.2732,0.2732,0.2732,0.2732,0,0,0
2019-12-23 20:35:00+00:00,0.2725,0.2725,0.2725,0.2725,0,0,0
2019-12-23 20:40:00+00:00,0.2725,0.2725,0.2725,0.2725,0,0,0
2019-12-23 20:45:00+00:00,0.2724,0.2724,0.2724,0.2724,0,0,0
2019-12-23 20:50:00+00:00,0.2731,0.2731,0.2731,0.2731,0,0,0
2019-12-23 20:55:00+00:00,0.2724,0.2724,0.2724,0.2724,0,0,0
2019-12-23 21:00:00+00:00,0.2725,0.2725,0.2725,0.2725,0,0,0
2019-12-23 21:05:00+00:00,0.2725,0.2725,0.2725,0.2725,0,0,0
2019-12-23 21:10:00+00:00,0.2725,0.2725,0.2725,0.2725,0,0,0
2019-12-23 21:15:00+00:00,0.2725,0.2725,0.2725,0.2725,0,0,0
2019-12-23 21:20:00+00:00,0.2725,0.2725,0.2725,0.2725,0,0,0
2019-12-23 21:25:00+00:00,0.2724,0.2724,0.2724,0.2724,0,0,0
2019-12-23 21:30:00+00:00,0.2724,0.2724,0.2724,0.2724,0,0,0
2019-12-23 21:35:00+00:00,0.2725,0.2725,0.2725,0.2725,0,0,0
2019-12-23 21:40:00+00:00,0.2725,0.2725,0.2725,0.2725,0,0,0
2019-12-23 21:45:00+00:00,0.2713,0.2713,0.2713,0.2713,0,0,0
2019-12-23 21:50:00+00:00,0.2725,0.2725,0.2725,0.2725,0,0,0
2019-12-23 21:55:00+00:00,0.2726,0.2726,0.2726,0.2726,0,0,0
2019-12-23 22:00:00+00:00,0.2725,0.2725,0.2725,0.2725,0,0,0
2019-12-23 22:05:00+00:00,0.2725,0.2725,0.2725,0.2725,0,0,0
2019-12-23 22:25:00+00:00,0.2724,0.2724,0.2724,0.2724,0,0,0
2019-12-23 22:30:00+00:00,0.2724,0.2724,0.2724,0.2724,0,0,0
2019-12-23 22:35:00+00:00,0.2725,0.2725,0.2725,0.2725,0,0,0
2019-12-23 22:40:00+00:00,0.2724,0.2724,0.2724,0.2724,0,0,0
2019-12-23 22:45:00+00:00,0.2725,0.2725,0.2725,0.2725,0,0,0
2019-12-23 22:50:00+00:00,0.2722,0.2722,0.2722,0.2722,0,0,0
2019-12-23 22:55:00+00:00,0.2725,0.2725,0.2725,0.2725,0,0,0
2019-12-23 23:00:00+00:00,0.2725,0.2725,0.2725,0.2725,0,0,0
2019-12-23 23:05:00+00:00,0.2725,0.2725,0.2725,0.2725,0,0,0
2019-12-23 23:10:00+00:00,0.2713,0.2713,0.2713,0.2713,0,0,0
2019-12-23 23:15:00+00:00,0.2725,0.2725,0.2725,0.2725,0,0,0
2019-12-23 23:20:00+00:00,0.2724,0.2724,0.2724,0.2724,0,0,0
2019-12-23 23:25:00+00:00,0.2725,0.2725,0.2725,0.2725,0,0,0
2019-12-23 23:30:00+00:00,0.2722,0.2722,0.2722,0.2722,0,0,0
2019-12-23 23:35:00+00:00,0.2724,0.2724,0.2724,0.2724,0,0,0
2019-12-23 23:40:00+00:00,0.2725,0.2725,0.2725,0.2725,0,0,0
2019-12-23 23:45:00+00:00,0.2724,0.2724,0.2724,0.2724,0,0,0
2019-12-23 23:50:00+00:00,0.2724,0.2724,0.2724,0.2724,0,0,0
2019-12-23 23:55:00+00:00,0.2724,0.2724,0.2724,0.2724,0,0,0
2019-12-24 00:00:00+00:00,0.2724,0.2724,0.2724,0.2724,0,0,0
2019-12-24 00:05:00+00:00,0.2724,0.2724,0.2724,0.2724,0,0,0
2019-12-24 00:10:00+00:00,0.2724,0.2724,0.2724,0.2724,0,0,0
2019-12-24 00:15:00+00:00,0.2724,0.2724,0.2724,0.2724,0,0,0
2019-12-24 00:20:00+00:00,0.2725,0.2725,0.2725,0.2725,0,0,0
2019-12-24 00:25:00+00:00,0.2725,0.2725,0.2725,0.2725,0,0,0
2019-12-24 00:30:00+00:00,0.2725,0.2725,0.2725,0.2725,0,0,0
2019-12-24 00:35:00+00:00,0.2725,0.2725,0.2725,0.2725,0,0,0
2019-12-24 00:40:00+00:00,0.2725,0.2725,0.2725,0.2725,0,0,0
2019-12-24 00:45:00+00:00,0.2725,0.2725,0.2725,0.2725,0,0,0
2019-12-24 00:50:00+00:00,0.2724,0.2724,0.2724,0.2724,0,0,0
2019-12-24 00:55:00+00:00,0.2724,0.2724,0.2724,0.2724,0,0,0
2019-12-24 01:00:00+00:00,0.2724,0.2724,0.2724,0.2724,0,0,0
2019-12-24 01:05:00+00:00,0.2725,0.2725,0.2725,0.2725,0,0,0
2019-12-24 01:10:00+00:00,0.2724,0.2724,0.2724,0.2724,0,0,0
2019-12-24 01:15:00+00:00,0.2724,0.2724,0.2724,0.2724,0,0,0
2019-12-24 01:20:00+00:00,0.2724,0.2724,0.2724,0.2724,0,0,0
2019-12-24 01:25:00+00:00,0.2724,0.2724,0.2724,0.2724,0,0,0
2019-12-24 01:30:00+00:00,0.2724,0.2724,0.2724,0.2724,0,0,0
2019-12-24 01:35:00+00:00,0.2724,0.2724,0.2724,0.2724,0,0,0
2019-12-24 01:40:00+00:00,0.2725,0.2725,0.2725,0.2725,0,0,0
2019-12-24 01:45:00+00:00,0.2724,0.2724,0.2724,0.2724,0,0,0
2019-12-24 01:50:00+00:00,0.2724,0.2724,0.2724,0.2724,0,0,0
2019-12-24 01:55:00+00:00,0.2724,0.2724,0.2724,0.2724,0,0,0
2019-12-24 02:00:00+00:00,0.2725,0.2725,0.2725,0.2725,0,0,0
2019-12-24 02:05:00+00:00,0.2724,0.2724,0.2724,0.2724,0,0,0
2019-12-24 02:10:00+00:00,0.2724,0.2724,0.2724,0.2724,0,0,0
2019-12-24 02:15:00+00:00,0.2725,0.2725,0.2725,0.2725,0,0,0
2019-12-24 02:20:00+00:00,0.2724,0.2724,0.2724,0.2724,0,0,0
2019-12-24 02:25:00+00:00,0.2724,0.2724,0.2724,0.2724,0,0,0
2019-12-24 02:30:00+00:00,0.2724,0.2724,0.2724,0.2724,0,0,0
2019-12-24 02:35:00+00:00,0.2721,0.2721,0.2721,0.2721,0,0,0
2019-12-24 02:40:00+00:00,0.2724,0.2724,0.2724,0.2724,0,0,0
2019-12-24 02:45:00+00:00,0.2723,0.2723,0.2723,0.2723,0,0,0
2019-12-24 02:50:00+00:00,0.2723,0.2723,0.2723,0.2723,0,0,0
2019-12-24 02:55:00+00:00,0.2724,0.2724,0.2724,0.2724,0,0,0
2019-12-24 03:00:00+00:00,0.2723,0.2723,0.2723,0.2723,0,0,0
2019-12-24 03:05:00+00:00,0.2723,0.2723,0.2723,0.2723,0,0,0
2019-12-24 03:10:00+00:00,0.2723,0.2723,0.2723,0.2723,0,0,0
2019-12-24 03:15:00+00:00,0.2723,0.2723,0.2723,0.2723,0,0,0
2019-12-24 03:20:00+00:00,0.2723,0.2723,0.2723,0.2723,0,0,0
2019-12-24 03:25:00+00:00,0.2723,0.2723,0.2723,0.2723,0,0,0
2019-12-24 03:30:00+00:00,0.2724,0.2724,0.2724,0.2724,0,0,0
2019-12-24 03:35:00+00:00,0.2723,0.2723,0.2723,0.2723,0,0,0
2019-12-24 03:40:00+00:00,0.2723,0.2723,0.2723,0.2723,0,0,0
2019-12-24 03:45:00+00:00,0.2723,0.2723,0.2723,0.2723,0,0,0
2019-12-24 03:50:00+00:00,0.2723,0.2723,0.2723,0.2723,0,0,0
2019-12-24 03:55:00+00:00,0.2723,0.2723,0.2723,0.2723,0,0,0
2019-12-24 04:00:00+00:00,0.2724,0.2724,0.2724,0.2724,0,0,0
2019-12-24 04:05:00+00:00,0.2723,0.2723,0.2723,0.2723,0,0,0
2019-12-24 04:10:00+00:00,0.2724,0.2724,0.2724,0.2724,0,0,0
2019-12-24 04:15:00+00:00,0.2724,0.2724,0.2724,0.2724,0,0,0
2019-12-24 04:20:00+00:00,0.2724,0.2724,0.2724,0.2724,0,0,0
2019-12-24 04:25:00+00:00,0.2724,0.2724,0.2724,0.2724,0,0,0
2019-12-24 04:30:00+00:00,0.2722,0.2722,0.2722,0.2722,0,0,0
2019-12-24 04:35:00+00:00,0.2724,0.2724,0.2724,0.2724,0,0,0
2019-12-24 04:40:00+00:00,0.2724,0.2724,0.2724,0.2724,0,0,0
2019-12-24 04:45:00+00:00,0.2722,0.2722,0.2722,0.2722,0,0,0
2019-12-24 04:50:00+00:00,0.2712,0.2712,0.2712,0.2712,0,0,0
2019-12-24 04:55:00+00:00,0.2723,0.2723,0.2723,0.2723,0,0,0
2019-12-24 05:00:00+00:00,0.2724,0.2724,0.2724,0.2724,0,0,0
2019-12-24 05:05:00+00:00,0.2724,0.2724,0.2724,0.2724,0,0,0
2019-12-24 05:10:00+00:00,0.2724,0.2724,0.2724,0.2724,0,0,0
2019-12-24 05:15:00+00:00,0.2723,0.2723,0.2723,0.2723,0,0,0
2019-12-24 05:20:00+00:00,0.2723,0.2723,0.2723,0.2723,0,0,0
2019-12-24 05:25:00+00:00,0.2723,0.2723,0.2723,0.2723,0,0,0
2019-12-24 05:30:00+00:00,0.2724,0.2724,0.2724,0.2724,0,0,0
2019-12-24 05:35:00+00:00,0.2723,0.2723,0.2723,0.2723,0,0,0
2019-12-24 05:40:00+00:00,0.2724,0.2724,0.2724,0.2724,0,0,0
2019-12-24 05:45:00+00:00,0.2724,0.2724,0.2724,0.2724,0,0,0
2019-12-24 05:50:00+00:00,0.2724,0.2724,0.2724,0.2724,0,0,0
2019-12-24 05:55:00+00:00,0.2724,0.2724,0.2724,0.2724,0,0,0
2019-12-24 06:00:00+00:00,0.2724,0.2724,0.2724,0.2724,0,0,0
2019-12-24 06:05:00+00:00,0.2724,0.2724,0.2724,0.2724,0,0,0
2019-12-24 06:10:00+00:00,0.2724,0.2724,0.2724,0.2724,0,0,0
2019-12-24 06:15:00+00:00,0.2724,0.2724,0.2724,0.2724,0,0,0
2019-12-24 06:20:00+00:00,0.2724,0.2724,0.2724,0.2724,0,0,0
2019-12-24 06:25:00+00:00,0.2724,0.2724,0.2724,0.2724,0,0,0
2019-12-24 06:30:00+00:00,0.2724,0.2724,0.2724,0.2724,0,0,0
2019-12-24 06:35:00+00:00,0.2724,0.2724,0.2724,0.2724,0,0,0
2019-12-24 06:40:00+00:00,0.2724,0.2724,0.2724,0.2724,0,0,0
2019-12-24 06:45:00+00:00,0.2724,0.2724,0.2724,0.2724,0,0,0
2019-12-24 06:50:00+00:00,0.2724,0.2724,0.2724,0.2724,0,0,0
2019-12-24 06:55:00+00:00,0.2723,0.2723,0.2723,0.2723,0,0,0
2019-12-24 07:00:00+00:00,0.2724,0.2724,0.2724,0.2724,0,0,0
2019-12-24 07:05:00+00:00,0.2722,0.2722,0.2722,0.2722,0,0,0
2019-12-24 07:10:00+00:00,0.2723,0.2723,0.2723,0.2723,0,0,0
2019-12-24 07:15:00+00:00,0.2722,0.2722,0.2722,0.2722,0,0,0
2019-12-24 07:20:00+00:00,0.2719,0.2719,0.2719,0.2719,0,0,0
2019-12-24 07:25:00+00:00,0.2723,0.2723,0.2723,0.2723,0,0,0
2019-12-24 07:30:00+00:00,0.2721,0.2721,0.2721,0.2721,0,0,0
2019-12-24 07:35:00+00:00,0.2724,0.2724,0.2724,0.2724,0,0,0
2019-12-24 07:40:00+00:00,0.2725,0.2725,0.2725,0.2725,0,0,0
2019-12-24 07:45:00+00:00,0.2731,0.2731,0.2731,0.2731,0,0,0
2019-12-24 07:50:00+00:00,0.2725,0.2725,0.2725,0.2725,0,0,0
2019-12-24 07:55:00+00:00,0.2726,0.2726,0.2726,0.2726,0,0,0
2019-12-24 08:00:00+00:00,0.2727,0.2727,0.2727,0.2727,0,0,0
2019-12-24 08:05:00+00:00,0.2726,0.2726,0.2726,0.2726,0,0,0
2019-12-24 08:10:00+00:00,0.2726,0.2726,0.2726,0.2726,0,0,0
2019-12-24 08:15:00+00:00,0.2726,0.2726,0.2726,0.2726,0,0,0
2019-12-24 08:20:00+00:00,0.2733,0.2733,0.2733,0.2733,0,0,0
2019-12-24 08:25:00+00:00,0.2725,0.2725,0.2725,0.2725,0,0,0
2019-12-24 08:30:00+00:00,0.2725,0.2725,0.2725,0.2725,0,0,0
2019-12-24 08:35:00+00:00,0.2733,0.2733,0.2733,0.2733,0,0,0
2019-12-24 08:40:00+00:00,0.2725,0.2725,0.2725,0.2725,0,0,0
2019-12-24 08:45:00+00:00,0.2725,0.2725,0.2725,0.2725,0,0,0
2019-12-24 08:50:00+00:00,0.2725,0.2725,0.2725,0.2725,0,0,0
2019-12-24 08:55:00+00:00,0.2724,0.2724,0.2724,0.2724,0,0,0
2019-12-24 09:00:00+00:00,0.2732,0.2732,0.2732,0.2732,0,0,0
2019-12-24 09:05:00+00:00,0.2724,0.2724,0.2724,0.2724,0,0,0
2019-12-24 09:10:00+00:00,0.2725,0.2725,0.2725,0.2725,0,0,0
2019-12-24 09:15:00+00:00,0.2732,0.2732,0.2732,0.2732,0,0,0
2019-12-24 09:20:00+00:00,0.2732,0.2732,0.2732,0.2732,0,0,0
2019-12-24 09:25:00+00:00,0.2732,0.2732,0.2732,0.2732,0,0,0
2019-12-24 09:35:00+00:00,0.2732,0.2732,0.2732,0.2732,0,0,0
2019-12-24 09:40:00+00:00,0.2731,0.2731,0.2731,0.2731,0,0,0
2019-12-24 09:45:00+00:00,0.2731,0.2731,0.2731,0.2731,0,0,0
2019-12-24 09:50:00+00:00,0.2732,0.2732,0.2732,0.2732,0,0,0
2019-12-24 09:55:00+00:00,0.2732,0.2732,0.2732,0.2732,0,0,0
2019-12-24 10:00:00+00:00,0.2731,0.2731,0.2731,0.2731,0,0,0
2019-12-24 10:05:00+00:00,0.2731,0.2731,0.2731,0.2731,0,0,0
2019-12-24 10:10:00+00:00,0.273,0.273,0.273,0.273,0,0,0
2019-12-24 10:15:00+00:00,0.273,0.273,0.273,0.273,0,0,0
2019-12-24 10:20:00+00:00,0.2731,0.2731,0.2731,0.2731,0,0,0
2019-12-24 10:25:00+00:00,0.2729,0.2729,0.2729,0.2729,0,0,0
2019-12-24 10:30:00+00:00,0.2731,0.2731,0.2731,0.2731,0,0,0
2019-12-24 10:35:00+00:00,0.273,0.273,0.273,0.273,0,0,0
2019-12-24 10:40:00+00:00,0.273,0.273,0.273,0.273,0,0,0
2019-12-24 10:45:00+00:00,0.273,0.273,0.273,0.273,0,0,0
2019-12-24 10:50:00+00:00,0.2729,0.2729,0.2729,0.2729,0,0,0
2019-12-24 10:55:00+00:00,0.271,0.271,0.271,0.271,0,0,0
2019-12-24 11:00:00+00:00,0.2729,0.2729,0.2729,0.2729,0,0,0
2019-12-24 11:05:00+00:00,0.2729,0.2729,0.2729,0.2729,0,0,0
2019-12-24 11:10:00+00:00,0.2729,0.2729,0.2729,0.2729,0,0,0
2019-12-24 11:15:00+00:00,0.2728,0.2728,0.2728,0.2728,0,0,0
2019-12-24 11:20:00+00:00,0.2728,0.2728,0.2728,0.2728,0,0,0
2019-12-24 11:25:00+00:00,0.2727,0.2727,0.2727,0.2727,0,0,0
2019-12-24 11:30:00+00:00,0.2729,0.2729,0.2729,0.2729,0,0,0
2019-12-24 11:35:00+00:00,0.2728,0.2728,0.2728,0.2728,0,0,0
2019-12-24 11:40:00+00:00,0.2725,0.2725,0.2725,0.2725,0,0,0
2019-12-24 11:45:00+00:00,0.2727,0.2727,0.2727,0.2727,0,0,0
2019-12-24 11:50:00+00:00,0.2728,0.2728,0.2728,0.2728,0,0,0
2019-12-24 11:55:00+00:00,0.2728,0.2728,0.2728,0.2728,0,0,0
2019-12-24 12:00:00+00:00,0.2727,0.2727,0.2727,0.2727,0,0,0
2019-12-24 12:05:00+00:00,0.2728,0.2728,0.2728,0.2728,0,0,0
2019-12-24 12:10:00+00:00,0.2728,0.2728,0.2728,0.2728,0,0,0
2019-12-24 12:15:00+00:00,0.2728,0.2728,0.2728,0.2728,0,0,0
2019-12-24 12:20:00+00:00,0.2709,0.2709,0.2709,0.2709,0,0,0
2019-12-24 12:25:00+00:00,0.2728,0.2728,0.2728,0.2728,0,0,0
2019-12-24 12:30:00+00:00,0.2728,0.2728,0.2728,0.2728,0,0,0
2019-12-24 12:35:00+00:00,0.2728,0.2728,0.2728,0.2728,0,0,0
2019-12-24 12:40:00+00:00,0.2727,0.2727,0.2727,0.2727,0,0,0
2019-12-24 12:45:00+00:00,0.2727,0.2727,0.2727,0.2727,0,0,0
2019-12-24 12:50:00+00:00,0.2726,0.2726,0.2726,0.2726,0,0,0
2019-12-24 12:55:00+00:00,0.271,0.271,0.271,0.271,0,0,0
2019-12-24 13:00:00+00:00,0.2727,0.2727,0.2727,0.2727,0,0,0
2019-12-24 13:05:00+00:00,0.2727,0.2727,0.2727,0.2727,0,0,0
2019-12-24 13:10:00+00:00,0.2727,0.2727,0.2727,0.2727,0,0,0
2019-12-24 13:15:00+00:00,0.2727,0.2727,0.2727,0.2727,0,0,0
2019-12-24 13:20:00+00:00,0.2727,0.2727,0.2727,0.2727,0,0,0
2019-12-24 13:25:00+00:00,0.2727,0.2727,0.2727,0.2727,0,0,0
2019-12-24 13:30:00+00:00,0.2727,0.2727,0.2727,0.2727,0,0,0
2019-12-24 13:35:00+00:00,0.2727,0.2727,0.2727,0.2727,0,0,0
2019-12-24 13:40:00+00:00,0.2727,0.2727,0.2727,0.2727,0,0,0
2019-12-24 13:45:00+00:00,0.2727,0.2727,0.2727,0.2727,0,0,0
2019-12-24 13:50:00+00:00,0.2728,0.2728,0.2728,0.2728,0,0,0
2019-12-24 13:55:00+00:00,0.2728,0.2728,0.2728,0.2728,0,0,0
2019-12-24 14:00:00+00:00,0.2728,0.2728,0.2728,0.2728,0,0,0
2019-12-24 14:05:00+00:00,0.2727,0.2727,0.2727,0.2727,0,0,0
2019-12-24 14:10:00+00:00,0.2727,0.2727,0.2727,0.2727,0,0,0
2019-12-24 14:15:00+00:00,0.2727,0.2727,0.2727,0.2727,0,0,0
2019-12-24 14:20:00+00:00,0.2727,0.2727,0.2727,0.2727,0,0,0
2019-12-24 14:25:00+00:00,0.2728,0.2728,0.2728,0.2728,0,0,0
2019-12-24 14:30:00+00:00,0.2727,0.2727,0.2727,0.2727,0,0,0
2019-12-24 14:35:00+00:00,0.2727,0.2727,0.2727,0.2727,0,0,0
2019-12-24 14:40:00+00:00,0.2727,0.2727,0.2727,0.2727,0,0,0
2019-12-24 14:45:00+00:00,0.2709,0.2709,0.2709,0.2709,0,0,0
2019-12-24 14:50:00+00:00,0.2718,0.2718,0.2718,0.2718,0,0,0
2019-12-24 14:55:00+00:00,0.2727,0.2727,0.2727,0.2727,0,0,0
2019-12-24 15:00:00+00:00,0.2727,0.2727,0.2727,0.2727,0,0,0
2019-12-24 15:05:00+00:00,0.2727,0.2727,0.2727,0.2727,0,0,0
2019-12-24 15:10:00+00:00,0.2728,0.2728,0.2728,0.2728,0,0,0
2019-12-24 15:15:00+00:00,0.2727,0.2727,0.2727,0.2727,0,0,0
2019-12-24 15:20:00+00:00,0.2728,0.2728,0.2728,0.2728,0,0,0
2019-12-24 15:25:00+00:00,0.2727,0.2727,0.2727,0.2727,0,0,0
2019-12-24 15:30:00+00:00,0.2728,0.2728,0.2728,0.2728,0,0,0
2019-12-24 15:35:00+00:00,0.2727,0.2727,0.2727,0.2727,0,0,0
2019-12-24 15:40:00+00:00,0.2727,0.2727,0.2727,0.2727,0,0,0
2019-12-24 15:45:00+00:00,0.2727,0.2727,0.2727,0.2727,0,0,0
2019-12-24 15:50:00+00:00,0.2727,0.2727,0.2727,0.2727,0,0,0
2019-12-24 15:55:00+00:00,0.2726,0.2726,0.2726,0.2726,0,0,0
2019-12-24 16:00:00+00:00,0.2726,0.2726,0.2726,0.2726,0,0,0
2019-12-24 16:05:00+00:00,0.2727,0.2727,0.2727,0.2727,0,0,0
2019-12-24 16:10:00+00:00,0.2726,0.2726,0.2726,0.2726,0,0,0
2019-12-24 16:15:00+00:00,0.2726,0.2726,0.2726,0.2726,0,0,0
2019-12-24 16:20:00+00:00,0.2726,0.2726,0.2726,0.2726,0,0,0
2019-12-24 16:25:00+00:00,0.2726,0.2726,0.2726,0.2726,0,0,0
2019-12-24 16:30:00+00:00,0.2726,0.2726,0.2726,0.2726,0,0,0
2019-12-24 16:35:00+00:00,0.2725,0.2725,0.2725,0.2725,0,0,0
2019-12-24 16:40:00+00:00,0.2726,0.2726,0.2726,0.2726,0,0,0
2019-12-24 16:45:00+00:00,0.2726,0.2726,0.2726,0.2726,0,0,0
2019-12-24 16:50:00+00:00,0.2727,0.2727,0.2727,0.2727,0,0,0
2019-12-24 16:55:00+00:00,0.2726,0.2726,0.2726,0.2726,0,0,0
2019-12-24 17:00:00+00:00,0.2728,0.2728,0.2728,0.2728,0,0,0
2019-12-24 17:05:00+00:00,0.2727,0.2727,0.2727,0.2727,0,0,0
2019-12-24 17:10:00+00:00,0.2727,0.2727,0.2727,0.2727,0,0,0
2019-12-24 17:15:00+00:00,0.2709,0.2709,0.2709,0.2709,0,0,0
2019-12-24 17:20:00+00:00,0.2728,0.2728,0.2728,0.2728,0,0,0
2019-12-24 17:25:00+00:00,0.2727,0.2727,0.2727,0.2727,0,0,0
2019-12-24 17:30:00+00:00,0.2727,0.2727,0.2727,0.2727,0,0,0
2019-12-24 17:35:00+00:00,0.2727,0.2727,0.2727,0.2727,0,0,0
2019-12-24 17:40:00+00:00,0.2727,0.2727,0.2727,0.2727,0,0,0
2019-12-24 17:45:00+00:00,0.2727,0.2727,0.2727,0.2727,0,0,0
2019-12-24 17:50:00+00:00,0.2727,0.2727,0.2727,0.2727,0,0,0
2019-12-24 17:55:00+00:00,0.2727,0.2727,0.2727,0.2727,0,0,0
2019-12-24 18:00:00+00:00,0.2725,0.2725,0.2725,0.2725,0,0,0
2019-12-24 18:05:00+00:00,0.2724,0.2724,0.2724,0.2724,0,0,0
2019-12-24 18:10:00+00:00,0.2725,0.2725,0.2725,0.2725,0,0,0
2019-12-24 18:15:00+00:00,0.2726,0.2726,0.2726,0.2726,0,0,0
2019-12-24 18:20:00+00:00,0.2727,0.2727,0.2727,0.2727,0,0,0
2019-12-24 18:25:00+00:00,0.2727,0.2727,0.2727,0.2727,0,0,0
2019-12-24 18:30:00+00:00,0.2726,0.2726,0.2726,0.2726,0,0,0
2019-12-24 18:35:00+00:00,0.2726,0.2726,0.2726,0.2726,0,0,0
2019-12-24 18:40:00+00:00,0.2726,0.2726,0.2726,0.2726,0,0,0
2019-12-24 18:45:00+00:00,0.2726,0.2726,0.2726,0.2726,0,0,0
2019-12-24 18:50:00+00:00,0.2726,0.2726,0.2726,0.2726,0,0,0
2019-12-24 18:55:00+00:00,0.2726,0.2726,0.2726,0.2726,0,0,0
2019-12-24 19:00:00+00:00,0.2727,0.2727,0.2727,0.2727,0,0,0
2019-12-24 19:05:00+00:00,0.2727,0.2727,0.2727,0.2727,0,0,0
2019-12-24 19:10:00+00:00,0.2727,0.2727,0.2727,0.2727,0,0,0
2019-12-24 19:15:00+00:00,0.2726,0.2726,0.2726,0.2726,0,0,0
2019-12-24 19:20:00+00:00,0.2727,0.2727,0.2727,0.2727,0,0,0
2019-12-24 19:25:00+00:00,0.2726,0.2726,0.2726,0.2726,0,0,0
2019-12-24 19:30:00+00:00,0.2727,0.2727,0.2727,0.2727,0,0,0
2019-12-24 19:35:00+00:00,0.2726,0.2726,0.2726,0.2726,0,0,0
2019-12-24 19:40:00+00:00,0.2726,0.2726,0.2726,0.2726,0,0,0
2019-12-24 19:45:00+00:00,0.2727,0.2727,0.2727,0.2727,0,0,0
2019-12-24 19:50:00+00:00,0.2727,0.2727,0.2727,0.2727,0,0,0
2019-12-24 19:55:00+00:00,0.2727,0.2727,0.2727,0.2727,0,0,0
2019-12-24 20:00:00+00:00,0.2716,0.2716,0.2716,0.2716,0,0,0
2019-12-24 20:05:00+00:00,0.2727,0.2727,0.2727,0.2727,0,0,0
2019-12-24 20:10:00+00:00,0.2727,0.2727,0.2727,0.2727,0,0,0
2019-12-24 20:15:00+00:00,0.2727,0.2727,0.2727,0.2727,0,0,0
2019-12-24 20:20:00+00:00,0.2727,0.2727,0.2727,0.2727,0,0,0
2019-12-24 20:25:00+00:00,0.2727,0.2727,0.2727,0.2727,0,0,0
2019-12-24 20:30:00+00:00,0.2715,0.2715,0.2715,0.2715,0,0,0
2019-12-24 20:35:00+00:00,0.2726,0.2726,0.2726,0.2726,0,0,0
2019-12-24 20:40:00+00:00,0.271,0.271,0.271,0.271,0,0,0
2019-12-24 20:45:00+00:00,0.2729,0.2729,0.2729,0.2729,0,0,0
2019-12-24 20:50:00+00:00,0.2728,0.2728,0.2728,0.2728,0,0,0
2019-12-24 20:55:00+00:00,0.2728,0.2728,0.2728,0.2728,0,0,0
2019-12-24 21:00:00+00:00,0.2732,0.2732,0.2732,0.2732,0,0,0
2019-12-24 21:05:00+00:00,0.272,0.272,0.272,0.272,0,0,0
2019-12-24 21:10:00+00:00,0.272,0.272,0.272,0.272,0,0,0
2019-12-24 21:15:00+00:00,0.2722,0.2722,0.2722,0.2722,0,0,0
2019-12-24 21:20:00+00:00,0.2723,0.2723,0.2723,0.2723,0,0,0
2019-12-24 21:25:00+00:00,0.2723,0.2723,0.2723,0.2723,0,0,0
2019-12-24 21:30:00+00:00,0.2724,0.2724,0.2724,0.2724,0,0,0
2019-12-24 21:35:00+00:00,0.2723,0.2723,0.2723,0.2723,0,0,0
2019-12-24 21:40:00+00:00,0.2713,0.2713,0.2713,0.2713,0,0,0
2019-12-24 21:45:00+00:00,0.2721,0.2721,0.2721,0.2721,0,0,0
2019-12-24 21:50:00+00:00,0.2713,0.2713,0.2713,0.2713,0,0,0
2019-12-24 21:55:00+00:00,0.2719,0.2719,0.2719,0.2719,0,0,0
2019-12-24 22:00:00+00:00,0.2712,0.2712,0.2712,0.2712,0,0,0
2019-12-24 22:05:00+00:00,0.2712,0.2712,0.2712,0.2712,0,0,0
2019-12-24 22:10:00+00:00,0.272,0.272,0.272,0.272,0,0,0
2019-12-24 22:15:00+00:00,0.2721,0.2721,0.2721,0.2721,0,0,0
2019-12-24 22:20:00+00:00,0.272,0.272,0.272,0.272,0,0,0
2019-12-24 22:25:00+00:00,0.2722,0.2722,0.2722,0.2722,0,0,0
2019-12-24 22:30:00+00:00,0.2713,0.2713,0.2713,0.2713,0,0,0
2019-12-24 22:35:00+00:00,0.2713,0.2713,0.2713,0.2713,0,0,0
2019-12-24 22:40:00+00:00,0.2721,0.2721,0.2721,0.2721,0,0,0
2019-12-24 22:45:00+00:00,0.2721,0.2721,0.2721,0.2721,0,0,0
2019-12-24 22:50:00+00:00,0.2721,0.2721,0.2721,0.2721,0,0,0
2019-12-24 22:55:00+00:00,0.2714,0.2714,0.2714,0.2714,0,0,0
2019-12-24 23:00:00+00:00,0.2721,0.2721,0.2721,0.2721,0,0,0
2019-12-24 23:05:00+00:00,0.272,0.272,0.272,0.272,0,0,0
2019-12-24 23:10:00+00:00,0.2722,0.2722,0.2722,0.2722,0,0,0
2019-12-24 23:15:00+00:00,0.2722,0.2722,0.2722,0.2722,0,0,0
2019-12-24 23:20:00+00:00,0.2722,0.2722,0.2722,0.2722,0,0,0
2019-12-24 23:25:00+00:00,0.2722,0.2722,0.2722,0.2722,0,0,0
2019-12-24 23:30:00+00:00,0.2721,0.2721,0.2721,0.2721,0,0,0
2019-12-24 23:35:00+00:00,0.2721,0.2721,0.2721,0.2721,0,0,0
2019-12-24 23:40:00+00:00,0.2722,0.2722,0.2722,0.2722,0,0,0
2019-12-24 23:45:00+00:00,0.2722,0.2722,0.2722,0.2722,0,0,0
2019-12-24 23:50:00+00:00,0.2714,0.2714,0.2714,0.2714,0,0,0
2019-12-24 23:55:00+00:00,0.2722,0.2722,0.2722,0.2722,0,0,0
2019-12-25 00:00:00+00:00,0.2722,0.2722,0.2722,0.2722,0,0,0
2019-12-25 00:05:00+00:00,0.2722,0.2722,0.2722,0.2722,0,0,0
2019-12-25 00:10:00+00:00,0.2722,0.2722,0.2722,0.2722,0,0,0
2019-12-25 00:15:00+00:00,0.2721,0.2721,0.2721,0.2721,0,0,0
2019-12-25 00:20:00+00:00,0.2721,0.2721,0.2721,0.2721,0,0,0
2019-12-25 00:25:00+00:00,0.2722,0.2722,0.2722,0.2722,0,0,0
2019-12-25 00:30:00+00:00,0.2721,0.2721,0.2721,0.2721,0,0,0
2019-12-25 00:35:00+00:00,0.2714,0.2714,0.2714,0.2714,0,0,0
2019-12-25 00:40:00+00:00,0.2718,0.2718,0.2718,0.2718,0,0,0
2019-12-25 00:45:00+00:00,0.2709,0.2709,0.2709,0.2709,0,0,0
2019-12-25 00:50:00+00:00,0.2716,0.2716,0.2716,0.2716,0,0,0
2019-12-25 00:55:00+00:00,0.2709,0.2709,0.2709,0.2709,0,0,0
2019-12-25 01:00:00+00:00,0.2707,0.2707,0.2707,0.2707,0,0,0
2019-12-25 01:05:00+00:00,0.2715,0.2715,0.2715,0.2715,0,0,0
2019-12-25 01:10:00+00:00,0.2716,0.2716,0.2716,0.2716,0,0,0
2019-12-25 01:15:00+00:00,0.2716,0.2716,0.2716,0.2716,0,0,0
2019-12-25 01:20:00+00:00,0.2717,0.2717,0.2717,0.2717,0,0,0
2019-12-25 01:25:00+00:00,0.2717,0.2717,0.2717,0.2717,0,0,0
2019-12-25 01:30:00+00:00,0.2717,0.2717,0.2717,0.2717,0,0,0
2019-12-25 01:35:00+00:00,0.2708,0.2708,0.2708,0.2708,0,0,0
2019-12-25 01:40:00+00:00,0.2717,0.2717,0.2717,0.2717,0,0,0
2019-12-25 01:45:00+00:00,0.2718,0.2718,0.2718,0.2718,0,0,0
2019-12-25 01:50:00+00:00,0.2716,0.2716,0.2716,0.2716,0,0,0
2019-12-25 01:55:00+00:00,0.2716,0.2716,0.2716,0.2716,0,0,0
2019-12-25 02:00:00+00:00,0.2716,0.2716,0.2716,0.2716,0,0,0
2019-12-25 02:05:00+00:00,0.2716,0.2716,0.2716,0.2716,0,0,0
2019-12-25 02:10:00+00:00,0.2717,0.2717,0.2717,0.2717,0,0,0
2019-12-25 02:15:00+00:00,0.2708,0.2708,0.2708,0.2708,0,0,0
2019-12-25 02:20:00+00:00,0.2717,0.2717,0.2717,0.2717,0,0,0
2019-12-25 02:25:00+00:00,0.2717,0.2717,0.2717,0.2717,0,0,0
2019-12-25 02:30:00+00:00,0.2717,0.2717,0.2717,0.2717,0,0,0
2019-12-25 02:35:00+00:00,0.2717,0.2717,0.2717,0.2717,0,0,0
2019-12-25 02:40:00+00:00,0.2717,0.2717,0.2717,0.2717,0,0,0
2019-12-25 02:45:00+00:00,0.2709,0.2709,0.2709,0.2709,0,0,0
2019-12-25 02:50:00+00:00,0.2717,0.2717,0.2717,0.2717,0,0,0
2019-12-25 02:55:00+00:00,0.2708,0.2708,0.2708,0.2708,0,0,0
2019-12-25 03:00:00+00:00,0.2716,0.2716,0.2716,0.2716,0,0,0
2019-12-25 03:05:00+00:00,0.2717,0.2717,0.2717,0.2717,0,0,0
2019-12-25 03:10:00+00:00,0.2717,0.2717,0.2717,0.2717,0,0,0
2019-12-25 03:15:00+00:00,0.2708,0.2708,0.2708,0.2708,0,0,0
2019-12-25 03:20:00+00:00,0.2717,0.2717,0.2717,0.2717,0,0,0
2019-12-25 03:25:00+00:00,0.2716,0.2716,0.2716,0.2716,0,0,0
2019-12-25 03:30:00+00:00,0.2717,0.2717,0.2717,0.2717,0,0,0
2019-12-25 03:35:00+00:00,0.2717,0.2717,0.2717,0.2717,0,0,0
2019-12-25 03:40:00+00:00,0.2717,0.2717,0.2717,0.2717,0,0,0
2019-12-25 03:45:00+00:00,0.2717,0.2717,0.2717,0.2717,0,0,0
2019-12-25 03:50:00+00:00,0.2716,0.2716,0.2716,0.2716,0,0,0
2019-12-25 03:55:00+00:00,0.2716,0.2716,0.2716,0.2716,0,0,0
2019-12-25 04:00:00+00:00,0.2715,0.2715,0.2715,0.2715,0,0,0
2019-12-25 04:05:00+00:00,0.2718,0.2718,0.2718,0.2718,0,0,0
2019-12-25 04:10:00+00:00,0.2716,0.2716,0.2716,0.2716,0,0,0
2019-12-25 04:15:00+00:00,0.2711,0.2711,0.2711,0.2711,0,0,0
2019-12-25 04:20:00+00:00,0.2718,0.2718,0.2718,0.2718,0,0,0
2019-12-25 04:25:00+00:00,0.2711,0.2711,0.2711,0.2711,0,0,0
2019-12-25 04:30:00+00:00,0.2717,0.2717,0.2717,0.2717,0,0,0
2019-12-25 04:35:00+00:00,0.2709,0.2709,0.2709,0.2709,0,0,0
2019-12-25 04:40:00+00:00,0.2718,0.2718,0.2718,0.2718,0,0,0
2019-12-25 04:45:00+00:00,0.2717,0.2717,0.2717,0.2717,0,0,0
2019-12-25 04:50:00+00:00,0.2717,0.2717,0.2717,0.2717,0,0,0
2019-12-25 04:55:00+00:00,0.2717,0.2717,0.2717,0.2717,0,0,0
2019-12-25 05:00:00+00:00,0.2717,0.2717,0.2717,0.2717,0,0,0
2019-12-25 05:05:00+00:00,0.2718,0.2718,0.2718,0.2718,0,0,0
2019-12-25 05:10:00+00:00,0.2709,0.2709,0.2709,0.2709,0,0,0
2019-12-25 05:15:00+00:00,0.2717,0.2717,0.2717,0.2717,0,0,0
2019-12-25 05:20:00+00:00,0.2716,0.2716,0.2716,0.2716,0,0,0
2019-12-25 05:25:00+00:00,0.2717,0.2717,0.2717,0.2717,0,0,0
2019-12-25 05:30:00+00:00,0.2709,0.2709,0.2709,0.2709,0,0,0
2019-12-25 05:35:00+00:00,0.2717,0.2717,0.2717,0.2717,0,0,0
2019-12-25 05:40:00+00:00,0.2709,0.2709,0.2709,0.2709,0,0,0
2019-12-25 05:45:00+00:00,0.2709,0.2709,0.2709,0.2709,0,0,0
2019-12-25 05:50:00+00:00,0.2718,0.2718,0.2718,0.2718,0,0,0
2019-12-25 05:55:00+00:00,0.271,0.271,0.271,0.271,0,0,0
2019-12-25 06:00:00+00:00,0.2709,0.2709,0.2709,0.2709,0,0,0
2019-12-25 06:05:00+00:00,0.2718,0.2718,0.2718,0.2718,0,0,0
2019-12-25 06:10:00+00:00,0.2718,0.2718,0.2718,0.2718,0,0,0
2019-12-25 06:15:00+00:00,0.2718,0.2718,0.2718,0.2718,0,0,0
2019-12-25 06:20:00+00:00,0.2718,0.2718,0.2718,0.2718,0,0,0
2019-12-25 06:25:00+00:00,0.2709,0.2709,0.2709,0.2709,0,0,0
2019-12-25 06:30:00+00:00,0.2709,0.2709,0.2709,0.2709,0,0,0
2019-12-25 06:35:00+00:00,0.2718,0.2718,0.2718,0.2718,0,0,0
2019-12-25 06:40:00+00:00,0.2718,0.2718,0.2718,0.2718,0,0,0
2019-12-25 06:45:00+00:00,0.2718,0.2718,0.2718,0.2718,0,0,0
2019-12-25 06:50:00+00:00,0.2718,0.2718,0.2718,0.2718,0,0,0
2019-12-25 06:55:00+00:00,0.271,0.271,0.271,0.271,0,0,0
2019-12-25 07:00:00+00:00,0.2707,0.2707,0.2707,0.2707,0,0,0
2019-12-25 07:05:00+00:00,0.2716,0.2716,0.2716,0.2716,0,0,0
2019-12-25 07:10:00+00:00,0.2726,0.2726,0.2726,0.2726,0,0,0
2019-12-25 07:15:00+00:00,0.2726,0.2726,0.2726,0.2726,0,0,0
2019-12-25 07:20:00+00:00,0.2725,0.2725,0.2725,0.2725,0,0,0
2019-12-25 07:25:00+00:00,0.2725,0.2725,0.2725,0.2725,0,0,0
2019-12-25 07:30:00+00:00,0.2726,0.2726,0.2726,0.2726,0,0,0
2019-12-25 07:35:00+00:00,0.2717,0.2717,0.2717,0.2717,0,0,0
2019-12-25 07:40:00+00:00,0.2727,0.2727,0.2727,0.2727,0,0,0
2019-12-25 07:45:00+00:00,0.2727,0.2727,0.2727,0.2727,0,0,0
2019-12-25 07:50:00+00:00,0.2727,0.2727,0.2727,0.2727,0,0,0
2019-12-25 07:55:00+00:00,0.2725,0.2725,0.2725,0.2725,0,0,0
2019-12-25 08:00:00+00:00,0.2737,0.2737,0.2737,0.2737,0,0,0
2019-12-25 08:05:00+00:00,0.2738,0.2738,0.2738,0.2738,0,0,0
2019-12-25 08:10:00+00:00,0.2733,0.2733,0.2733,0.2733,0,0,0
2019-12-25 08:15:00+00:00,0.2733,0.2733,0.2733,0.2733,0,0,0
2019-12-25 08:20:00+00:00,0.2733,0.2733,0.2733,0.2733,0,0,0
2019-12-25 08:25:00+00:00,0.2734,0.2734,0.2734,0.2734,0,0,0
2019-12-25 08:30:00+00:00,0.2734,0.2734,0.2734,0.2734,0,0,0
2019-12-25 08:35:00+00:00,0.2742,0.2742,0.2742,0.2742,0,0,0
2019-12-25 08:40:00+00:00,0.2742,0.2742,0.2742,0.2742,0,0,0
2019-12-25 08:45:00+00:00,0.2742,0.2742,0.2742,0.2742,0,0,0
2019-12-25 08:50:00+00:00,0.2723,0.2723,0.2723,0.2723,0,0,0
2019-12-25 08:55:00+00:00,0.2741,0.2741,0.2741,0.2741,0,0,0
2019-12-25 09:00:00+00:00,0.2741,0.2741,0.2741,0.2741,0,0,0
2019-12-25 10:15:00+00:00,0.2743,0.2743,0.2743,0.2743,0,0,0
2019-12-25 10:20:00+00:00,0.2743,0.2743,0.2743,0.2743,0,0,0
2019-12-25 10:25:00+00:00,0.2725,0.2725,0.2725,0.2725,0,0,0
2019-12-25 10:30:00+00:00,0.2743,0.2743,0.2743,0.2743,0,0,0
2019-12-25 10:35:00+00:00,0.2725,0.2725,0.2725,0.2725,0,0,0
2019-12-25 10:40:00+00:00,0.2743,0.2743,0.2743,0.2743,0,0,0
2019-12-25 10:50:00+00:00,0.2744,0.2744,0.2744,0.2744,0,0,0
2019-12-25 10:55:00+00:00,0.2744,0.2744,0.2744,0.2744,0,0,0
2019-12-25 11:00:00+00:00,0.2744,0.2744,0.2744,0.2744,0,0,0
2019-12-25 11:05:00+00:00,0.2744,0.2744,0.2744,0.2744,0,0,0
2019-12-25 11:10:00+00:00,0.2744,0.2744,0.2744,0.2744,0,0,0
2019-12-25 11:15:00+00:00,0.2744,0.2744,0.2744,0.2744,0,0,0
2019-12-25 11:20:00+00:00,0.2724,0.2724,0.2724,0.2724,0,0,0
2019-12-25 11:25:00+00:00,0.2742,0.2742,0.2742,0.2742,0,0,0
2019-12-25 11:30:00+00:00,0.2741,0.2741,0.2741,0.2741,0,0,0
2019-12-25 11:35:00+00:00,0.2741,0.2741,0.2741,0.2741,0,0,0
2019-12-25 11:40:00+00:00,0.2741,0.2741,0.2741,0.2741,0,0,0
2019-12-25 11:45:00+00:00,0.2741,0.2741,0.2741,0.2741,0,0,0
2019-12-25 13:25:00+00:00,0.2721,0.2721,0.2721,0.2721,0,0,0
2019-12-25 13:30:00+00:00,0.272,0.272,0.272,0.272,0,0,0
2019-12-25 13:35:00+00:00,0.2737,0.2737,0.2737,0.2737,0,0,0
2019-12-25 13:40:00+00:00,0.272,0.272,0.272,0.272,0,0,0
2019-12-25 13:45:00+00:00,0.2737,0.2737,0.2737,0.2737,0,0,0
2019-12-25 13:50:00+00:00,0.2737,0.2737,0.2737,0.2737,0,0,0
2019-12-25 13:55:00+00:00,0.2737,0.2737,0.2737,0.2737,0,0,0
2019-12-25 14:00:00+00:00,0.2738,0.2738,0.2738,0.2738,0,0,0
2019-12-25 14:05:00+00:00,0.2738,0.2738,0.2738,0.2738,0,0,0
2019-12-25 14:10:00+00:00,0.2739,0.2739,0.2739,0.2739,0,0,0
2019-12-25 14:15:00+00:00,0.2739,0.2739,0.2739,0.2739,0,0,0
2019-12-25 14:20:00+00:00,0.2719,0.2719,0.2719,0.2719,0,0,0
2019-12-25 14:25:00+00:00,0.2738,0.2738,0.2738,0.2738,0,0,0
2019-12-25 14:30:00+00:00,0.2742,0.2742,0.2742,0.2742,0,0,0
2019-12-25 14:35:00+00:00,0.2742,0.2742,0.2742,0.2742,0,0,0
2019-12-25 14:40:00+00:00,0.2743,0.2743,0.2743,0.2743,0,0,0
2019-12-25 14:45:00+00:00,0.2747,0.2747,0.2747,0.2747,0,0,0
2019-12-25 14:50:00+00:00,0.2749,0.2749,0.2749,0.2749,0,0,0
2019-12-25 14:55:00+00:00,0.2749,0.2749,0.2749,0.2749,0,0,0
2019-12-25 15:00:00+00:00,0.2749,0.2749,0.2749,0.2749,0,0,0
2019-12-25 15:05:00+00:00,0.2749,0.2749,0.2749,0.2749,0,0,0
2019-12-25 15:10:00+00:00,0.2749,0.2749,0.2749,0.2749,0,0,0
2019-12-25 15:15:00+00:00,0.2748,0.2748,0.2748,0.2748,0,0,0
2019-12-25 15:20:00+00:00,0.2733,0.2733,0.2733,0.2733,0,0,0
2019-12-25 15:25:00+00:00,0.2728,0.2728,0.2728,0.2728,0,0,0
2019-12-25 15:30:00+00:00,0.2749,0.2749,0.2749,0.2749,0,0,0
2019-12-25 15:35:00+00:00,0.2733,0.2733,0.2733,0.2733,0,0,0
2019-12-25 15:40:00+00:00,0.2729,0.2729,0.2729,0.2729,0,0,0
2019-12-25 15:45:00+00:00,0.2733,0.2733,0.2733,0.2733,0,0,0
2019-12-25 15:50:00+00:00,0.2729,0.2729,0.2729,0.2729,0,0,0
2019-12-25 15:55:00+00:00,0.2734,0.2734,0.2734,0.2734,0,0,0
2019-12-25 16:00:00+00:00,0.2749,0.2749,0.2749,0.2749,0,0,0
